path_id,meter_x,meter_y
0,0.7484,-0.06359999999999999
0,0.7484,-0.0624
0,0.7484,-0.0612
0,0.7484,-0.06
0,0.7496,-0.0588
0,0.7496,-0.0576
0,0.7496,-0.05639999999999999
0,0.7496,-0.05519999999999999
0,0.7496,-0.05399999999999999
0,0.7496,-0.05279999999999999
0,0.7496,-0.05159999999999999
0,0.7496,-0.05039999999999999
0,0.7496,-0.049199999999999994
0,0.7496,-0.047999999999999994
0,0.7496,-0.046799999999999994
0,0.7496,-0.045599999999999995
0,0.7496,-0.044399999999999995
0,0.7496,-0.043199999999999995
0,0.7496,-0.041999999999999996
0,0.7496,-0.040799999999999996
0,0.7484,-0.039599999999999996
0,0.7484,-0.0384
0,0.7484,-0.0372
0,0.7484,-0.036
0,0.7484,-0.0348
0,0.7484,-0.036
0,0.7484,-0.0372
0,0.7484,-0.0384
0,0.7484,-0.039599999999999996
0,0.7496,-0.040799999999999996
0,0.7496,-0.041999999999999996
0,0.7496,-0.043199999999999995
0,0.7496,-0.044399999999999995
0,0.7496,-0.045599999999999995
0,0.7496,-0.046799999999999994
0,0.7496,-0.047999999999999994
0,0.7496,-0.049199999999999994
0,0.7496,-0.05039999999999999
0,0.7496,-0.05159999999999999
0,0.7496,-0.05279999999999999
0,0.7496,-0.05399999999999999
0,0.7496,-0.05519999999999999
0,0.7496,-0.05639999999999999
0,0.7496,-0.0576
0,0.7496,-0.0588
0,0.7484,-0.06
0,0.7484,-0.0612
0,0.7484,-0.0624
1,0.7243999999999999,-0.0012
1,0.7232,0.0
1,0.7232,0.0012
1,0.7232,0.0024
1,0.7232,0.0036
1,0.7232,0.0048
1,0.7232,0.005999999999999999
1,0.7243999999999999,0.0072
1,0.7256,0.0084
1,0.7268,0.0096
1,0.728,0.0096
1,0.7292,0.010799999999999999
1,0.7303999999999999,0.010799999999999999
1,0.7316,0.010799999999999999
1,0.7328,0.010799999999999999
1,0.734,0.010799999999999999
1,0.7352,0.010799999999999999
1,0.7363999999999999,0.010799999999999999
1,0.7376,0.010799999999999999
1,0.7388,0.0096
1,0.74,0.0084
1,0.7412,0.0072
1,0.7424,0.005999999999999999
1,0.7424,0.0048
1,0.7424,0.0036
1,0.7424,0.0024
1,0.7436,0.0012
1,0.7424,0.0
1,0.7412,-0.0012
1,0.74,-0.0012
1,0.7388,-0.0024
1,0.7376,-0.0024
1,0.7363999999999999,-0.0024
1,0.7352,-0.0024
1,0.734,-0.0024
1,0.7328,-0.0024
1,0.7316,-0.0024
1,0.7303999999999999,-0.0024
1,0.7292,-0.0024
1,0.728,-0.0024
1,0.7268,-0.0024
1,0.7256,-0.0024
2,0.7232,0.0
2,0.7243999999999999,-0.0012
2,0.7256,-0.0024
2,0.7268,-0.0024
2,0.728,-0.0024
2,0.7292,-0.0024
2,0.7303999999999999,-0.0024
2,0.7316,-0.0024
2,0.7328,-0.0024
2,0.734,-0.0024
2,0.7352,-0.0024
2,0.7363999999999999,-0.0024
2,0.7376,-0.0024
2,0.7388,-0.0024
2,0.74,-0.0012
2,0.7412,-0.0012
2,0.7424,0.0
2,0.7436,0.0012
2,0.7424,0.0024
2,0.7424,0.0036
2,0.7424,0.0048
2,0.7424,0.005999999999999999
2,0.7412,0.0072
2,0.74,0.0084
2,0.7388,0.0096
2,0.7376,0.010799999999999999
2,0.7363999999999999,0.010799999999999999
2,0.7352,0.010799999999999999
2,0.734,0.010799999999999999
2,0.7328,0.010799999999999999
2,0.7316,0.010799999999999999
2,0.7303999999999999,0.010799999999999999
2,0.7292,0.010799999999999999
2,0.728,0.0096
2,0.7268,0.0096
2,0.7256,0.0084
2,0.7243999999999999,0.0072
2,0.7232,0.005999999999999999
2,0.7232,0.0048
2,0.7232,0.0036
2,0.7232,0.0024
2,0.7232,0.0012
3,0.6968,0.06599999999999999
3,0.6956,0.0672
3,0.6956,0.06839999999999999
3,0.6956,0.0696
3,0.6956,0.07079999999999999
3,0.6956,0.072
3,0.6968,0.07319999999999999
3,0.6968,0.0744
3,0.698,0.07559999999999999
3,0.6992,0.0768
3,0.7004,0.078
3,0.7016,0.07919999999999999
3,0.7028,0.07919999999999999
3,0.704,0.0804
3,0.7052,0.0804
3,0.7063999999999999,0.08159999999999999
3,0.7076,0.08159999999999999
3,0.7088,0.08159999999999999
3,0.71,0.08159999999999999
3,0.7111999999999999,0.08159999999999999
3,0.7123999999999999,0.0828
3,0.7136,0.0828
3,0.7148,0.0828
3,0.716,0.0828
3,0.7172,0.0828
3,0.7183999999999999,0.0828
3,0.7196,0.0828
3,0.7208,0.0828
3,0.722,0.0828
3,0.7232,0.0828
3,0.7243999999999999,0.0828
3,0.7256,0.0828
3,0.7268,0.0828
3,0.728,0.0828
3,0.7292,0.08159999999999999
3,0.7303999999999999,0.08159999999999999
3,0.7316,0.08159999999999999
3,0.7328,0.08159999999999999
3,0.734,0.08159999999999999
3,0.7352,0.0804
3,0.7363999999999999,0.0804
3,0.7376,0.0804
3,0.7388,0.07919999999999999
3,0.74,0.078
3,0.7412,0.0768
3,0.7424,0.07559999999999999
3,0.7436,0.0744
3,0.7436,0.07319999999999999
3,0.7436,0.072
3,0.7436,0.07079999999999999
3,0.7436,0.0696
3,0.7436,0.06839999999999999
3,0.7436,0.0672
3,0.7436,0.06599999999999999
3,0.7436,0.0648
3,0.7424,0.06359999999999999
3,0.7424,0.0624
3,0.7412,0.0612
3,0.74,0.06
3,0.7388,0.06
3,0.7376,0.0588
3,0.7363999999999999,0.0588
3,0.7352,0.0588
3,0.734,0.0576
3,0.7328,0.0576
3,0.7316,0.0576
3,0.7303999999999999,0.05639999999999999
3,0.7292,0.05639999999999999
3,0.728,0.05639999999999999
3,0.7268,0.05639999999999999
3,0.7256,0.05639999999999999
3,0.7243999999999999,0.05639999999999999
3,0.7232,0.05639999999999999
3,0.722,0.05639999999999999
3,0.7208,0.05639999999999999
3,0.7196,0.05639999999999999
3,0.7183999999999999,0.05639999999999999
3,0.7172,0.05639999999999999
3,0.716,0.05639999999999999
3,0.7148,0.05639999999999999
3,0.7136,0.05639999999999999
3,0.7123999999999999,0.05639999999999999
3,0.7111999999999999,0.05639999999999999
3,0.71,0.05639999999999999
3,0.7088,0.05639999999999999
3,0.7076,0.0576
3,0.7063999999999999,0.0576
3,0.7052,0.0576
3,0.704,0.0588
3,0.7028,0.0588
3,0.7016,0.06
3,0.7004,0.0612
3,0.6992,0.0624
3,0.698,0.06359999999999999
3,0.6968,0.0648
4,0.6968,0.0012
4,0.698,0.0
4,0.6992,-0.0012
4,0.7004,-0.0024
4,0.7016,-0.0024
4,0.7028,-0.0024
4,0.704,-0.0024
4,0.7052,-0.0024
4,0.7063999999999999,-0.0024
4,0.7076,-0.0024
4,0.7088,-0.0024
4,0.71,-0.0024
4,0.7111999999999999,-0.0024
4,0.7123999999999999,-0.0024
4,0.7136,-0.0012
4,0.7123999999999999,-0.0024
4,0.7111999999999999,-0.0024
4,0.71,-0.0024
4,0.7088,-0.0024
4,0.7076,-0.0024
4,0.7063999999999999,-0.0024
4,0.7052,-0.0024
4,0.704,-0.0024
4,0.7028,-0.0024
4,0.7016,-0.0024
4,0.7004,-0.0024
4,0.6992,-0.0012
4,0.698,0.0
4,0.6968,0.0012
4,0.698,0.0024
4,0.698,0.0036
4,0.698,0.0048
4,0.6992,0.005999999999999999
4,0.7004,0.0072
4,0.7016,0.0084
4,0.7028,0.0084
4,0.704,0.0096
4,0.7052,0.0096
4,0.7063999999999999,0.0096
4,0.7076,0.0096
4,0.7088,0.0084
4,0.71,0.0084
4,0.7111999999999999,0.0084
4,0.7123999999999999,0.0072
4,0.7136,0.005999999999999999
4,0.7148,0.0048
4,0.7136,0.0036
4,0.7148,0.0024
4,0.7136,0.0012
4,0.7148,0.0024
4,0.7136,0.0036
4,0.7148,0.0048
4,0.7136,0.005999999999999999
4,0.7123999999999999,0.0072
4,0.7111999999999999,0.0084
4,0.71,0.0084
4,0.7088,0.0084
4,0.7076,0.0096
4,0.7063999999999999,0.0096
4,0.7052,0.0096
4,0.704,0.0096
4,0.7028,0.0084
4,0.7016,0.0084
4,0.7004,0.0072
4,0.6992,0.005999999999999999
4,0.698,0.0048
4,0.698,0.0036
4,0.698,0.0024
5,0.6956,0.0672
5,0.6968,0.06599999999999999
5,0.6968,0.0648
5,0.698,0.06359999999999999
5,0.6992,0.0624
5,0.7004,0.0612
5,0.7016,0.06
5,0.7028,0.0588
5,0.704,0.0588
5,0.7052,0.0576
5,0.7063999999999999,0.0576
5,0.7076,0.0576
5,0.7088,0.05639999999999999
5,0.71,0.05639999999999999
5,0.7111999999999999,0.05639999999999999
5,0.7123999999999999,0.05639999999999999
5,0.7136,0.05639999999999999
5,0.7148,0.05639999999999999
5,0.716,0.05639999999999999
5,0.7172,0.05639999999999999
5,0.7183999999999999,0.05639999999999999
5,0.7196,0.05639999999999999
5,0.7208,0.05639999999999999
5,0.722,0.05639999999999999
5,0.7232,0.05639999999999999
5,0.7243999999999999,0.05639999999999999
5,0.7256,0.05639999999999999
5,0.7268,0.05639999999999999
5,0.728,0.05639999999999999
5,0.7292,0.05639999999999999
5,0.7303999999999999,0.05639999999999999
5,0.7316,0.0576
5,0.7328,0.0576
5,0.734,0.0576
5,0.7352,0.0588
5,0.7363999999999999,0.0588
5,0.7376,0.0588
5,0.7388,0.06
5,0.74,0.06
5,0.7412,0.0612
5,0.7424,0.0624
5,0.7424,0.06359999999999999
5,0.7436,0.0648
5,0.7436,0.06599999999999999
5,0.7436,0.0672
5,0.7436,0.06839999999999999
5,0.7436,0.0696
5,0.7436,0.07079999999999999
5,0.7436,0.072
5,0.7436,0.07319999999999999
5,0.7436,0.0744
5,0.7424,0.07559999999999999
5,0.7412,0.0768
5,0.74,0.078
5,0.7388,0.07919999999999999
5,0.7376,0.0804
5,0.7363999999999999,0.0804
5,0.7352,0.0804
5,0.734,0.08159999999999999
5,0.7328,0.08159999999999999
5,0.7316,0.08159999999999999
5,0.7303999999999999,0.08159999999999999
5,0.7292,0.08159999999999999
5,0.728,0.0828
5,0.7268,0.0828
5,0.7256,0.0828
5,0.7243999999999999,0.0828
5,0.7232,0.0828
5,0.722,0.0828
5,0.7208,0.0828
5,0.7196,0.0828
5,0.7183999999999999,0.0828
5,0.7172,0.0828
5,0.716,0.0828
5,0.7148,0.0828
5,0.7136,0.0828
5,0.7123999999999999,0.0828
5,0.7111999999999999,0.08159999999999999
5,0.71,0.08159999999999999
5,0.7088,0.08159999999999999
5,0.7076,0.08159999999999999
5,0.7063999999999999,0.08159999999999999
5,0.7052,0.0804
5,0.704,0.0804
5,0.7028,0.07919999999999999
5,0.7016,0.07919999999999999
5,0.7004,0.078
5,0.6992,0.0768
5,0.698,0.07559999999999999
5,0.6968,0.0744
5,0.6968,0.07319999999999999
5,0.6956,0.072
5,0.6956,0.07079999999999999
5,0.6956,0.0696
5,0.6956,0.06839999999999999
6,0.6908,0.06359999999999999
6,0.6896,0.0648
6,0.6896,0.06599999999999999
6,0.6896,0.0672
6,0.6896,0.06839999999999999
6,0.6896,0.0696
6,0.6896,0.07079999999999999
6,0.6896,0.072
6,0.6908,0.07319999999999999
6,0.6908,0.0744
6,0.6908,0.07559999999999999
6,0.6908,0.0768
6,0.6908,0.078
6,0.6908,0.07919999999999999
6,0.6908,0.0804
6,0.692,0.08159999999999999
6,0.692,0.0828
6,0.6932,0.08399999999999999
6,0.6932,0.0852
6,0.6944,0.08639999999999999
6,0.6956,0.0876
6,0.6956,0.08879999999999999
6,0.6968,0.09
6,0.698,0.09119999999999999
6,0.6992,0.0924
6,0.7004,0.09359999999999999
6,0.7016,0.09359999999999999
6,0.7028,0.0948
6,0.704,0.09599999999999999
6,0.7052,0.09599999999999999
6,0.7063999999999999,0.0972
6,0.7076,0.0972
6,0.7088,0.09839999999999999
6,0.71,0.09839999999999999
6,0.7111999999999999,0.0996
6,0.7123999999999999,0.0996
6,0.7136,0.0996
6,0.7148,0.0996
6,0.716,0.0996
6,0.7172,0.0996
6,0.7183999999999999,0.10079999999999999
6,0.7196,0.10079999999999999
6,0.7208,0.10079999999999999
6,0.722,0.0996
6,0.7232,0.0996
6,0.7243999999999999,0.0996
6,0.7256,0.0996
6,0.7268,0.0996
6,0.728,0.0996
6,0.7292,0.09839999999999999
6,0.7303999999999999,0.09839999999999999
6,0.7316,0.09839999999999999
6,0.7328,0.09839999999999999
6,0.734,0.0972
6,0.7352,0.0972
6,0.7363999999999999,0.09599999999999999
6,0.7376,0.0948
6,0.7388,0.0948
6,0.74,0.09359999999999999
6,0.7412,0.0924
6,0.7424,0.09119999999999999
6,0.7436,0.09
6,0.7448,0.08879999999999999
6,0.746,0.0876
6,0.746,0.08639999999999999
6,0.7472,0.0852
6,0.7472,0.08399999999999999
6,0.7484,0.0828
6,0.7484,0.08159999999999999
6,0.7484,0.0804
6,0.7496,0.07919999999999999
6,0.7496,0.078
6,0.7496,0.0768
6,0.7496,0.07559999999999999
6,0.7496,0.0744
6,0.7496,0.07319999999999999
6,0.7496,0.072
6,0.7496,0.07079999999999999
6,0.7496,0.0696
6,0.7496,0.06839999999999999
6,0.7496,0.0672
6,0.7496,0.06599999999999999
6,0.7496,0.0648
6,0.7496,0.06359999999999999
6,0.7496,0.0624
6,0.7496,0.0612
6,0.7496,0.06
6,0.7496,0.0588
6,0.7484,0.0576
6,0.7484,0.05639999999999999
6,0.7484,0.05519999999999999
6,0.7472,0.05399999999999999
6,0.7472,0.05279999999999999
6,0.746,0.05159999999999999
6,0.7448,0.05039999999999999
6,0.7436,0.049199999999999994
6,0.7436,0.047999999999999994
6,0.7424,0.046799999999999994
6,0.7412,0.046799999999999994
6,0.74,0.045599999999999995
6,0.7388,0.044399999999999995
6,0.7376,0.043199999999999995
6,0.7363999999999999,0.043199999999999995
6,0.7352,0.041999999999999996
6,0.734,0.041999999999999996
6,0.7328,0.041999999999999996
6,0.7316,0.040799999999999996
6,0.7303999999999999,0.040799999999999996
6,0.7292,0.039599999999999996
6,0.728,0.039599999999999996
6,0.7268,0.039599999999999996
6,0.7256,0.039599999999999996
6,0.7243999999999999,0.039599999999999996
6,0.7232,0.0384
6,0.722,0.0384
6,0.7208,0.0384
6,0.7196,0.0384
6,0.7183999999999999,0.0384
6,0.7172,0.0384
6,0.716,0.0384
6,0.7148,0.039599999999999996
6,0.7136,0.039599999999999996
6,0.7123999999999999,0.039599999999999996
6,0.7111999999999999,0.039599999999999996
6,0.71,0.039599999999999996
6,0.7088,0.040799999999999996
6,0.7076,0.040799999999999996
6,0.7063999999999999,0.041999999999999996
6,0.7052,0.041999999999999996
6,0.704,0.043199999999999995
6,0.7028,0.044399999999999995
6,0.7016,0.044399999999999995
6,0.7004,0.045599999999999995
6,0.6992,0.046799999999999994
6,0.698,0.047999999999999994
6,0.6968,0.049199999999999994
6,0.6956,0.05039999999999999
6,0.6956,0.05159999999999999
6,0.6944,0.05279999999999999
6,0.6932,0.05399999999999999
6,0.6932,0.05519999999999999
6,0.692,0.05639999999999999
6,0.692,0.0576
6,0.6908,0.0588
6,0.6908,0.06
6,0.6908,0.0612
6,0.6908,0.0624
7,0.6908,-0.023999999999999997
7,0.6908,-0.022799999999999997
7,0.6908,-0.021599999999999998
7,0.6908,-0.020399999999999998
7,0.6908,-0.0192
7,0.6908,-0.018
7,0.6908,-0.0168
7,0.6908,-0.0156
7,0.6908,-0.0144
7,0.6908,-0.013199999999999998
7,0.6908,-0.011999999999999999
7,0.6908,-0.010799999999999999
7,0.6908,-0.0096
7,0.6908,-0.0084
7,0.6908,-0.0072
7,0.6908,-0.005999999999999999
7,0.6908,-0.0048
7,0.6908,-0.0036
7,0.6908,-0.0024
7,0.6908,-0.0012
7,0.6908,0.0
7,0.6908,0.0012
7,0.6908,0.0024
7,0.6908,0.0036
7,0.6908,0.0048
7,0.6908,0.005999999999999999
7,0.6908,0.0072
7,0.6908,0.0084
7,0.6908,0.0096
7,0.6908,0.010799999999999999
7,0.6908,0.011999999999999999
7,0.6908,0.013199999999999998
7,0.692,0.0144
7,0.692,0.0156
7,0.6932,0.0168
7,0.6932,0.018
7,0.6944,0.0192
7,0.6956,0.020399999999999998
7,0.6968,0.021599999999999998
7,0.698,0.022799999999999997
7,0.6992,0.023999999999999997
7,0.7004,0.023999999999999997
7,0.7016,0.025199999999999997
7,0.7028,0.025199999999999997
7,0.704,0.026399999999999996
7,0.7052,0.026399999999999996
7,0.7063999999999999,0.026399999999999996
7,0.7076,0.025199999999999997
7,0.7088,0.025199999999999997
7,0.71,0.025199999999999997
7,0.7111999999999999,0.025199999999999997
7,0.7123999999999999,0.023999999999999997
7,0.7136,0.022799999999999997
7,0.7148,0.022799999999999997
7,0.716,0.021599999999999998
7,0.7172,0.020399999999999998
7,0.7183999999999999,0.020399999999999998
7,0.7196,0.020399999999999998
7,0.7208,0.021599999999999998
7,0.722,0.022799999999999997
7,0.7232,0.023999999999999997
7,0.7243999999999999,0.025199999999999997
7,0.7256,0.026399999999999996
7,0.7268,0.026399999999999996
7,0.728,0.027599999999999996
7,0.7292,0.027599999999999996
7,0.7303999999999999,0.0288
7,0.7316,0.0288
7,0.7328,0.0288
7,0.734,0.0288
7,0.7352,0.027599999999999996
7,0.7363999999999999,0.027599999999999996
7,0.7376,0.027599999999999996
7,0.7388,0.027599999999999996
7,0.74,0.026399999999999996
7,0.7412,0.026399999999999996
7,0.7424,0.025199999999999997
7,0.7436,0.023999999999999997
7,0.7448,0.022799999999999997
7,0.7448,0.021599999999999998
7,0.746,0.020399999999999998
7,0.746,0.0192
7,0.7472,0.018
7,0.7472,0.0168
7,0.7472,0.0156
7,0.7472,0.0144
7,0.7484,0.013199999999999998
7,0.7484,0.011999999999999999
7,0.7484,0.010799999999999999
7,0.7496,0.0096
7,0.7496,0.0084
7,0.7496,0.0072
7,0.7496,0.005999999999999999
7,0.7496,0.0048
7,0.7496,0.0036
7,0.7496,0.0024
7,0.7496,0.0012
7,0.7496,0.0
7,0.7496,-0.0012
7,0.7496,-0.0024
7,0.7496,-0.0036
7,0.7496,-0.0048
7,0.7496,-0.005999999999999999
7,0.7496,-0.0072
7,0.7496,-0.0084
7,0.7496,-0.0096
7,0.7496,-0.010799999999999999
7,0.7496,-0.011999999999999999
7,0.7496,-0.013199999999999998
7,0.7496,-0.0144
7,0.7496,-0.0156
7,0.7496,-0.0168
7,0.7496,-0.018
7,0.7484,-0.0192
7,0.7484,-0.020399999999999998
7,0.7484,-0.021599999999999998
7,0.7472,-0.022799999999999997
7,0.746,-0.022799999999999997
7,0.7448,-0.021599999999999998
7,0.7448,-0.020399999999999998
7,0.7436,-0.0192
7,0.7424,-0.0192
7,0.7412,-0.018
7,0.74,-0.018
7,0.7388,-0.018
7,0.7376,-0.018
7,0.7363999999999999,-0.018
7,0.7352,-0.018
7,0.734,-0.018
7,0.7328,-0.018
7,0.7316,-0.018
7,0.7303999999999999,-0.018
7,0.7292,-0.018
7,0.728,-0.018
7,0.7268,-0.018
7,0.7256,-0.018
7,0.7243999999999999,-0.018
7,0.7232,-0.018
7,0.722,-0.018
7,0.7208,-0.018
7,0.7196,-0.018
7,0.7183999999999999,-0.018
7,0.7172,-0.018
7,0.716,-0.018
7,0.7148,-0.0168
7,0.7136,-0.0168
7,0.7123999999999999,-0.018
7,0.7111999999999999,-0.0168
7,0.71,-0.018
7,0.7088,-0.018
7,0.7076,-0.018
7,0.7063999999999999,-0.018
7,0.7052,-0.018
7,0.704,-0.018
7,0.7028,-0.018
7,0.7016,-0.018
7,0.7004,-0.018
7,0.6992,-0.018
7,0.698,-0.0192
7,0.6968,-0.020399999999999998
7,0.6956,-0.021599999999999998
7,0.6944,-0.022799999999999997
7,0.6944,-0.023999999999999997
7,0.6944,-0.022799999999999997
7,0.6956,-0.021599999999999998
7,0.6968,-0.020399999999999998
7,0.698,-0.0192
7,0.6992,-0.018
7,0.7004,-0.018
7,0.7016,-0.018
7,0.7028,-0.018
7,0.704,-0.018
7,0.7052,-0.018
7,0.7063999999999999,-0.018
7,0.7076,-0.018
7,0.7088,-0.018
7,0.71,-0.018
7,0.7111999999999999,-0.0168
7,0.7123999999999999,-0.018
7,0.7136,-0.0168
7,0.7148,-0.0168
7,0.716,-0.018
7,0.7172,-0.018
7,0.7183999999999999,-0.018
7,0.7196,-0.018
7,0.7208,-0.018
7,0.722,-0.018
7,0.7232,-0.018
7,0.7243999999999999,-0.018
7,0.7256,-0.018
7,0.7268,-0.018
7,0.728,-0.018
7,0.7292,-0.018
7,0.7303999999999999,-0.018
7,0.7316,-0.018
7,0.7328,-0.018
7,0.734,-0.018
7,0.7352,-0.018
7,0.7363999999999999,-0.018
7,0.7376,-0.018
7,0.7388,-0.018
7,0.74,-0.018
7,0.7412,-0.018
7,0.7424,-0.0192
7,0.7436,-0.0192
7,0.7448,-0.020399999999999998
7,0.7448,-0.021599999999999998
7,0.746,-0.022799999999999997
7,0.7472,-0.022799999999999997
7,0.7484,-0.021599999999999998
7,0.7484,-0.020399999999999998
7,0.7484,-0.0192
7,0.7496,-0.018
7,0.7496,-0.0168
7,0.7496,-0.0156
7,0.7496,-0.0144
7,0.7496,-0.013199999999999998
7,0.7496,-0.011999999999999999
7,0.7496,-0.010799999999999999
7,0.7496,-0.0096
7,0.7496,-0.0084
7,0.7496,-0.0072
7,0.7496,-0.005999999999999999
7,0.7496,-0.0048
7,0.7496,-0.0036
7,0.7496,-0.0024
7,0.7496,-0.0012
7,0.7496,0.0
7,0.7496,0.0012
7,0.7496,0.0024
7,0.7496,0.0036
7,0.7496,0.0048
7,0.7496,0.005999999999999999
7,0.7496,0.0072
7,0.7496,0.0084
7,0.7496,0.0096
7,0.7484,0.010799999999999999
7,0.7484,0.011999999999999999
7,0.7484,0.013199999999999998
7,0.7472,0.0144
7,0.7472,0.0156
7,0.7472,0.0168
7,0.7472,0.018
7,0.746,0.0192
7,0.746,0.020399999999999998
7,0.7448,0.021599999999999998
7,0.7448,0.022799999999999997
7,0.7436,0.023999999999999997
7,0.7424,0.025199999999999997
7,0.7412,0.026399999999999996
7,0.74,0.026399999999999996
7,0.7388,0.027599999999999996
7,0.7376,0.027599999999999996
7,0.7363999999999999,0.027599999999999996
7,0.7352,0.027599999999999996
7,0.734,0.0288
7,0.7328,0.0288
7,0.7316,0.0288
7,0.7303999999999999,0.0288
7,0.7292,0.027599999999999996
7,0.728,0.027599999999999996
7,0.7268,0.026399999999999996
7,0.7256,0.026399999999999996
7,0.7243999999999999,0.025199999999999997
7,0.7232,0.023999999999999997
7,0.722,0.022799999999999997
7,0.7208,0.021599999999999998
7,0.7196,0.020399999999999998
7,0.7183999999999999,0.020399999999999998
7,0.7172,0.020399999999999998
7,0.716,0.021599999999999998
7,0.7148,0.022799999999999997
7,0.7136,0.022799999999999997
7,0.7123999999999999,0.023999999999999997
7,0.7111999999999999,0.025199999999999997
7,0.71,0.025199999999999997
7,0.7088,0.025199999999999997
7,0.7076,0.025199999999999997
7,0.7063999999999999,0.026399999999999996
7,0.7052,0.026399999999999996
7,0.704,0.026399999999999996
7,0.7028,0.025199999999999997
7,0.7016,0.025199999999999997
7,0.7004,0.023999999999999997
7,0.6992,0.023999999999999997
7,0.698,0.022799999999999997
7,0.6968,0.021599999999999998
7,0.6956,0.020399999999999998
7,0.6944,0.0192
7,0.6932,0.018
7,0.6932,0.0168
7,0.692,0.0156
7,0.692,0.0144
7,0.6908,0.013199999999999998
7,0.6908,0.011999999999999999
7,0.6908,0.010799999999999999
7,0.6908,0.0096
7,0.6908,0.0084
7,0.6908,0.0072
7,0.6908,0.005999999999999999
7,0.6908,0.0048
7,0.6908,0.0036
7,0.6908,0.0024
7,0.6908,0.0012
7,0.6908,0.0
7,0.6908,-0.0012
7,0.6908,-0.0024
7,0.6908,-0.0036
7,0.6908,-0.0048
7,0.6908,-0.005999999999999999
7,0.6908,-0.0072
7,0.6908,-0.0084
7,0.6908,-0.0096
7,0.6908,-0.010799999999999999
7,0.6908,-0.011999999999999999
7,0.6908,-0.013199999999999998
7,0.6908,-0.0144
7,0.6908,-0.0156
7,0.6908,-0.0168
7,0.6908,-0.018
7,0.6908,-0.0192
7,0.6908,-0.020399999999999998
7,0.6908,-0.021599999999999998
7,0.6908,-0.022799999999999997
8,0.6908,-0.0612
8,0.692,-0.0624
8,0.6932,-0.0624
8,0.6944,-0.0612
8,0.6956,-0.06
8,0.6968,-0.0588
8,0.698,-0.0576
8,0.6992,-0.0576
8,0.7004,-0.0576
8,0.7016,-0.0576
8,0.7028,-0.0576
8,0.704,-0.0576
8,0.7052,-0.0576
8,0.7063999999999999,-0.0576
8,0.7076,-0.0576
8,0.7088,-0.0576
8,0.71,-0.0576
8,0.7111999999999999,-0.0576
8,0.7123999999999999,-0.0576
8,0.7136,-0.0576
8,0.7148,-0.0576
8,0.716,-0.0576
8,0.7172,-0.0576
8,0.7183999999999999,-0.0576
8,0.7196,-0.0576
8,0.7208,-0.0576
8,0.722,-0.0576
8,0.7232,-0.0576
8,0.7243999999999999,-0.0576
8,0.7256,-0.0576
8,0.7268,-0.0576
8,0.728,-0.0576
8,0.7292,-0.0576
8,0.7303999999999999,-0.0576
8,0.7316,-0.0576
8,0.7328,-0.0576
8,0.734,-0.0576
8,0.7352,-0.0576
8,0.7363999999999999,-0.0576
8,0.7376,-0.0576
8,0.7388,-0.0576
8,0.74,-0.0576
8,0.7412,-0.0576
8,0.7424,-0.0576
8,0.7436,-0.0588
8,0.7448,-0.06
8,0.7448,-0.0612
8,0.746,-0.0624
8,0.7448,-0.0612
8,0.7448,-0.06
8,0.7436,-0.0588
8,0.7424,-0.0576
8,0.7412,-0.0576
8,0.74,-0.0576
8,0.7388,-0.0576
8,0.7376,-0.0576
8,0.7363999999999999,-0.0576
8,0.7352,-0.0576
8,0.734,-0.0576
8,0.7328,-0.0576
8,0.7316,-0.0576
8,0.7303999999999999,-0.0576
8,0.7292,-0.0576
8,0.728,-0.0576
8,0.7268,-0.0576
8,0.7256,-0.0576
8,0.7243999999999999,-0.0576
8,0.7232,-0.0576
8,0.722,-0.0576
8,0.7208,-0.0576
8,0.7196,-0.0576
8,0.7183999999999999,-0.0576
8,0.7172,-0.0576
8,0.716,-0.0576
8,0.7148,-0.0576
8,0.7136,-0.0576
8,0.7123999999999999,-0.0576
8,0.7111999999999999,-0.0576
8,0.71,-0.0576
8,0.7088,-0.0576
8,0.7076,-0.0576
8,0.7063999999999999,-0.0576
8,0.7052,-0.0576
8,0.704,-0.0576
8,0.7028,-0.0576
8,0.7016,-0.0576
8,0.7004,-0.0576
8,0.6992,-0.0576
8,0.698,-0.0576
8,0.6968,-0.0588
8,0.6956,-0.06
8,0.6944,-0.0612
8,0.6932,-0.0624
8,0.692,-0.0624
8,0.6908,-0.0612
8,0.6908,-0.06
8,0.6908,-0.0588
8,0.6908,-0.0576
8,0.6908,-0.05639999999999999
8,0.6908,-0.05519999999999999
8,0.6908,-0.05399999999999999
8,0.6908,-0.05279999999999999
8,0.6908,-0.05159999999999999
8,0.6908,-0.05039999999999999
8,0.6908,-0.049199999999999994
8,0.6908,-0.047999999999999994
8,0.6908,-0.046799999999999994
8,0.6908,-0.045599999999999995
8,0.6908,-0.044399999999999995
8,0.6908,-0.043199999999999995
8,0.6908,-0.041999999999999996
8,0.6908,-0.040799999999999996
8,0.6908,-0.039599999999999996
8,0.6908,-0.0384
8,0.6908,-0.0372
8,0.692,-0.036
8,0.6932,-0.036
8,0.6944,-0.036
8,0.6956,-0.0372
8,0.6968,-0.0384
8,0.698,-0.039599999999999996
8,0.6992,-0.039599999999999996
8,0.7004,-0.040799999999999996
8,0.7016,-0.040799999999999996
8,0.7028,-0.040799999999999996
8,0.704,-0.040799999999999996
8,0.7052,-0.040799999999999996
8,0.7063999999999999,-0.040799999999999996
8,0.7076,-0.040799999999999996
8,0.7088,-0.040799999999999996
8,0.71,-0.040799999999999996
8,0.7111999999999999,-0.040799999999999996
8,0.7123999999999999,-0.040799999999999996
8,0.7136,-0.040799999999999996
8,0.7148,-0.040799999999999996
8,0.716,-0.040799999999999996
8,0.7172,-0.040799999999999996
8,0.7183999999999999,-0.040799999999999996
8,0.7196,-0.040799999999999996
8,0.7208,-0.040799999999999996
8,0.722,-0.040799999999999996
8,0.7232,-0.040799999999999996
8,0.7243999999999999,-0.040799999999999996
8,0.7256,-0.040799999999999996
8,0.7268,-0.040799999999999996
8,0.728,-0.040799999999999996
8,0.7292,-0.040799999999999996
8,0.7303999999999999,-0.040799999999999996
8,0.7316,-0.040799999999999996
8,0.7328,-0.040799999999999996
8,0.734,-0.040799999999999996
8,0.7352,-0.040799999999999996
8,0.7363999999999999,-0.040799999999999996
8,0.7376,-0.040799999999999996
8,0.7388,-0.040799999999999996
8,0.74,-0.040799999999999996
8,0.7412,-0.039599999999999996
8,0.7424,-0.039599999999999996
8,0.7436,-0.039599999999999996
8,0.7448,-0.0384
8,0.7448,-0.0372
8,0.746,-0.036
8,0.7448,-0.0372
8,0.7448,-0.0384
8,0.7436,-0.039599999999999996
8,0.7424,-0.039599999999999996
8,0.7412,-0.039599999999999996
8,0.74,-0.040799999999999996
8,0.7388,-0.040799999999999996
8,0.7376,-0.040799999999999996
8,0.7363999999999999,-0.040799999999999996
8,0.7352,-0.040799999999999996
8,0.734,-0.040799999999999996
8,0.7328,-0.040799999999999996
8,0.7316,-0.040799999999999996
8,0.7303999999999999,-0.040799999999999996
8,0.7292,-0.040799999999999996
8,0.728,-0.040799999999999996
8,0.7268,-0.040799999999999996
8,0.7256,-0.040799999999999996
8,0.7243999999999999,-0.040799999999999996
8,0.7232,-0.040799999999999996
8,0.722,-0.040799999999999996
8,0.7208,-0.040799999999999996
8,0.7196,-0.040799999999999996
8,0.7183999999999999,-0.040799999999999996
8,0.7172,-0.040799999999999996
8,0.716,-0.040799999999999996
8,0.7148,-0.040799999999999996
8,0.7136,-0.040799999999999996
8,0.7123999999999999,-0.040799999999999996
8,0.7111999999999999,-0.040799999999999996
8,0.71,-0.040799999999999996
8,0.7088,-0.040799999999999996
8,0.7076,-0.040799999999999996
8,0.7063999999999999,-0.040799999999999996
8,0.7052,-0.040799999999999996
8,0.704,-0.040799999999999996
8,0.7028,-0.040799999999999996
8,0.7016,-0.040799999999999996
8,0.7004,-0.040799999999999996
8,0.6992,-0.039599999999999996
8,0.698,-0.039599999999999996
8,0.6968,-0.0384
8,0.6956,-0.0372
8,0.6944,-0.036
8,0.6932,-0.036
8,0.692,-0.036
8,0.6908,-0.0372
8,0.6908,-0.0384
8,0.6908,-0.039599999999999996
8,0.6908,-0.040799999999999996
8,0.6908,-0.041999999999999996
8,0.6908,-0.043199999999999995
8,0.6908,-0.044399999999999995
8,0.6908,-0.045599999999999995
8,0.6908,-0.046799999999999994
8,0.6908,-0.047999999999999994
8,0.6908,-0.049199999999999994
8,0.6908,-0.05039999999999999
8,0.6908,-0.05159999999999999
8,0.6908,-0.05279999999999999
8,0.6908,-0.05399999999999999
8,0.6908,-0.05519999999999999
8,0.6908,-0.05639999999999999
8,0.6908,-0.0576
8,0.6908,-0.0588
8,0.6908,-0.06
9,0.6908,-0.11879999999999999
9,0.692,-0.12
9,0.6932,-0.12
9,0.6944,-0.11879999999999999
9,0.6956,-0.1176
9,0.6968,-0.11639999999999999
9,0.698,-0.11639999999999999
9,0.6992,-0.1152
9,0.7004,-0.1152
9,0.7016,-0.11399999999999999
9,0.7028,-0.11399999999999999
9,0.704,-0.11399999999999999
9,0.7052,-0.11399999999999999
9,0.7063999999999999,-0.11399999999999999
9,0.7076,-0.11399999999999999
9,0.7088,-0.11399999999999999
9,0.71,-0.11399999999999999
9,0.7111999999999999,-0.11399999999999999
9,0.7123999999999999,-0.11399999999999999
9,0.7136,-0.11399999999999999
9,0.7148,-0.11399999999999999
9,0.716,-0.11399999999999999
9,0.7172,-0.11399999999999999
9,0.7183999999999999,-0.11399999999999999
9,0.7196,-0.11399999999999999
9,0.7208,-0.11399999999999999
9,0.722,-0.11399999999999999
9,0.7232,-0.11399999999999999
9,0.7243999999999999,-0.11399999999999999
9,0.7256,-0.11399999999999999
9,0.7268,-0.11399999999999999
9,0.728,-0.11399999999999999
9,0.7292,-0.11399999999999999
9,0.7303999999999999,-0.11399999999999999
9,0.7316,-0.11399999999999999
9,0.7328,-0.11399999999999999
9,0.734,-0.11399999999999999
9,0.7352,-0.11399999999999999
9,0.7363999999999999,-0.11399999999999999
9,0.7376,-0.11399999999999999
9,0.7388,-0.1152
9,0.74,-0.1152
9,0.7412,-0.1152
9,0.7424,-0.11639999999999999
9,0.7436,-0.11639999999999999
9,0.7448,-0.1176
9,0.7448,-0.11879999999999999
9,0.746,-0.12
9,0.7472,-0.12
9,0.7484,-0.11879999999999999
9,0.7496,-0.1176
9,0.7496,-0.11639999999999999
9,0.7496,-0.1152
9,0.7496,-0.11399999999999999
9,0.7496,-0.11279999999999998
9,0.7496,-0.11159999999999999
9,0.7496,-0.11039999999999998
9,0.7496,-0.10919999999999999
9,0.7496,-0.10799999999999998
9,0.7496,-0.10679999999999999
9,0.7496,-0.10559999999999999
9,0.7496,-0.10439999999999999
9,0.7496,-0.10319999999999999
9,0.7496,-0.102
9,0.7496,-0.10079999999999999
9,0.7496,-0.0996
9,0.7496,-0.09839999999999999
9,0.7496,-0.0972
9,0.7484,-0.09599999999999999
9,0.7484,-0.0948
9,0.7472,-0.09359999999999999
9,0.746,-0.09359999999999999
9,0.7448,-0.0948
9,0.7436,-0.09599999999999999
9,0.7424,-0.0972
9,0.7412,-0.0972
9,0.74,-0.09839999999999999
9,0.7388,-0.09839999999999999
9,0.7376,-0.09839999999999999
9,0.7363999999999999,-0.09839999999999999
9,0.7352,-0.09839999999999999
9,0.734,-0.09839999999999999
9,0.7328,-0.09839999999999999
9,0.7316,-0.09839999999999999
9,0.7303999999999999,-0.09839999999999999
9,0.7292,-0.09839999999999999
9,0.728,-0.09839999999999999
9,0.7268,-0.09839999999999999
9,0.7256,-0.0972
9,0.7243999999999999,-0.09599999999999999
9,0.7232,-0.0948
9,0.7243999999999999,-0.09359999999999999
9,0.7243999999999999,-0.0924
9,0.7256,-0.09119999999999999
9,0.7268,-0.09
9,0.728,-0.08879999999999999
9,0.7292,-0.08879999999999999
9,0.7303999999999999,-0.0876
9,0.7316,-0.0876
9,0.7328,-0.08639999999999999
9,0.7328,-0.0852
9,0.7316,-0.08399999999999999
9,0.7303999999999999,-0.08399999999999999
9,0.7292,-0.08399999999999999
9,0.728,-0.08399999999999999
9,0.7268,-0.08399999999999999
9,0.7256,-0.08399999999999999
9,0.7243999999999999,-0.0828
9,0.7232,-0.0828
9,0.722,-0.0828
9,0.7208,-0.0828
9,0.7196,-0.0828
9,0.7183999999999999,-0.0828
9,0.7172,-0.0828
9,0.716,-0.0828
9,0.7148,-0.08399999999999999
9,0.7136,-0.08399999999999999
9,0.7123999999999999,-0.08399999999999999
9,0.7111999999999999,-0.08399999999999999
9,0.71,-0.08399999999999999
9,0.7088,-0.08399999999999999
9,0.7076,-0.08399999999999999
9,0.7063999999999999,-0.0852
9,0.7076,-0.08639999999999999
9,0.7088,-0.0876
9,0.71,-0.0876
9,0.7111999999999999,-0.08879999999999999
9,0.7123999999999999,-0.08879999999999999
9,0.7136,-0.09
9,0.7148,-0.09119999999999999
9,0.7148,-0.0924
9,0.716,-0.09359999999999999
9,0.7148,-0.0924
9,0.7148,-0.09119999999999999
9,0.7136,-0.09
9,0.7123999999999999,-0.08879999999999999
9,0.7111999999999999,-0.08879999999999999
9,0.71,-0.0876
9,0.7088,-0.0876
9,0.7076,-0.08639999999999999
9,0.7063999999999999,-0.0852
9,0.7076,-0.08399999999999999
9,0.7088,-0.08399999999999999
9,0.71,-0.08399999999999999
9,0.7111999999999999,-0.08399999999999999
9,0.7123999999999999,-0.08399999999999999
9,0.7136,-0.08399999999999999
9,0.7148,-0.08399999999999999
9,0.716,-0.0828
9,0.7172,-0.0828
9,0.7183999999999999,-0.0828
9,0.7196,-0.0828
9,0.7208,-0.0828
9,0.722,-0.0828
9,0.7232,-0.0828
9,0.7243999999999999,-0.0828
9,0.7256,-0.08399999999999999
9,0.7268,-0.08399999999999999
9,0.728,-0.08399999999999999
9,0.7292,-0.08399999999999999
9,0.7303999999999999,-0.08399999999999999
9,0.7316,-0.08399999999999999
9,0.7328,-0.0852
9,0.7328,-0.08639999999999999
9,0.7316,-0.0876
9,0.7303999999999999,-0.0876
9,0.7292,-0.08879999999999999
9,0.728,-0.08879999999999999
9,0.7268,-0.09
9,0.7256,-0.09119999999999999
9,0.7243999999999999,-0.0924
9,0.7243999999999999,-0.09359999999999999
9,0.7232,-0.0948
9,0.7243999999999999,-0.09599999999999999
9,0.7256,-0.0972
9,0.7268,-0.09839999999999999
9,0.728,-0.09839999999999999
9,0.7292,-0.09839999999999999
9,0.7303999999999999,-0.09839999999999999
9,0.7316,-0.09839999999999999
9,0.7328,-0.09839999999999999
9,0.734,-0.09839999999999999
9,0.7352,-0.09839999999999999
9,0.7363999999999999,-0.09839999999999999
9,0.7376,-0.09839999999999999
9,0.7388,-0.09839999999999999
9,0.74,-0.09839999999999999
9,0.7412,-0.0972
9,0.7424,-0.0972
9,0.7436,-0.09599999999999999
9,0.7448,-0.0948
9,0.746,-0.09359999999999999
9,0.7472,-0.09359999999999999
9,0.7484,-0.0948
9,0.7484,-0.09599999999999999
9,0.7496,-0.0972
9,0.7496,-0.09839999999999999
9,0.7496,-0.0996
9,0.7496,-0.10079999999999999
9,0.7496,-0.102
9,0.7496,-0.10319999999999999
9,0.7496,-0.10439999999999999
9,0.7496,-0.10559999999999999
9,0.7496,-0.10679999999999999
9,0.7496,-0.10799999999999998
9,0.7496,-0.10919999999999999
9,0.7496,-0.11039999999999998
9,0.7496,-0.11159999999999999
9,0.7496,-0.11279999999999998
9,0.7496,-0.11399999999999999
9,0.7496,-0.1152
9,0.7496,-0.11639999999999999
9,0.7496,-0.1176
9,0.7484,-0.11879999999999999
9,0.7472,-0.12
9,0.746,-0.12
9,0.7448,-0.11879999999999999
9,0.7448,-0.1176
9,0.7436,-0.11639999999999999
9,0.7424,-0.11639999999999999
9,0.7412,-0.1152
9,0.74,-0.1152
9,0.7388,-0.1152
9,0.7376,-0.11399999999999999
9,0.7363999999999999,-0.11399999999999999
9,0.7352,-0.11399999999999999
9,0.734,-0.11399999999999999
9,0.7328,-0.11399999999999999
9,0.7316,-0.11399999999999999
9,0.7303999999999999,-0.11399999999999999
9,0.7292,-0.11399999999999999
9,0.728,-0.11399999999999999
9,0.7268,-0.11399999999999999
9,0.7256,-0.11399999999999999
9,0.7243999999999999,-0.11399999999999999
9,0.7232,-0.11399999999999999
9,0.722,-0.11399999999999999
9,0.7208,-0.11399999999999999
9,0.7196,-0.11399999999999999
9,0.7183999999999999,-0.11399999999999999
9,0.7172,-0.11399999999999999
9,0.716,-0.11399999999999999
9,0.7148,-0.11399999999999999
9,0.7136,-0.11399999999999999
9,0.7123999999999999,-0.11399999999999999
9,0.7111999999999999,-0.11399999999999999
9,0.71,-0.11399999999999999
9,0.7088,-0.11399999999999999
9,0.7076,-0.11399999999999999
9,0.7063999999999999,-0.11399999999999999
9,0.7052,-0.11399999999999999
9,0.704,-0.11399999999999999
9,0.7028,-0.11399999999999999
9,0.7016,-0.11399999999999999
9,0.7004,-0.1152
9,0.6992,-0.1152
9,0.698,-0.11639999999999999
9,0.6968,-0.11639999999999999
9,0.6956,-0.1176
9,0.6944,-0.11879999999999999
9,0.6932,-0.12
9,0.692,-0.12
9,0.6908,-0.11879999999999999
9,0.6908,-0.1176
9,0.6908,-0.11639999999999999
9,0.6908,-0.1152
9,0.6908,-0.11399999999999999
9,0.6908,-0.11279999999999998
9,0.6908,-0.11159999999999999
9,0.6908,-0.11039999999999998
9,0.6908,-0.10919999999999999
9,0.6908,-0.10799999999999998
9,0.6908,-0.10679999999999999
9,0.6908,-0.10559999999999999
9,0.6908,-0.10439999999999999
9,0.6908,-0.10319999999999999
9,0.6908,-0.102
9,0.6908,-0.10079999999999999
9,0.6908,-0.0996
9,0.6908,-0.09839999999999999
9,0.6908,-0.0972
9,0.6908,-0.09599999999999999
9,0.6908,-0.0948
9,0.6908,-0.09359999999999999
9,0.6908,-0.0924
9,0.6908,-0.09119999999999999
9,0.6908,-0.09
9,0.6908,-0.08879999999999999
9,0.6908,-0.0876
9,0.6908,-0.08639999999999999
9,0.6908,-0.0852
9,0.6908,-0.08399999999999999
9,0.6908,-0.0828
9,0.6908,-0.08159999999999999
9,0.6908,-0.0804
9,0.6908,-0.07919999999999999
9,0.6908,-0.078
9,0.6908,-0.0768
9,0.6908,-0.07559999999999999
9,0.692,-0.0744
9,0.6932,-0.07319999999999999
9,0.6944,-0.07319999999999999
9,0.6956,-0.07319999999999999
9,0.6968,-0.07319999999999999
9,0.698,-0.07319999999999999
9,0.6992,-0.07319999999999999
9,0.7004,-0.07319999999999999
9,0.7016,-0.07319999999999999
9,0.7028,-0.07319999999999999
9,0.704,-0.07319999999999999
9,0.7052,-0.07319999999999999
9,0.7063999999999999,-0.07319999999999999
9,0.7076,-0.0744
9,0.7063999999999999,-0.07559999999999999
9,0.7052,-0.0768
9,0.704,-0.078
9,0.7028,-0.07919999999999999
9,0.7016,-0.0804
9,0.7004,-0.08159999999999999
9,0.6992,-0.0828
9,0.698,-0.08399999999999999
9,0.698,-0.0852
9,0.6968,-0.08639999999999999
9,0.6968,-0.0876
9,0.6968,-0.08879999999999999
9,0.6968,-0.09
9,0.6968,-0.09119999999999999
9,0.6968,-0.0924
9,0.6968,-0.09359999999999999
9,0.6968,-0.0948
9,0.698,-0.09599999999999999
9,0.6992,-0.0972
9,0.7004,-0.09839999999999999
9,0.7016,-0.09839999999999999
9,0.7028,-0.09839999999999999
9,0.704,-0.09839999999999999
9,0.7052,-0.09839999999999999
9,0.7063999999999999,-0.09839999999999999
9,0.7076,-0.09839999999999999
9,0.7088,-0.09839999999999999
9,0.71,-0.09839999999999999
9,0.7111999999999999,-0.09839999999999999
9,0.7123999999999999,-0.09839999999999999
9,0.7136,-0.09839999999999999
9,0.7148,-0.0972
9,0.716,-0.0972
9,0.7148,-0.0972
9,0.7136,-0.09839999999999999
9,0.7123999999999999,-0.09839999999999999
9,0.7111999999999999,-0.09839999999999999
9,0.71,-0.09839999999999999
9,0.7088,-0.09839999999999999
9,0.7076,-0.09839999999999999
9,0.7063999999999999,-0.09839999999999999
9,0.7052,-0.09839999999999999
9,0.704,-0.09839999999999999
9,0.7028,-0.09839999999999999
9,0.7016,-0.09839999999999999
9,0.7004,-0.09839999999999999
9,0.6992,-0.0972
9,0.698,-0.09599999999999999
9,0.6968,-0.0948
9,0.6968,-0.09359999999999999
9,0.6968,-0.0924
9,0.6968,-0.09119999999999999
9,0.6968,-0.09
9,0.6968,-0.08879999999999999
9,0.6968,-0.0876
9,0.6968,-0.08639999999999999
9,0.698,-0.0852
9,0.698,-0.08399999999999999
9,0.6992,-0.0828
9,0.7004,-0.08159999999999999
9,0.7016,-0.0804
9,0.7028,-0.07919999999999999
9,0.704,-0.078
9,0.7052,-0.0768
9,0.7063999999999999,-0.07559999999999999
9,0.7076,-0.0744
9,0.7063999999999999,-0.07319999999999999
9,0.7052,-0.07319999999999999
9,0.704,-0.07319999999999999
9,0.7028,-0.07319999999999999
9,0.7016,-0.07319999999999999
9,0.7004,-0.07319999999999999
9,0.6992,-0.07319999999999999
9,0.698,-0.07319999999999999
9,0.6968,-0.07319999999999999
9,0.6956,-0.07319999999999999
9,0.6944,-0.07319999999999999
9,0.6932,-0.07319999999999999
9,0.692,-0.0744
9,0.6908,-0.07559999999999999
9,0.6908,-0.0768
9,0.6908,-0.078
9,0.6908,-0.07919999999999999
9,0.6908,-0.0804
9,0.6908,-0.08159999999999999
9,0.6908,-0.0828
9,0.6908,-0.08399999999999999
9,0.6908,-0.0852
9,0.6908,-0.08639999999999999
9,0.6908,-0.0876
9,0.6908,-0.08879999999999999
9,0.6908,-0.09
9,0.6908,-0.09119999999999999
9,0.6908,-0.0924
9,0.6908,-0.09359999999999999
9,0.6908,-0.0948
9,0.6908,-0.09599999999999999
9,0.6908,-0.0972
9,0.6908,-0.09839999999999999
9,0.6908,-0.0996
9,0.6908,-0.10079999999999999
9,0.6908,-0.102
9,0.6908,-0.10319999999999999
9,0.6908,-0.10439999999999999
9,0.6908,-0.10559999999999999
9,0.6908,-0.10679999999999999
9,0.6908,-0.10799999999999998
9,0.6908,-0.10919999999999999
9,0.6908,-0.11039999999999998
9,0.6908,-0.11159999999999999
9,0.6908,-0.11279999999999998
9,0.6908,-0.11399999999999999
9,0.6908,-0.1152
9,0.6908,-0.11639999999999999
9,0.6908,-0.1176
10,0.6896,0.0648
10,0.6908,0.06359999999999999
10,0.6908,0.0624
10,0.6908,0.0612
10,0.6908,0.06
10,0.6908,0.0588
10,0.692,0.0576
10,0.692,0.05639999999999999
10,0.6932,0.05519999999999999
10,0.6932,0.05399999999999999
10,0.6944,0.05279999999999999
10,0.6956,0.05159999999999999
10,0.6956,0.05039999999999999
10,0.6968,0.049199999999999994
10,0.698,0.047999999999999994
10,0.6992,0.046799999999999994
10,0.7004,0.045599999999999995
10,0.7016,0.044399999999999995
10,0.7028,0.044399999999999995
10,0.704,0.043199999999999995
10,0.7052,0.041999999999999996
10,0.7063999999999999,0.041999999999999996
10,0.7076,0.040799999999999996
10,0.7088,0.040799999999999996
10,0.71,0.039599999999999996
10,0.7111999999999999,0.039599999999999996
10,0.7123999999999999,0.039599999999999996
10,0.7136,0.039599999999999996
10,0.7148,0.039599999999999996
10,0.716,0.0384
10,0.7172,0.0384
10,0.7183999999999999,0.0384
10,0.7196,0.0384
10,0.7208,0.0384
10,0.722,0.0384
10,0.7232,0.0384
10,0.7243999999999999,0.039599999999999996
10,0.7256,0.039599999999999996
10,0.7268,0.039599999999999996
10,0.728,0.039599999999999996
10,0.7292,0.039599999999999996
10,0.7303999999999999,0.040799999999999996
10,0.7316,0.040799999999999996
10,0.7328,0.041999999999999996
10,0.734,0.041999999999999996
10,0.7352,0.041999999999999996
10,0.7363999999999999,0.043199999999999995
10,0.7376,0.043199999999999995
10,0.7388,0.044399999999999995
10,0.74,0.045599999999999995
10,0.7412,0.046799999999999994
10,0.7424,0.046799999999999994
10,0.7436,0.047999999999999994
10,0.7436,0.049199999999999994
10,0.7448,0.05039999999999999
10,0.746,0.05159999999999999
10,0.7472,0.05279999999999999
10,0.7472,0.05399999999999999
10,0.7484,0.05519999999999999
10,0.7484,0.05639999999999999
10,0.7484,0.0576
10,0.7496,0.0588
10,0.7496,0.06
10,0.7496,0.0612
10,0.7496,0.0624
10,0.7496,0.06359999999999999
10,0.7496,0.0648
10,0.7496,0.06599999999999999
10,0.7496,0.0672
10,0.7496,0.06839999999999999
10,0.7496,0.0696
10,0.7496,0.07079999999999999
10,0.7496,0.072
10,0.7496,0.07319999999999999
10,0.7496,0.0744
10,0.7496,0.07559999999999999
10,0.7496,0.0768
10,0.7496,0.078
10,0.7496,0.07919999999999999
10,0.7484,0.0804
10,0.7484,0.08159999999999999
10,0.7484,0.0828
10,0.7472,0.08399999999999999
10,0.7472,0.0852
10,0.746,0.08639999999999999
10,0.746,0.0876
10,0.7448,0.08879999999999999
10,0.7436,0.09
10,0.7424,0.09119999999999999
10,0.7412,0.0924
10,0.74,0.09359999999999999
10,0.7388,0.0948
10,0.7376,0.0948
10,0.7363999999999999,0.09599999999999999
10,0.7352,0.0972
10,0.734,0.0972
10,0.7328,0.09839999999999999
10,0.7316,0.09839999999999999
10,0.7303999999999999,0.09839999999999999
10,0.7292,0.09839999999999999
10,0.728,0.0996
10,0.7268,0.0996
10,0.7256,0.0996
10,0.7243999999999999,0.0996
10,0.7232,0.0996
10,0.722,0.0996
10,0.7208,0.10079999999999999
10,0.7196,0.10079999999999999
10,0.7183999999999999,0.10079999999999999
10,0.7172,0.0996
10,0.716,0.0996
10,0.7148,0.0996
10,0.7136,0.0996
10,0.7123999999999999,0.0996
10,0.7111999999999999,0.0996
10,0.71,0.09839999999999999
10,0.7088,0.09839999999999999
10,0.7076,0.0972
10,0.7063999999999999,0.0972
10,0.7052,0.09599999999999999
10,0.704,0.09599999999999999
10,0.7028,0.0948
10,0.7016,0.09359999999999999
10,0.7004,0.09359999999999999
10,0.6992,0.0924
10,0.698,0.09119999999999999
10,0.6968,0.09
10,0.6956,0.08879999999999999
10,0.6956,0.0876
10,0.6944,0.08639999999999999
10,0.6932,0.0852
10,0.6932,0.08399999999999999
10,0.692,0.0828
10,0.692,0.08159999999999999
10,0.6908,0.0804
10,0.6908,0.07919999999999999
10,0.6908,0.078
10,0.6908,0.0768
10,0.6908,0.07559999999999999
10,0.6908,0.0744
10,0.6908,0.07319999999999999
10,0.6896,0.072
10,0.6896,0.07079999999999999
10,0.6896,0.0696
10,0.6896,0.06839999999999999
10,0.6896,0.0672
10,0.6896,0.06599999999999999
11,0.392,-0.027599999999999996
11,0.39080000000000004,-0.026399999999999996
11,0.39080000000000004,-0.025199999999999997
11,0.39080000000000004,-0.023999999999999997
11,0.39080000000000004,-0.022799999999999997
11,0.39080000000000004,-0.021599999999999998
11,0.39080000000000004,-0.020399999999999998
11,0.39080000000000004,-0.0192
11,0.39080000000000004,-0.018
11,0.39080000000000004,-0.0168
11,0.39080000000000004,-0.0156
11,0.39080000000000004,-0.0144
11,0.392,-0.013199999999999998
11,0.3932,-0.011999999999999999
11,0.39440000000000003,-0.011999999999999999
11,0.3956,-0.011999999999999999
11,0.39680000000000004,-0.011999999999999999
11,0.398,-0.011999999999999999
11,0.3992,-0.011999999999999999
11,0.4004,-0.011999999999999999
11,0.4016,-0.011999999999999999
11,0.4028,-0.011999999999999999
11,0.404,-0.011999999999999999
11,0.4052,-0.011999999999999999
11,0.4064,-0.011999999999999999
11,0.4076,-0.011999999999999999
11,0.4088,-0.011999999999999999
11,0.41000000000000003,-0.011999999999999999
11,0.4112,-0.011999999999999999
11,0.4124,-0.011999999999999999
11,0.4136,-0.011999999999999999
11,0.4148,-0.011999999999999999
11,0.41600000000000004,-0.011999999999999999
11,0.4172,-0.011999999999999999
11,0.4184,-0.011999999999999999
11,0.4196,-0.011999999999999999
11,0.4208,-0.011999999999999999
11,0.422,-0.011999999999999999
11,0.4232,-0.011999999999999999
11,0.4244,-0.011999999999999999
11,0.4256,-0.011999999999999999
11,0.4268,-0.011999999999999999
11,0.428,-0.011999999999999999
11,0.4292,-0.011999999999999999
11,0.4304,-0.011999999999999999
11,0.4316,-0.011999999999999999
11,0.4328,-0.011999999999999999
11,0.434,-0.011999999999999999
11,0.43520000000000003,-0.011999999999999999
11,0.4364,-0.011999999999999999
11,0.4376,-0.011999999999999999
11,0.4388,-0.011999999999999999
11,0.44,-0.011999999999999999
11,0.4412,-0.011999999999999999
11,0.4424,-0.011999999999999999
11,0.4436,-0.011999999999999999
11,0.44480000000000003,-0.011999999999999999
11,0.446,-0.011999999999999999
11,0.4472,-0.011999999999999999
11,0.4484,-0.011999999999999999
11,0.4496,-0.011999999999999999
11,0.4508,-0.011999999999999999
11,0.452,-0.011999999999999999
11,0.4532,-0.011999999999999999
11,0.4544,-0.011999999999999999
11,0.4556,-0.011999999999999999
11,0.4568,-0.011999999999999999
11,0.458,-0.011999999999999999
11,0.4592,-0.011999999999999999
11,0.46040000000000003,-0.011999999999999999
11,0.4616,-0.011999999999999999
11,0.4628,-0.011999999999999999
11,0.464,-0.011999999999999999
11,0.4652,-0.011999999999999999
11,0.4664,-0.011999999999999999
11,0.4676,-0.011999999999999999
11,0.4688,-0.011999999999999999
11,0.47,-0.011999999999999999
11,0.4712,-0.011999999999999999
11,0.4724,-0.011999999999999999
11,0.4736,-0.011999999999999999
11,0.4748,-0.011999999999999999
11,0.476,-0.011999999999999999
11,0.4772,-0.011999999999999999
11,0.4784,-0.011999999999999999
11,0.4796,-0.011999999999999999
11,0.4808,-0.011999999999999999
11,0.482,-0.011999999999999999
11,0.4832,-0.011999999999999999
11,0.4844,-0.011999999999999999
11,0.4856,-0.011999999999999999
11,0.4868,-0.011999999999999999
11,0.488,-0.011999999999999999
11,0.4892,-0.011999999999999999
11,0.4904,-0.011999999999999999
11,0.4916,-0.011999999999999999
11,0.4928,-0.011999999999999999
11,0.494,-0.011999999999999999
11,0.4952,-0.011999999999999999
11,0.4964,-0.011999999999999999
11,0.4976,-0.011999999999999999
11,0.4988,-0.011999999999999999
11,0.5,-0.011999999999999999
11,0.5012,-0.011999999999999999
11,0.5024,-0.011999999999999999
11,0.5036,-0.011999999999999999
11,0.5048,-0.011999999999999999
11,0.506,-0.011999999999999999
11,0.5072,-0.011999999999999999
11,0.5084,-0.011999999999999999
11,0.5096,-0.011999999999999999
11,0.5108,-0.011999999999999999
11,0.512,-0.011999999999999999
11,0.5132,-0.011999999999999999
11,0.5144,-0.011999999999999999
11,0.5156,-0.011999999999999999
11,0.5168,-0.011999999999999999
11,0.518,-0.011999999999999999
11,0.5192,-0.011999999999999999
11,0.5204,-0.011999999999999999
11,0.5216,-0.011999999999999999
11,0.5228,-0.011999999999999999
11,0.524,-0.011999999999999999
11,0.5252,-0.011999999999999999
11,0.5264,-0.011999999999999999
11,0.5276,-0.011999999999999999
11,0.5288,-0.011999999999999999
11,0.53,-0.011999999999999999
11,0.5312,-0.011999999999999999
11,0.5324,-0.011999999999999999
11,0.5336,-0.011999999999999999
11,0.5347999999999999,-0.011999999999999999
11,0.536,-0.011999999999999999
11,0.5372,-0.011999999999999999
11,0.5384,-0.013199999999999998
11,0.5396,-0.0144
11,0.5396,-0.0156
11,0.5396,-0.0168
11,0.5396,-0.018
11,0.5396,-0.0192
11,0.5396,-0.020399999999999998
11,0.5396,-0.021599999999999998
11,0.5396,-0.022799999999999997
11,0.5396,-0.023999999999999997
11,0.5396,-0.025199999999999997
11,0.5396,-0.026399999999999996
11,0.5384,-0.027599999999999996
11,0.5384,-0.0288
11,0.5384,-0.03
11,0.5384,-0.0312
11,0.5372,-0.0324
11,0.5372,-0.0336
11,0.5372,-0.0348
11,0.536,-0.036
11,0.536,-0.0372
11,0.536,-0.0384
11,0.5347999999999999,-0.039599999999999996
11,0.5347999999999999,-0.040799999999999996
11,0.5347999999999999,-0.041999999999999996
11,0.5336,-0.043199999999999995
11,0.5336,-0.044399999999999995
11,0.5324,-0.045599999999999995
11,0.5324,-0.046799999999999994
11,0.5312,-0.047999999999999994
11,0.5312,-0.049199999999999994
11,0.53,-0.05039999999999999
11,0.53,-0.05159999999999999
11,0.5288,-0.05279999999999999
11,0.5276,-0.05399999999999999
11,0.5276,-0.05519999999999999
11,0.5264,-0.05639999999999999
11,0.5252,-0.0576
11,0.524,-0.0588
11,0.5228,-0.06
11,0.5228,-0.0612
11,0.5216,-0.0624
11,0.5204,-0.06359999999999999
11,0.5192,-0.0648
11,0.518,-0.06599999999999999
11,0.5168,-0.0672
11,0.5156,-0.06839999999999999
11,0.5144,-0.0696
11,0.5132,-0.0696
11,0.512,-0.07079999999999999
11,0.5108,-0.072
11,0.5096,-0.07319999999999999
11,0.5084,-0.07319999999999999
11,0.5072,-0.0744
11,0.506,-0.07559999999999999
11,0.5048,-0.07559999999999999
11,0.5036,-0.0768
11,0.5024,-0.0768
11,0.5012,-0.078
11,0.5,-0.07919999999999999
11,0.4988,-0.07919999999999999
11,0.4976,-0.0804
11,0.4964,-0.0804
11,0.4952,-0.0804
11,0.494,-0.08159999999999999
11,0.4928,-0.08159999999999999
11,0.4916,-0.08159999999999999
11,0.4904,-0.0828
11,0.4892,-0.0828
11,0.488,-0.0828
11,0.4868,-0.08399999999999999
11,0.4856,-0.08399999999999999
11,0.4844,-0.08399999999999999
11,0.4832,-0.0852
11,0.482,-0.0852
11,0.4808,-0.0852
11,0.4796,-0.0852
11,0.4784,-0.0852
11,0.4772,-0.08639999999999999
11,0.476,-0.08639999999999999
11,0.4748,-0.08639999999999999
11,0.4736,-0.08639999999999999
11,0.4724,-0.08639999999999999
11,0.4712,-0.08639999999999999
11,0.47,-0.08639999999999999
11,0.4688,-0.08639999999999999
11,0.4676,-0.08639999999999999
11,0.4664,-0.08639999999999999
11,0.4652,-0.08639999999999999
11,0.464,-0.08639999999999999
11,0.4628,-0.08639999999999999
11,0.4616,-0.08639999999999999
11,0.46040000000000003,-0.08639999999999999
11,0.4592,-0.08639999999999999
11,0.458,-0.08639999999999999
11,0.4568,-0.08639999999999999
11,0.4556,-0.08639999999999999
11,0.4544,-0.08639999999999999
11,0.4532,-0.08639999999999999
11,0.452,-0.0852
11,0.4508,-0.0852
11,0.4496,-0.0852
11,0.4484,-0.0852
11,0.4472,-0.0852
11,0.446,-0.08399999999999999
11,0.44480000000000003,-0.08399999999999999
11,0.4436,-0.08399999999999999
11,0.4424,-0.0828
11,0.4412,-0.0828
11,0.44,-0.0828
11,0.4388,-0.08159999999999999
11,0.4376,-0.08159999999999999
11,0.4364,-0.08159999999999999
11,0.43520000000000003,-0.0804
11,0.434,-0.07919999999999999
11,0.4328,-0.07919999999999999
11,0.4316,-0.078
11,0.4304,-0.078
11,0.4292,-0.0768
11,0.428,-0.0768
11,0.4268,-0.07559999999999999
11,0.4256,-0.07559999999999999
11,0.4244,-0.0744
11,0.4232,-0.07319999999999999
11,0.422,-0.072
11,0.4208,-0.072
11,0.4196,-0.07079999999999999
11,0.4184,-0.0696
11,0.4172,-0.06839999999999999
11,0.41600000000000004,-0.06839999999999999
11,0.4148,-0.0672
11,0.4136,-0.06599999999999999
11,0.4124,-0.0648
11,0.4112,-0.06359999999999999
11,0.41000000000000003,-0.0624
11,0.4088,-0.0612
11,0.4088,-0.06
11,0.4076,-0.0588
11,0.4064,-0.0576
11,0.4052,-0.05639999999999999
11,0.404,-0.05519999999999999
11,0.404,-0.05399999999999999
11,0.4028,-0.05279999999999999
11,0.4016,-0.05159999999999999
11,0.4016,-0.05039999999999999
11,0.4004,-0.049199999999999994
11,0.3992,-0.047999999999999994
11,0.3992,-0.046799999999999994
11,0.398,-0.045599999999999995
11,0.398,-0.044399999999999995
11,0.39680000000000004,-0.043199999999999995
11,0.39680000000000004,-0.041999999999999996
11,0.3956,-0.040799999999999996
11,0.3956,-0.039599999999999996
11,0.3956,-0.0384
11,0.39440000000000003,-0.0372
11,0.39440000000000003,-0.036
11,0.3932,-0.0348
11,0.3932,-0.0336
11,0.3932,-0.0324
11,0.3932,-0.0312
11,0.392,-0.03
11,0.392,-0.0288
12,0.39080000000000004,-0.026399999999999996
12,0.392,-0.027599999999999996
12,0.392,-0.0288
12,0.392,-0.03
12,0.3932,-0.0312
12,0.3932,-0.0324
12,0.3932,-0.0336
12,0.3932,-0.0348
12,0.39440000000000003,-0.036
12,0.39440000000000003,-0.0372
12,0.3956,-0.0384
12,0.3956,-0.039599999999999996
12,0.3956,-0.040799999999999996
12,0.39680000000000004,-0.041999999999999996
12,0.39680000000000004,-0.043199999999999995
12,0.398,-0.044399999999999995
12,0.398,-0.045599999999999995
12,0.3992,-0.046799999999999994
12,0.3992,-0.047999999999999994
12,0.4004,-0.049199999999999994
12,0.4016,-0.05039999999999999
12,0.4016,-0.05159999999999999
12,0.4028,-0.05279999999999999
12,0.404,-0.05399999999999999
12,0.404,-0.05519999999999999
12,0.4052,-0.05639999999999999
12,0.4064,-0.0576
12,0.4076,-0.0588
12,0.4088,-0.06
12,0.4088,-0.0612
12,0.41000000000000003,-0.0624
12,0.4112,-0.06359999999999999
12,0.4124,-0.0648
12,0.4136,-0.06599999999999999
12,0.4148,-0.0672
12,0.41600000000000004,-0.06839999999999999
12,0.4172,-0.06839999999999999
12,0.4184,-0.0696
12,0.4196,-0.07079999999999999
12,0.4208,-0.072
12,0.422,-0.072
12,0.4232,-0.07319999999999999
12,0.4244,-0.0744
12,0.4256,-0.07559999999999999
12,0.4268,-0.07559999999999999
12,0.428,-0.0768
12,0.4292,-0.0768
12,0.4304,-0.078
12,0.4316,-0.078
12,0.4328,-0.07919999999999999
12,0.434,-0.07919999999999999
12,0.43520000000000003,-0.0804
12,0.4364,-0.08159999999999999
12,0.4376,-0.08159999999999999
12,0.4388,-0.08159999999999999
12,0.44,-0.0828
12,0.4412,-0.0828
12,0.4424,-0.0828
12,0.4436,-0.08399999999999999
12,0.44480000000000003,-0.08399999999999999
12,0.446,-0.08399999999999999
12,0.4472,-0.0852
12,0.4484,-0.0852
12,0.4496,-0.0852
12,0.4508,-0.0852
12,0.452,-0.0852
12,0.4532,-0.08639999999999999
12,0.4544,-0.08639999999999999
12,0.4556,-0.08639999999999999
12,0.4568,-0.08639999999999999
12,0.458,-0.08639999999999999
12,0.4592,-0.08639999999999999
12,0.46040000000000003,-0.08639999999999999
12,0.4616,-0.08639999999999999
12,0.4628,-0.08639999999999999
12,0.464,-0.08639999999999999
12,0.4652,-0.08639999999999999
12,0.4664,-0.08639999999999999
12,0.4676,-0.08639999999999999
12,0.4688,-0.08639999999999999
12,0.47,-0.08639999999999999
12,0.4712,-0.08639999999999999
12,0.4724,-0.08639999999999999
12,0.4736,-0.08639999999999999
12,0.4748,-0.08639999999999999
12,0.476,-0.08639999999999999
12,0.4772,-0.08639999999999999
12,0.4784,-0.0852
12,0.4796,-0.0852
12,0.4808,-0.0852
12,0.482,-0.0852
12,0.4832,-0.0852
12,0.4844,-0.08399999999999999
12,0.4856,-0.08399999999999999
12,0.4868,-0.08399999999999999
12,0.488,-0.0828
12,0.4892,-0.0828
12,0.4904,-0.0828
12,0.4916,-0.08159999999999999
12,0.4928,-0.08159999999999999
12,0.494,-0.08159999999999999
12,0.4952,-0.0804
12,0.4964,-0.0804
12,0.4976,-0.0804
12,0.4988,-0.07919999999999999
12,0.5,-0.07919999999999999
12,0.5012,-0.078
12,0.5024,-0.0768
12,0.5036,-0.0768
12,0.5048,-0.07559999999999999
12,0.506,-0.07559999999999999
12,0.5072,-0.0744
12,0.5084,-0.07319999999999999
12,0.5096,-0.07319999999999999
12,0.5108,-0.072
12,0.512,-0.07079999999999999
12,0.5132,-0.0696
12,0.5144,-0.0696
12,0.5156,-0.06839999999999999
12,0.5168,-0.0672
12,0.518,-0.06599999999999999
12,0.5192,-0.0648
12,0.5204,-0.06359999999999999
12,0.5216,-0.0624
12,0.5228,-0.0612
12,0.5228,-0.06
12,0.524,-0.0588
12,0.5252,-0.0576
12,0.5264,-0.05639999999999999
12,0.5276,-0.05519999999999999
12,0.5276,-0.05399999999999999
12,0.5288,-0.05279999999999999
12,0.53,-0.05159999999999999
12,0.53,-0.05039999999999999
12,0.5312,-0.049199999999999994
12,0.5312,-0.047999999999999994
12,0.5324,-0.046799999999999994
12,0.5324,-0.045599999999999995
12,0.5336,-0.044399999999999995
12,0.5336,-0.043199999999999995
12,0.5347999999999999,-0.041999999999999996
12,0.5347999999999999,-0.040799999999999996
12,0.5347999999999999,-0.039599999999999996
12,0.536,-0.0384
12,0.536,-0.0372
12,0.536,-0.036
12,0.5372,-0.0348
12,0.5372,-0.0336
12,0.5372,-0.0324
12,0.5384,-0.0312
12,0.5384,-0.03
12,0.5384,-0.0288
12,0.5384,-0.027599999999999996
12,0.5396,-0.026399999999999996
12,0.5396,-0.025199999999999997
12,0.5396,-0.023999999999999997
12,0.5396,-0.022799999999999997
12,0.5396,-0.021599999999999998
12,0.5396,-0.020399999999999998
12,0.5396,-0.0192
12,0.5396,-0.018
12,0.5396,-0.0168
12,0.5396,-0.0156
12,0.5396,-0.0144
12,0.5384,-0.013199999999999998
12,0.5372,-0.011999999999999999
12,0.536,-0.011999999999999999
12,0.5347999999999999,-0.011999999999999999
12,0.5336,-0.011999999999999999
12,0.5324,-0.011999999999999999
12,0.5312,-0.011999999999999999
12,0.53,-0.011999999999999999
12,0.5288,-0.011999999999999999
12,0.5276,-0.011999999999999999
12,0.5264,-0.011999999999999999
12,0.5252,-0.011999999999999999
12,0.524,-0.011999999999999999
12,0.5228,-0.011999999999999999
12,0.5216,-0.011999999999999999
12,0.5204,-0.011999999999999999
12,0.5192,-0.011999999999999999
12,0.518,-0.011999999999999999
12,0.5168,-0.011999999999999999
12,0.5156,-0.011999999999999999
12,0.5144,-0.011999999999999999
12,0.5132,-0.011999999999999999
12,0.512,-0.011999999999999999
12,0.5108,-0.011999999999999999
12,0.5096,-0.011999999999999999
12,0.5084,-0.011999999999999999
12,0.5072,-0.011999999999999999
12,0.506,-0.011999999999999999
12,0.5048,-0.011999999999999999
12,0.5036,-0.011999999999999999
12,0.5024,-0.011999999999999999
12,0.5012,-0.011999999999999999
12,0.5,-0.011999999999999999
12,0.4988,-0.011999999999999999
12,0.4976,-0.011999999999999999
12,0.4964,-0.011999999999999999
12,0.4952,-0.011999999999999999
12,0.494,-0.011999999999999999
12,0.4928,-0.011999999999999999
12,0.4916,-0.011999999999999999
12,0.4904,-0.011999999999999999
12,0.4892,-0.011999999999999999
12,0.488,-0.011999999999999999
12,0.4868,-0.011999999999999999
12,0.4856,-0.011999999999999999
12,0.4844,-0.011999999999999999
12,0.4832,-0.011999999999999999
12,0.482,-0.011999999999999999
12,0.4808,-0.011999999999999999
12,0.4796,-0.011999999999999999
12,0.4784,-0.011999999999999999
12,0.4772,-0.011999999999999999
12,0.476,-0.011999999999999999
12,0.4748,-0.011999999999999999
12,0.4736,-0.011999999999999999
12,0.4724,-0.011999999999999999
12,0.4712,-0.011999999999999999
12,0.47,-0.011999999999999999
12,0.4688,-0.011999999999999999
12,0.4676,-0.011999999999999999
12,0.4664,-0.011999999999999999
12,0.4652,-0.011999999999999999
12,0.464,-0.011999999999999999
12,0.4628,-0.011999999999999999
12,0.4616,-0.011999999999999999
12,0.46040000000000003,-0.011999999999999999
12,0.4592,-0.011999999999999999
12,0.458,-0.011999999999999999
12,0.4568,-0.011999999999999999
12,0.4556,-0.011999999999999999
12,0.4544,-0.011999999999999999
12,0.4532,-0.011999999999999999
12,0.452,-0.011999999999999999
12,0.4508,-0.011999999999999999
12,0.4496,-0.011999999999999999
12,0.4484,-0.011999999999999999
12,0.4472,-0.011999999999999999
12,0.446,-0.011999999999999999
12,0.44480000000000003,-0.011999999999999999
12,0.4436,-0.011999999999999999
12,0.4424,-0.011999999999999999
12,0.4412,-0.011999999999999999
12,0.44,-0.011999999999999999
12,0.4388,-0.011999999999999999
12,0.4376,-0.011999999999999999
12,0.4364,-0.011999999999999999
12,0.43520000000000003,-0.011999999999999999
12,0.434,-0.011999999999999999
12,0.4328,-0.011999999999999999
12,0.4316,-0.011999999999999999
12,0.4304,-0.011999999999999999
12,0.4292,-0.011999999999999999
12,0.428,-0.011999999999999999
12,0.4268,-0.011999999999999999
12,0.4256,-0.011999999999999999
12,0.4244,-0.011999999999999999
12,0.4232,-0.011999999999999999
12,0.422,-0.011999999999999999
12,0.4208,-0.011999999999999999
12,0.4196,-0.011999999999999999
12,0.4184,-0.011999999999999999
12,0.4172,-0.011999999999999999
12,0.41600000000000004,-0.011999999999999999
12,0.4148,-0.011999999999999999
12,0.4136,-0.011999999999999999
12,0.4124,-0.011999999999999999
12,0.4112,-0.011999999999999999
12,0.41000000000000003,-0.011999999999999999
12,0.4088,-0.011999999999999999
12,0.4076,-0.011999999999999999
12,0.4064,-0.011999999999999999
12,0.4052,-0.011999999999999999
12,0.404,-0.011999999999999999
12,0.4028,-0.011999999999999999
12,0.4016,-0.011999999999999999
12,0.4004,-0.011999999999999999
12,0.3992,-0.011999999999999999
12,0.398,-0.011999999999999999
12,0.39680000000000004,-0.011999999999999999
12,0.3956,-0.011999999999999999
12,0.39440000000000003,-0.011999999999999999
12,0.3932,-0.011999999999999999
12,0.392,-0.013199999999999998
12,0.39080000000000004,-0.0144
12,0.39080000000000004,-0.0156
12,0.39080000000000004,-0.0168
12,0.39080000000000004,-0.018
12,0.39080000000000004,-0.0192
12,0.39080000000000004,-0.020399999999999998
12,0.39080000000000004,-0.021599999999999998
12,0.39080000000000004,-0.022799999999999997
12,0.39080000000000004,-0.023999999999999997
12,0.39080000000000004,-0.025199999999999997
13,0.356,-0.022799999999999997
13,0.3548,-0.021599999999999998
13,0.3548,-0.020399999999999998
13,0.3548,-0.0192
13,0.3548,-0.018
13,0.3548,-0.0168
13,0.3548,-0.0156
13,0.3548,-0.0144
13,0.3548,-0.013199999999999998
13,0.356,-0.011999999999999999
13,0.356,-0.010799999999999999
13,0.3572,-0.0096
13,0.35840000000000005,-0.0096
13,0.35960000000000003,-0.0084
13,0.3608,-0.0096
13,0.362,-0.0096
13,0.3632,-0.0084
13,0.3644,-0.0084
13,0.36560000000000004,-0.0096
13,0.3668,-0.0096
13,0.368,-0.0096
13,0.3692,-0.0096
13,0.3704,-0.0096
13,0.37160000000000004,-0.0096
13,0.3728,-0.0096
13,0.374,-0.0096
13,0.3752,-0.0096
13,0.3764,-0.0096
13,0.3776,-0.0096
13,0.3788,-0.0084
13,0.38,-0.0084
13,0.3812,-0.0084
13,0.3824,-0.0084
13,0.3836,-0.0084
13,0.38480000000000003,-0.0084
13,0.386,-0.0084
13,0.3872,-0.0072
13,0.3872,-0.005999999999999999
13,0.3872,-0.0048
13,0.3872,-0.0036
13,0.3872,-0.0024
13,0.3872,-0.0012
13,0.3884,0.0
13,0.3884,0.0012
13,0.3884,0.0024
13,0.3884,0.0036
13,0.3884,0.0048
13,0.3884,0.005999999999999999
13,0.3896,0.0072
13,0.3896,0.0084
13,0.3896,0.0096
13,0.39080000000000004,0.010799999999999999
13,0.39080000000000004,0.011999999999999999
13,0.39080000000000004,0.013199999999999998
13,0.39080000000000004,0.0144
13,0.392,0.0156
13,0.392,0.0168
13,0.3932,0.018
13,0.3932,0.0192
13,0.39440000000000003,0.020399999999999998
13,0.39440000000000003,0.021599999999999998
13,0.3956,0.022799999999999997
13,0.3956,0.023999999999999997
13,0.39680000000000004,0.025199999999999997
13,0.39680000000000004,0.026399999999999996
13,0.398,0.027599999999999996
13,0.398,0.0288
13,0.3992,0.03
13,0.4004,0.0312
13,0.4004,0.0324
13,0.4016,0.0336
13,0.4028,0.0348
13,0.4028,0.036
13,0.404,0.0372
13,0.4052,0.0384
13,0.4064,0.039599999999999996
13,0.4076,0.040799999999999996
13,0.4088,0.041999999999999996
13,0.41000000000000003,0.043199999999999995
13,0.4112,0.044399999999999995
13,0.4124,0.045599999999999995
13,0.4136,0.046799999999999994
13,0.4148,0.047999999999999994
13,0.41600000000000004,0.049199999999999994
13,0.4172,0.05039999999999999
13,0.4184,0.05159999999999999
13,0.4196,0.05159999999999999
13,0.4208,0.05279999999999999
13,0.422,0.05399999999999999
13,0.4232,0.05399999999999999
13,0.4244,0.05519999999999999
13,0.4256,0.05639999999999999
13,0.4268,0.05639999999999999
13,0.428,0.0576
13,0.4292,0.0576
13,0.4304,0.0588
13,0.4316,0.0588
13,0.4328,0.06
13,0.434,0.06
13,0.43520000000000003,0.0612
13,0.4364,0.0612
13,0.4376,0.0624
13,0.4388,0.0624
13,0.44,0.06359999999999999
13,0.4412,0.06359999999999999
13,0.4424,0.06359999999999999
13,0.4436,0.06359999999999999
13,0.44480000000000003,0.0648
13,0.446,0.0648
13,0.4472,0.0648
13,0.4484,0.06599999999999999
13,0.4496,0.06599999999999999
13,0.4508,0.06599999999999999
13,0.452,0.06599999999999999
13,0.4532,0.06599999999999999
13,0.4544,0.0672
13,0.4556,0.0672
13,0.4568,0.0672
13,0.458,0.0672
13,0.4592,0.0672
13,0.46040000000000003,0.0672
13,0.4616,0.0672
13,0.4628,0.0672
13,0.464,0.0672
13,0.4652,0.0672
13,0.4664,0.0672
13,0.4676,0.0672
13,0.4688,0.0672
13,0.47,0.0672
13,0.4712,0.0672
13,0.4724,0.0672
13,0.4736,0.0672
13,0.4748,0.0672
13,0.476,0.0672
13,0.4772,0.06599999999999999
13,0.4784,0.06599999999999999
13,0.4796,0.06599999999999999
13,0.4808,0.06599999999999999
13,0.482,0.06599999999999999
13,0.4832,0.0648
13,0.4844,0.0648
13,0.4856,0.0648
13,0.4868,0.06359999999999999
13,0.488,0.06359999999999999
13,0.4892,0.06359999999999999
13,0.4904,0.06359999999999999
13,0.4916,0.0624
13,0.4928,0.0624
13,0.494,0.0612
13,0.4952,0.0612
13,0.4964,0.0612
13,0.4976,0.0612
13,0.4988,0.06
13,0.5,0.0588
13,0.5012,0.0588
13,0.5024,0.0588
13,0.5036,0.0576
13,0.5048,0.05639999999999999
13,0.506,0.05639999999999999
13,0.5072,0.05519999999999999
13,0.5084,0.05519999999999999
13,0.5096,0.05399999999999999
13,0.5108,0.05279999999999999
13,0.512,0.05279999999999999
13,0.5132,0.05159999999999999
13,0.5144,0.05039999999999999
13,0.5156,0.049199999999999994
13,0.5168,0.047999999999999994
13,0.518,0.046799999999999994
13,0.5192,0.046799999999999994
13,0.5204,0.045599999999999995
13,0.5216,0.044399999999999995
13,0.5228,0.043199999999999995
13,0.524,0.041999999999999996
13,0.524,0.040799999999999996
13,0.5252,0.039599999999999996
13,0.5264,0.0384
13,0.5276,0.0372
13,0.5288,0.036
13,0.5288,0.0348
13,0.53,0.0336
13,0.5312,0.0324
13,0.5312,0.0312
13,0.5324,0.03
13,0.5324,0.0288
13,0.5336,0.027599999999999996
13,0.5347999999999999,0.026399999999999996
13,0.5347999999999999,0.025199999999999997
13,0.536,0.023999999999999997
13,0.536,0.022799999999999997
13,0.5372,0.021599999999999998
13,0.5372,0.020399999999999998
13,0.5372,0.0192
13,0.5384,0.018
13,0.5384,0.0168
13,0.5384,0.0156
13,0.5396,0.0144
13,0.5396,0.013199999999999998
13,0.5396,0.011999999999999999
13,0.5408,0.010799999999999999
13,0.5408,0.0096
13,0.5408,0.0084
13,0.5408,0.0072
13,0.542,0.005999999999999999
13,0.542,0.0048
13,0.542,0.0036
13,0.542,0.0024
13,0.5432,0.0012
13,0.5432,0.0
13,0.5432,-0.0012
13,0.5432,-0.0024
13,0.5432,-0.0036
13,0.5432,-0.0048
13,0.5444,-0.005999999999999999
13,0.5456,-0.0072
13,0.5468,-0.0084
13,0.548,-0.0084
13,0.5492,-0.0084
13,0.5504,-0.0084
13,0.5516,-0.0084
13,0.5528,-0.0084
13,0.554,-0.0084
13,0.5552,-0.0084
13,0.5564,-0.0084
13,0.5576,-0.0084
13,0.5588,-0.0084
13,0.56,-0.0084
13,0.5612,-0.0084
13,0.5624,-0.0084
13,0.5636,-0.0084
13,0.5648,-0.0084
13,0.566,-0.0084
13,0.5672,-0.0084
13,0.5684,-0.0084
13,0.5696,-0.0084
13,0.5708,-0.0084
13,0.572,-0.0084
13,0.5731999999999999,-0.0084
13,0.5744,-0.0084
13,0.5756,-0.0084
13,0.5768,-0.0084
13,0.578,-0.0084
13,0.5791999999999999,-0.0084
13,0.5804,-0.0084
13,0.5816,-0.0084
13,0.5828,-0.0084
13,0.584,-0.0084
13,0.5851999999999999,-0.0084
13,0.5864,-0.0084
13,0.5876,-0.0084
13,0.5888,-0.0084
13,0.59,-0.0084
13,0.5912,-0.0084
13,0.5924,-0.0084
13,0.5936,-0.0084
13,0.5948,-0.0084
13,0.596,-0.0084
13,0.5972,-0.0084
13,0.5984,-0.0084
13,0.5996,-0.0084
13,0.6008,-0.0084
13,0.602,-0.0084
13,0.6032,-0.0084
13,0.6044,-0.0084
13,0.6056,-0.0084
13,0.6068,-0.0084
13,0.608,-0.0084
13,0.6092,-0.0084
13,0.6103999999999999,-0.0084
13,0.6116,-0.0084
13,0.6128,-0.0084
13,0.614,-0.0084
13,0.6152,-0.0084
13,0.6164,-0.0084
13,0.6176,-0.0084
13,0.6188,-0.0084
13,0.62,-0.0084
13,0.6212,-0.0084
13,0.6224,-0.0084
13,0.6235999999999999,-0.0084
13,0.6248,-0.0084
13,0.626,-0.0084
13,0.6272,-0.0084
13,0.6284,-0.0084
13,0.6295999999999999,-0.0084
13,0.6308,-0.0084
13,0.632,-0.0084
13,0.6332,-0.0084
13,0.6344,-0.0084
13,0.6355999999999999,-0.0084
13,0.6368,-0.0084
13,0.638,-0.0084
13,0.6392,-0.0084
13,0.6404,-0.0084
13,0.6416,-0.0084
13,0.6428,-0.0084
13,0.644,-0.0084
13,0.6452,-0.0084
13,0.6464,-0.0084
13,0.6476,-0.0084
13,0.6488,-0.0084
13,0.65,-0.0084
13,0.6512,-0.0084
13,0.6524,-0.0084
13,0.6536,-0.0084
13,0.6548,-0.0084
13,0.656,-0.0084
13,0.6572,-0.0084
13,0.6584,-0.0084
13,0.6596,-0.0084
13,0.6608,-0.0084
13,0.6619999999999999,-0.0084
13,0.6632,-0.0084
13,0.6644,-0.0084
13,0.6656,-0.0084
13,0.6668,-0.0084
13,0.6679999999999999,-0.0084
13,0.6692,-0.0096
13,0.6704,-0.0096
13,0.6716,-0.010799999999999999
13,0.6728,-0.011999999999999999
13,0.6728,-0.013199999999999998
13,0.6728,-0.0144
13,0.6728,-0.0156
13,0.6728,-0.0168
13,0.6728,-0.018
13,0.6728,-0.0192
13,0.6728,-0.020399999999999998
13,0.6728,-0.021599999999999998
13,0.6728,-0.022799999999999997
13,0.6728,-0.023999999999999997
13,0.6728,-0.025199999999999997
13,0.6728,-0.026399999999999996
13,0.6728,-0.027599999999999996
13,0.6728,-0.0288
13,0.6728,-0.03
13,0.6728,-0.0312
13,0.6728,-0.0324
13,0.6728,-0.0336
13,0.6728,-0.0348
13,0.6728,-0.036
13,0.6728,-0.0372
13,0.6728,-0.0384
13,0.6728,-0.039599999999999996
13,0.6728,-0.040799999999999996
13,0.6728,-0.041999999999999996
13,0.6728,-0.043199999999999995
13,0.6728,-0.044399999999999995
13,0.6728,-0.045599999999999995
13,0.6728,-0.046799999999999994
13,0.6728,-0.047999999999999994
13,0.6728,-0.049199999999999994
13,0.6728,-0.05039999999999999
13,0.6728,-0.05159999999999999
13,0.6728,-0.05279999999999999
13,0.6728,-0.05399999999999999
13,0.6728,-0.05519999999999999
13,0.6728,-0.05639999999999999
13,0.6728,-0.0576
13,0.6728,-0.0588
13,0.6728,-0.06
13,0.6728,-0.0612
13,0.6728,-0.0624
13,0.6728,-0.06359999999999999
13,0.6728,-0.0648
13,0.6728,-0.06599999999999999
13,0.6728,-0.0672
13,0.6728,-0.06839999999999999
13,0.6728,-0.0696
13,0.6728,-0.07079999999999999
13,0.6728,-0.072
13,0.6716,-0.07319999999999999
13,0.6716,-0.0744
13,0.6704,-0.07559999999999999
13,0.6692,-0.07559999999999999
13,0.6679999999999999,-0.07559999999999999
13,0.6668,-0.07559999999999999
13,0.6656,-0.07559999999999999
13,0.6644,-0.07559999999999999
13,0.6632,-0.07559999999999999
13,0.6619999999999999,-0.07559999999999999
13,0.6608,-0.07559999999999999
13,0.6596,-0.07559999999999999
13,0.6584,-0.07559999999999999
13,0.6572,-0.07559999999999999
13,0.656,-0.0744
13,0.6548,-0.0744
13,0.6536,-0.0744
13,0.6524,-0.0744
13,0.6512,-0.0744
13,0.65,-0.07319999999999999
13,0.6488,-0.07319999999999999
13,0.6476,-0.07319999999999999
13,0.6464,-0.07319999999999999
13,0.6452,-0.07319999999999999
13,0.644,-0.07319999999999999
13,0.6428,-0.07319999999999999
13,0.6416,-0.07319999999999999
13,0.6404,-0.072
13,0.6392,-0.072
13,0.638,-0.072
13,0.6368,-0.072
13,0.6355999999999999,-0.07079999999999999
13,0.6344,-0.07079999999999999
13,0.6332,-0.07079999999999999
13,0.632,-0.07079999999999999
13,0.6308,-0.07079999999999999
13,0.6295999999999999,-0.07079999999999999
13,0.6284,-0.07079999999999999
13,0.6272,-0.0696
13,0.626,-0.0696
13,0.6248,-0.0696
13,0.6235999999999999,-0.0696
13,0.6224,-0.0696
13,0.6212,-0.06839999999999999
13,0.62,-0.06839999999999999
13,0.6188,-0.06839999999999999
13,0.6176,-0.06839999999999999
13,0.6164,-0.06839999999999999
13,0.6152,-0.06839999999999999
13,0.614,-0.06839999999999999
13,0.6128,-0.06839999999999999
13,0.6116,-0.06839999999999999
13,0.6103999999999999,-0.06839999999999999
13,0.6092,-0.0696
13,0.608,-0.07079999999999999
13,0.608,-0.072
13,0.6068,-0.07319999999999999
13,0.6056,-0.0744
13,0.6056,-0.07559999999999999
13,0.6056,-0.0768
13,0.6056,-0.078
13,0.6056,-0.07919999999999999
13,0.6044,-0.0804
13,0.6044,-0.08159999999999999
13,0.6044,-0.0828
13,0.6044,-0.08399999999999999
13,0.6032,-0.0852
13,0.6032,-0.08639999999999999
13,0.6032,-0.0876
13,0.6032,-0.08879999999999999
13,0.6032,-0.09
13,0.6032,-0.09119999999999999
13,0.602,-0.0924
13,0.602,-0.09359999999999999
13,0.602,-0.0948
13,0.602,-0.09599999999999999
13,0.602,-0.0972
13,0.6008,-0.09839999999999999
13,0.6008,-0.0996
13,0.6008,-0.10079999999999999
13,0.6008,-0.102
13,0.5996,-0.10319999999999999
13,0.5996,-0.10439999999999999
13,0.5996,-0.10559999999999999
13,0.5996,-0.10679999999999999
13,0.5996,-0.10799999999999998
13,0.5996,-0.10919999999999999
13,0.5984,-0.11039999999999998
13,0.5984,-0.11159999999999999
13,0.5984,-0.11279999999999998
13,0.5972,-0.11399999999999999
13,0.5972,-0.1152
13,0.5972,-0.11639999999999999
13,0.5972,-0.1176
13,0.596,-0.11879999999999999
13,0.5948,-0.11879999999999999
13,0.5936,-0.12
13,0.5924,-0.12
13,0.5912,-0.12
13,0.59,-0.12119999999999999
13,0.5888,-0.12119999999999999
13,0.5876,-0.12119999999999999
13,0.5864,-0.12119999999999999
13,0.5851999999999999,-0.12119999999999999
13,0.584,-0.12119999999999999
13,0.5828,-0.12119999999999999
13,0.5816,-0.12119999999999999
13,0.5804,-0.12119999999999999
13,0.5791999999999999,-0.12119999999999999
13,0.578,-0.12119999999999999
13,0.5768,-0.12119999999999999
13,0.5756,-0.12119999999999999
13,0.5744,-0.12119999999999999
13,0.5731999999999999,-0.12119999999999999
13,0.572,-0.12119999999999999
13,0.5708,-0.12119999999999999
13,0.5696,-0.12119999999999999
13,0.5684,-0.12119999999999999
13,0.5672,-0.12119999999999999
13,0.566,-0.12119999999999999
13,0.5648,-0.12119999999999999
13,0.5636,-0.12119999999999999
13,0.5624,-0.12119999999999999
13,0.5612,-0.12119999999999999
13,0.56,-0.12119999999999999
13,0.5588,-0.12119999999999999
13,0.5576,-0.12119999999999999
13,0.5564,-0.12119999999999999
13,0.5552,-0.12119999999999999
13,0.554,-0.1224
13,0.5528,-0.12359999999999999
13,0.5516,-0.1248
13,0.5516,-0.126
13,0.5504,-0.12719999999999998
13,0.5492,-0.1284
13,0.5492,-0.1296
13,0.548,-0.1308
13,0.548,-0.13199999999999998
13,0.5468,-0.13319999999999999
13,0.5468,-0.1344
13,0.5456,-0.1356
13,0.5456,-0.13679999999999998
13,0.5444,-0.13799999999999998
13,0.5432,-0.1392
13,0.542,-0.1404
13,0.5408,-0.1404
13,0.5396,-0.1404
13,0.5384,-0.1404
13,0.5372,-0.1404
13,0.536,-0.1404
13,0.5347999999999999,-0.1392
13,0.5336,-0.1392
13,0.5324,-0.13799999999999998
13,0.5312,-0.13799999999999998
13,0.53,-0.13679999999999998
13,0.5288,-0.13679999999999998
13,0.5276,-0.1356
13,0.5264,-0.1356
13,0.5252,-0.1344
13,0.524,-0.1344
13,0.5228,-0.13319999999999999
13,0.5216,-0.13319999999999999
13,0.5204,-0.13199999999999998
13,0.5192,-0.13199999999999998
13,0.518,-0.1308
13,0.5168,-0.1308
13,0.5156,-0.1296
13,0.5144,-0.1296
13,0.5132,-0.1284
13,0.512,-0.1284
13,0.5108,-0.12719999999999998
13,0.5096,-0.12719999999999998
13,0.5084,-0.126
13,0.5072,-0.126
13,0.506,-0.1248
13,0.5048,-0.1248
13,0.5036,-0.12359999999999999
13,0.5024,-0.12359999999999999
13,0.5012,-0.1224
13,0.5,-0.1224
13,0.4988,-0.1224
13,0.4976,-0.12119999999999999
13,0.4964,-0.12119999999999999
13,0.4952,-0.12119999999999999
13,0.494,-0.12119999999999999
13,0.4928,-0.12119999999999999
13,0.4916,-0.12119999999999999
13,0.4904,-0.12119999999999999
13,0.4892,-0.12119999999999999
13,0.488,-0.12119999999999999
13,0.4868,-0.12119999999999999
13,0.4856,-0.12119999999999999
13,0.4844,-0.12119999999999999
13,0.4832,-0.12119999999999999
13,0.482,-0.12119999999999999
13,0.4808,-0.12119999999999999
13,0.4796,-0.12119999999999999
13,0.4784,-0.12119999999999999
13,0.4772,-0.12119999999999999
13,0.476,-0.12119999999999999
13,0.4748,-0.12119999999999999
13,0.4736,-0.12119999999999999
13,0.4724,-0.12119999999999999
13,0.4712,-0.12119999999999999
13,0.47,-0.12119999999999999
13,0.4688,-0.12119999999999999
13,0.4676,-0.12119999999999999
13,0.4664,-0.12119999999999999
13,0.4652,-0.12119999999999999
13,0.464,-0.12119999999999999
13,0.4628,-0.12119999999999999
13,0.4616,-0.12119999999999999
13,0.46040000000000003,-0.12119999999999999
13,0.4592,-0.12119999999999999
13,0.458,-0.12119999999999999
13,0.4568,-0.12119999999999999
13,0.4556,-0.12119999999999999
13,0.4544,-0.12
13,0.4532,-0.12
13,0.452,-0.12
13,0.4508,-0.12
13,0.4496,-0.12
13,0.4484,-0.12
13,0.4472,-0.11879999999999999
13,0.446,-0.11879999999999999
13,0.44480000000000003,-0.11879999999999999
13,0.4436,-0.11879999999999999
13,0.4424,-0.11879999999999999
13,0.4412,-0.11879999999999999
13,0.44,-0.1176
13,0.4388,-0.1176
13,0.4376,-0.1176
13,0.4364,-0.11639999999999999
13,0.43520000000000003,-0.11639999999999999
13,0.434,-0.11639999999999999
13,0.4328,-0.11639999999999999
13,0.4316,-0.1152
13,0.4304,-0.1152
13,0.4292,-0.1152
13,0.428,-0.11399999999999999
13,0.4268,-0.11399999999999999
13,0.4256,-0.11399999999999999
13,0.4244,-0.11279999999999998
13,0.4232,-0.11279999999999998
13,0.422,-0.11159999999999999
13,0.4208,-0.11159999999999999
13,0.4196,-0.11039999999999998
13,0.4184,-0.11039999999999998
13,0.4172,-0.10919999999999999
13,0.41600000000000004,-0.10919999999999999
13,0.4148,-0.10919999999999999
13,0.4136,-0.10799999999999998
13,0.4124,-0.10679999999999999
13,0.4112,-0.10679999999999999
13,0.41000000000000003,-0.10559999999999999
13,0.4088,-0.10559999999999999
13,0.4076,-0.10439999999999999
13,0.4064,-0.10319999999999999
13,0.4052,-0.10319999999999999
13,0.404,-0.102
13,0.4028,-0.10079999999999999
13,0.4016,-0.10079999999999999
13,0.4004,-0.0996
13,0.3992,-0.09839999999999999
13,0.398,-0.0972
13,0.39680000000000004,-0.0972
13,0.3956,-0.09599999999999999
13,0.39440000000000003,-0.0948
13,0.3932,-0.09359999999999999
13,0.392,-0.0924
13,0.39080000000000004,-0.09119999999999999
13,0.3896,-0.09
13,0.3884,-0.08879999999999999
13,0.3872,-0.0876
13,0.386,-0.08639999999999999
13,0.38480000000000003,-0.0852
13,0.3836,-0.08399999999999999
13,0.3824,-0.0828
13,0.3812,-0.08159999999999999
13,0.38,-0.0804
13,0.3788,-0.07919999999999999
13,0.3788,-0.078
13,0.3776,-0.0768
13,0.3764,-0.07559999999999999
13,0.3752,-0.0744
13,0.3752,-0.07319999999999999
13,0.374,-0.072
13,0.3728,-0.07079999999999999
13,0.3728,-0.0696
13,0.37160000000000004,-0.06839999999999999
13,0.3704,-0.0672
13,0.3704,-0.06599999999999999
13,0.3692,-0.0648
13,0.3692,-0.06359999999999999
13,0.368,-0.0624
13,0.3668,-0.0612
13,0.3668,-0.06
13,0.36560000000000004,-0.0588
13,0.36560000000000004,-0.0576
13,0.3644,-0.05639999999999999
13,0.3644,-0.05519999999999999
13,0.3632,-0.05399999999999999
13,0.3632,-0.05279999999999999
13,0.362,-0.05159999999999999
13,0.362,-0.05039999999999999
13,0.3608,-0.049199999999999994
13,0.3608,-0.047999999999999994
13,0.3608,-0.046799999999999994
13,0.3608,-0.045599999999999995
13,0.35960000000000003,-0.044399999999999995
13,0.35960000000000003,-0.043199999999999995
13,0.35960000000000003,-0.041999999999999996
13,0.35840000000000005,-0.040799999999999996
13,0.35840000000000005,-0.039599999999999996
13,0.35840000000000005,-0.0384
13,0.35840000000000005,-0.0372
13,0.3572,-0.036
13,0.3572,-0.0348
13,0.3572,-0.0336
13,0.3572,-0.0324
13,0.356,-0.0312
13,0.356,-0.03
13,0.356,-0.0288
13,0.356,-0.027599999999999996
13,0.356,-0.026399999999999996
13,0.356,-0.025199999999999997
13,0.356,-0.023999999999999997
14,0.3548,-0.021599999999999998
14,0.356,-0.022799999999999997
14,0.356,-0.023999999999999997
14,0.356,-0.025199999999999997
14,0.356,-0.026399999999999996
14,0.356,-0.027599999999999996
14,0.356,-0.0288
14,0.356,-0.03
14,0.356,-0.0312
14,0.3572,-0.0324
14,0.3572,-0.0336
14,0.3572,-0.0348
14,0.3572,-0.036
14,0.35840000000000005,-0.0372
14,0.35840000000000005,-0.0384
14,0.35840000000000005,-0.039599999999999996
14,0.35840000000000005,-0.040799999999999996
14,0.35960000000000003,-0.041999999999999996
14,0.35960000000000003,-0.043199999999999995
14,0.35960000000000003,-0.044399999999999995
14,0.3608,-0.045599999999999995
14,0.3608,-0.046799999999999994
14,0.3608,-0.047999999999999994
14,0.3608,-0.049199999999999994
14,0.362,-0.05039999999999999
14,0.362,-0.05159999999999999
14,0.3632,-0.05279999999999999
14,0.3632,-0.05399999999999999
14,0.3644,-0.05519999999999999
14,0.3644,-0.05639999999999999
14,0.36560000000000004,-0.0576
14,0.36560000000000004,-0.0588
14,0.3668,-0.06
14,0.3668,-0.0612
14,0.368,-0.0624
14,0.3692,-0.06359999999999999
14,0.3692,-0.0648
14,0.3704,-0.06599999999999999
14,0.3704,-0.0672
14,0.37160000000000004,-0.06839999999999999
14,0.3728,-0.0696
14,0.3728,-0.07079999999999999
14,0.374,-0.072
14,0.3752,-0.07319999999999999
14,0.3752,-0.0744
14,0.3764,-0.07559999999999999
14,0.3776,-0.0768
14,0.3788,-0.078
14,0.3788,-0.07919999999999999
14,0.38,-0.0804
14,0.3812,-0.08159999999999999
14,0.3824,-0.0828
14,0.3836,-0.08399999999999999
14,0.38480000000000003,-0.0852
14,0.386,-0.08639999999999999
14,0.3872,-0.0876
14,0.3884,-0.08879999999999999
14,0.3896,-0.09
14,0.39080000000000004,-0.09119999999999999
14,0.392,-0.0924
14,0.3932,-0.09359999999999999
14,0.39440000000000003,-0.0948
14,0.3956,-0.09599999999999999
14,0.39680000000000004,-0.0972
14,0.398,-0.0972
14,0.3992,-0.09839999999999999
14,0.4004,-0.0996
14,0.4016,-0.10079999999999999
14,0.4028,-0.10079999999999999
14,0.404,-0.102
14,0.4052,-0.10319999999999999
14,0.4064,-0.10319999999999999
14,0.4076,-0.10439999999999999
14,0.4088,-0.10559999999999999
14,0.41000000000000003,-0.10559999999999999
14,0.4112,-0.10679999999999999
14,0.4124,-0.10679999999999999
14,0.4136,-0.10799999999999998
14,0.4148,-0.10919999999999999
14,0.41600000000000004,-0.10919999999999999
14,0.4172,-0.10919999999999999
14,0.4184,-0.11039999999999998
14,0.4196,-0.11039999999999998
14,0.4208,-0.11159999999999999
14,0.422,-0.11159999999999999
14,0.4232,-0.11279999999999998
14,0.4244,-0.11279999999999998
14,0.4256,-0.11399999999999999
14,0.4268,-0.11399999999999999
14,0.428,-0.11399999999999999
14,0.4292,-0.1152
14,0.4304,-0.1152
14,0.4316,-0.1152
14,0.4328,-0.11639999999999999
14,0.434,-0.11639999999999999
14,0.43520000000000003,-0.11639999999999999
14,0.4364,-0.11639999999999999
14,0.4376,-0.1176
14,0.4388,-0.1176
14,0.44,-0.1176
14,0.4412,-0.11879999999999999
14,0.4424,-0.11879999999999999
14,0.4436,-0.11879999999999999
14,0.44480000000000003,-0.11879999999999999
14,0.446,-0.11879999999999999
14,0.4472,-0.11879999999999999
14,0.4484,-0.12
14,0.4496,-0.12
14,0.4508,-0.12
14,0.452,-0.12
14,0.4532,-0.12
14,0.4544,-0.12
14,0.4556,-0.12119999999999999
14,0.4568,-0.12119999999999999
14,0.458,-0.12119999999999999
14,0.4592,-0.12119999999999999
14,0.46040000000000003,-0.12119999999999999
14,0.4616,-0.12119999999999999
14,0.4628,-0.12119999999999999
14,0.464,-0.12119999999999999
14,0.4652,-0.12119999999999999
14,0.4664,-0.12119999999999999
14,0.4676,-0.12119999999999999
14,0.4688,-0.12119999999999999
14,0.47,-0.12119999999999999
14,0.4712,-0.12119999999999999
14,0.4724,-0.12119999999999999
14,0.4736,-0.12119999999999999
14,0.4748,-0.12119999999999999
14,0.476,-0.12119999999999999
14,0.4772,-0.12119999999999999
14,0.4784,-0.12119999999999999
14,0.4796,-0.12119999999999999
14,0.4808,-0.12119999999999999
14,0.482,-0.12119999999999999
14,0.4832,-0.12119999999999999
14,0.4844,-0.12119999999999999
14,0.4856,-0.12119999999999999
14,0.4868,-0.12119999999999999
14,0.488,-0.12119999999999999
14,0.4892,-0.12119999999999999
14,0.4904,-0.12119999999999999
14,0.4916,-0.12119999999999999
14,0.4928,-0.12119999999999999
14,0.494,-0.12119999999999999
14,0.4952,-0.12119999999999999
14,0.4964,-0.12119999999999999
14,0.4976,-0.12119999999999999
14,0.4988,-0.1224
14,0.5,-0.1224
14,0.5012,-0.1224
14,0.5024,-0.12359999999999999
14,0.5036,-0.12359999999999999
14,0.5048,-0.1248
14,0.506,-0.1248
14,0.5072,-0.126
14,0.5084,-0.126
14,0.5096,-0.12719999999999998
14,0.5108,-0.12719999999999998
14,0.512,-0.1284
14,0.5132,-0.1284
14,0.5144,-0.1296
14,0.5156,-0.1296
14,0.5168,-0.1308
14,0.518,-0.1308
14,0.5192,-0.13199999999999998
14,0.5204,-0.13199999999999998
14,0.5216,-0.13319999999999999
14,0.5228,-0.13319999999999999
14,0.524,-0.1344
14,0.5252,-0.1344
14,0.5264,-0.1356
14,0.5276,-0.1356
14,0.5288,-0.13679999999999998
14,0.53,-0.13679999999999998
14,0.5312,-0.13799999999999998
14,0.5324,-0.13799999999999998
14,0.5336,-0.1392
14,0.5347999999999999,-0.1392
14,0.536,-0.1404
14,0.5372,-0.1404
14,0.5384,-0.1404
14,0.5396,-0.1404
14,0.5408,-0.1404
14,0.542,-0.1404
14,0.5432,-0.1392
14,0.5444,-0.13799999999999998
14,0.5456,-0.13679999999999998
14,0.5456,-0.1356
14,0.5468,-0.1344
14,0.5468,-0.13319999999999999
14,0.548,-0.13199999999999998
14,0.548,-0.1308
14,0.5492,-0.1296
14,0.5492,-0.1284
14,0.5504,-0.12719999999999998
14,0.5516,-0.126
14,0.5516,-0.1248
14,0.5528,-0.12359999999999999
14,0.554,-0.1224
14,0.5552,-0.12119999999999999
14,0.5564,-0.12119999999999999
14,0.5576,-0.12119999999999999
14,0.5588,-0.12119999999999999
14,0.56,-0.12119999999999999
14,0.5612,-0.12119999999999999
14,0.5624,-0.12119999999999999
14,0.5636,-0.12119999999999999
14,0.5648,-0.12119999999999999
14,0.566,-0.12119999999999999
14,0.5672,-0.12119999999999999
14,0.5684,-0.12119999999999999
14,0.5696,-0.12119999999999999
14,0.5708,-0.12119999999999999
14,0.572,-0.12119999999999999
14,0.5731999999999999,-0.12119999999999999
14,0.5744,-0.12119999999999999
14,0.5756,-0.12119999999999999
14,0.5768,-0.12119999999999999
14,0.578,-0.12119999999999999
14,0.5791999999999999,-0.12119999999999999
14,0.5804,-0.12119999999999999
14,0.5816,-0.12119999999999999
14,0.5828,-0.12119999999999999
14,0.584,-0.12119999999999999
14,0.5851999999999999,-0.12119999999999999
14,0.5864,-0.12119999999999999
14,0.5876,-0.12119999999999999
14,0.5888,-0.12119999999999999
14,0.59,-0.12119999999999999
14,0.5912,-0.12
14,0.5924,-0.12
14,0.5936,-0.12
14,0.5948,-0.11879999999999999
14,0.596,-0.11879999999999999
14,0.5972,-0.1176
14,0.5972,-0.11639999999999999
14,0.5972,-0.1152
14,0.5972,-0.11399999999999999
14,0.5984,-0.11279999999999998
14,0.5984,-0.11159999999999999
14,0.5984,-0.11039999999999998
14,0.5996,-0.10919999999999999
14,0.5996,-0.10799999999999998
14,0.5996,-0.10679999999999999
14,0.5996,-0.10559999999999999
14,0.5996,-0.10439999999999999
14,0.5996,-0.10319999999999999
14,0.6008,-0.102
14,0.6008,-0.10079999999999999
14,0.6008,-0.0996
14,0.6008,-0.09839999999999999
14,0.602,-0.0972
14,0.602,-0.09599999999999999
14,0.602,-0.0948
14,0.602,-0.09359999999999999
14,0.602,-0.0924
14,0.6032,-0.09119999999999999
14,0.6032,-0.09
14,0.6032,-0.08879999999999999
14,0.6032,-0.0876
14,0.6032,-0.08639999999999999
14,0.6032,-0.0852
14,0.6044,-0.08399999999999999
14,0.6044,-0.0828
14,0.6044,-0.08159999999999999
14,0.6044,-0.0804
14,0.6056,-0.07919999999999999
14,0.6056,-0.078
14,0.6056,-0.0768
14,0.6056,-0.07559999999999999
14,0.6056,-0.0744
14,0.6068,-0.07319999999999999
14,0.608,-0.072
14,0.608,-0.07079999999999999
14,0.6092,-0.0696
14,0.6103999999999999,-0.06839999999999999
14,0.6116,-0.06839999999999999
14,0.6128,-0.06839999999999999
14,0.614,-0.06839999999999999
14,0.6152,-0.06839999999999999
14,0.6164,-0.06839999999999999
14,0.6176,-0.06839999999999999
14,0.6188,-0.06839999999999999
14,0.62,-0.06839999999999999
14,0.6212,-0.06839999999999999
14,0.6224,-0.0696
14,0.6235999999999999,-0.0696
14,0.6248,-0.0696
14,0.626,-0.0696
14,0.6272,-0.0696
14,0.6284,-0.07079999999999999
14,0.6295999999999999,-0.07079999999999999
14,0.6308,-0.07079999999999999
14,0.632,-0.07079999999999999
14,0.6332,-0.07079999999999999
14,0.6344,-0.07079999999999999
14,0.6355999999999999,-0.07079999999999999
14,0.6368,-0.072
14,0.638,-0.072
14,0.6392,-0.072
14,0.6404,-0.072
14,0.6416,-0.07319999999999999
14,0.6428,-0.07319999999999999
14,0.644,-0.07319999999999999
14,0.6452,-0.07319999999999999
14,0.6464,-0.07319999999999999
14,0.6476,-0.07319999999999999
14,0.6488,-0.07319999999999999
14,0.65,-0.07319999999999999
14,0.6512,-0.0744
14,0.6524,-0.0744
14,0.6536,-0.0744
14,0.6548,-0.0744
14,0.656,-0.0744
14,0.6572,-0.07559999999999999
14,0.6584,-0.07559999999999999
14,0.6596,-0.07559999999999999
14,0.6608,-0.07559999999999999
14,0.6619999999999999,-0.07559999999999999
14,0.6632,-0.07559999999999999
14,0.6644,-0.07559999999999999
14,0.6656,-0.07559999999999999
14,0.6668,-0.07559999999999999
14,0.6679999999999999,-0.07559999999999999
14,0.6692,-0.07559999999999999
14,0.6704,-0.07559999999999999
14,0.6716,-0.0744
14,0.6716,-0.07319999999999999
14,0.6728,-0.072
14,0.6728,-0.07079999999999999
14,0.6728,-0.0696
14,0.6728,-0.06839999999999999
14,0.6728,-0.0672
14,0.6728,-0.06599999999999999
14,0.6728,-0.0648
14,0.6728,-0.06359999999999999
14,0.6728,-0.0624
14,0.6728,-0.0612
14,0.6728,-0.06
14,0.6728,-0.0588
14,0.6728,-0.0576
14,0.6728,-0.05639999999999999
14,0.6728,-0.05519999999999999
14,0.6728,-0.05399999999999999
14,0.6728,-0.05279999999999999
14,0.6728,-0.05159999999999999
14,0.6728,-0.05039999999999999
14,0.6728,-0.049199999999999994
14,0.6728,-0.047999999999999994
14,0.6728,-0.046799999999999994
14,0.6728,-0.045599999999999995
14,0.6728,-0.044399999999999995
14,0.6728,-0.043199999999999995
14,0.6728,-0.041999999999999996
14,0.6728,-0.040799999999999996
14,0.6728,-0.039599999999999996
14,0.6728,-0.0384
14,0.6728,-0.0372
14,0.6728,-0.036
14,0.6728,-0.0348
14,0.6728,-0.0336
14,0.6728,-0.0324
14,0.6728,-0.0312
14,0.6728,-0.03
14,0.6728,-0.0288
14,0.6728,-0.027599999999999996
14,0.6728,-0.026399999999999996
14,0.6728,-0.025199999999999997
14,0.6728,-0.023999999999999997
14,0.6728,-0.022799999999999997
14,0.6728,-0.021599999999999998
14,0.6728,-0.020399999999999998
14,0.6728,-0.0192
14,0.6728,-0.018
14,0.6728,-0.0168
14,0.6728,-0.0156
14,0.6728,-0.0144
14,0.6728,-0.013199999999999998
14,0.6728,-0.011999999999999999
14,0.6716,-0.010799999999999999
14,0.6704,-0.0096
14,0.6692,-0.0096
14,0.6679999999999999,-0.0084
14,0.6668,-0.0084
14,0.6656,-0.0084
14,0.6644,-0.0084
14,0.6632,-0.0084
14,0.6619999999999999,-0.0084
14,0.6608,-0.0084
14,0.6596,-0.0084
14,0.6584,-0.0084
14,0.6572,-0.0084
14,0.656,-0.0084
14,0.6548,-0.0084
14,0.6536,-0.0084
14,0.6524,-0.0084
14,0.6512,-0.0084
14,0.65,-0.0084
14,0.6488,-0.0084
14,0.6476,-0.0084
14,0.6464,-0.0084
14,0.6452,-0.0084
14,0.644,-0.0084
14,0.6428,-0.0084
14,0.6416,-0.0084
14,0.6404,-0.0084
14,0.6392,-0.0084
14,0.638,-0.0084
14,0.6368,-0.0084
14,0.6355999999999999,-0.0084
14,0.6344,-0.0084
14,0.6332,-0.0084
14,0.632,-0.0084
14,0.6308,-0.0084
14,0.6295999999999999,-0.0084
14,0.6284,-0.0084
14,0.6272,-0.0084
14,0.626,-0.0084
14,0.6248,-0.0084
14,0.6235999999999999,-0.0084
14,0.6224,-0.0084
14,0.6212,-0.0084
14,0.62,-0.0084
14,0.6188,-0.0084
14,0.6176,-0.0084
14,0.6164,-0.0084
14,0.6152,-0.0084
14,0.614,-0.0084
14,0.6128,-0.0084
14,0.6116,-0.0084
14,0.6103999999999999,-0.0084
14,0.6092,-0.0084
14,0.608,-0.0084
14,0.6068,-0.0084
14,0.6056,-0.0084
14,0.6044,-0.0084
14,0.6032,-0.0084
14,0.602,-0.0084
14,0.6008,-0.0084
14,0.5996,-0.0084
14,0.5984,-0.0084
14,0.5972,-0.0084
14,0.596,-0.0084
14,0.5948,-0.0084
14,0.5936,-0.0084
14,0.5924,-0.0084
14,0.5912,-0.0084
14,0.59,-0.0084
14,0.5888,-0.0084
14,0.5876,-0.0084
14,0.5864,-0.0084
14,0.5851999999999999,-0.0084
14,0.584,-0.0084
14,0.5828,-0.0084
14,0.5816,-0.0084
14,0.5804,-0.0084
14,0.5791999999999999,-0.0084
14,0.578,-0.0084
14,0.5768,-0.0084
14,0.5756,-0.0084
14,0.5744,-0.0084
14,0.5731999999999999,-0.0084
14,0.572,-0.0084
14,0.5708,-0.0084
14,0.5696,-0.0084
14,0.5684,-0.0084
14,0.5672,-0.0084
14,0.566,-0.0084
14,0.5648,-0.0084
14,0.5636,-0.0084
14,0.5624,-0.0084
14,0.5612,-0.0084
14,0.56,-0.0084
14,0.5588,-0.0084
14,0.5576,-0.0084
14,0.5564,-0.0084
14,0.5552,-0.0084
14,0.554,-0.0084
14,0.5528,-0.0084
14,0.5516,-0.0084
14,0.5504,-0.0084
14,0.5492,-0.0084
14,0.548,-0.0084
14,0.5468,-0.0084
14,0.5456,-0.0072
14,0.5444,-0.005999999999999999
14,0.5432,-0.0048
14,0.5432,-0.0036
14,0.5432,-0.0024
14,0.5432,-0.0012
14,0.5432,0.0
14,0.5432,0.0012
14,0.542,0.0024
14,0.542,0.0036
14,0.542,0.0048
14,0.542,0.005999999999999999
14,0.5408,0.0072
14,0.5408,0.0084
14,0.5408,0.0096
14,0.5408,0.010799999999999999
14,0.5396,0.011999999999999999
14,0.5396,0.013199999999999998
14,0.5396,0.0144
14,0.5384,0.0156
14,0.5384,0.0168
14,0.5384,0.018
14,0.5372,0.0192
14,0.5372,0.020399999999999998
14,0.5372,0.021599999999999998
14,0.536,0.022799999999999997
14,0.536,0.023999999999999997
14,0.5347999999999999,0.025199999999999997
14,0.5347999999999999,0.026399999999999996
14,0.5336,0.027599999999999996
14,0.5324,0.0288
14,0.5324,0.03
14,0.5312,0.0312
14,0.5312,0.0324
14,0.53,0.0336
14,0.5288,0.0348
14,0.5288,0.036
14,0.5276,0.0372
14,0.5264,0.0384
14,0.5252,0.039599999999999996
14,0.524,0.040799999999999996
14,0.524,0.041999999999999996
14,0.5228,0.043199999999999995
14,0.5216,0.044399999999999995
14,0.5204,0.045599999999999995
14,0.5192,0.046799999999999994
14,0.518,0.046799999999999994
14,0.5168,0.047999999999999994
14,0.5156,0.049199999999999994
14,0.5144,0.05039999999999999
14,0.5132,0.05159999999999999
14,0.512,0.05279999999999999
14,0.5108,0.05279999999999999
14,0.5096,0.05399999999999999
14,0.5084,0.05519999999999999
14,0.5072,0.05519999999999999
14,0.506,0.05639999999999999
14,0.5048,0.05639999999999999
14,0.5036,0.0576
14,0.5024,0.0588
14,0.5012,0.0588
14,0.5,0.0588
14,0.4988,0.06
14,0.4976,0.0612
14,0.4964,0.0612
14,0.4952,0.0612
14,0.494,0.0612
14,0.4928,0.0624
14,0.4916,0.0624
14,0.4904,0.06359999999999999
14,0.4892,0.06359999999999999
14,0.488,0.06359999999999999
14,0.4868,0.06359999999999999
14,0.4856,0.0648
14,0.4844,0.0648
14,0.4832,0.0648
14,0.482,0.06599999999999999
14,0.4808,0.06599999999999999
14,0.4796,0.06599999999999999
14,0.4784,0.06599999999999999
14,0.4772,0.06599999999999999
14,0.476,0.0672
14,0.4748,0.0672
14,0.4736,0.0672
14,0.4724,0.0672
14,0.4712,0.0672
14,0.47,0.0672
14,0.4688,0.0672
14,0.4676,0.0672
14,0.4664,0.0672
14,0.4652,0.0672
14,0.464,0.0672
14,0.4628,0.0672
14,0.4616,0.0672
14,0.46040000000000003,0.0672
14,0.4592,0.0672
14,0.458,0.0672
14,0.4568,0.0672
14,0.4556,0.0672
14,0.4544,0.0672
14,0.4532,0.06599999999999999
14,0.452,0.06599999999999999
14,0.4508,0.06599999999999999
14,0.4496,0.06599999999999999
14,0.4484,0.06599999999999999
14,0.4472,0.0648
14,0.446,0.0648
14,0.44480000000000003,0.0648
14,0.4436,0.06359999999999999
14,0.4424,0.06359999999999999
14,0.4412,0.06359999999999999
14,0.44,0.06359999999999999
14,0.4388,0.0624
14,0.4376,0.0624
14,0.4364,0.0612
14,0.43520000000000003,0.0612
14,0.434,0.06
14,0.4328,0.06
14,0.4316,0.0588
14,0.4304,0.0588
14,0.4292,0.0576
14,0.428,0.0576
14,0.4268,0.05639999999999999
14,0.4256,0.05639999999999999
14,0.4244,0.05519999999999999
14,0.4232,0.05399999999999999
14,0.422,0.05399999999999999
14,0.4208,0.05279999999999999
14,0.4196,0.05159999999999999
14,0.4184,0.05159999999999999
14,0.4172,0.05039999999999999
14,0.41600000000000004,0.049199999999999994
14,0.4148,0.047999999999999994
14,0.4136,0.046799999999999994
14,0.4124,0.045599999999999995
14,0.4112,0.044399999999999995
14,0.41000000000000003,0.043199999999999995
14,0.4088,0.041999999999999996
14,0.4076,0.040799999999999996
14,0.4064,0.039599999999999996
14,0.4052,0.0384
14,0.404,0.0372
14,0.4028,0.036
14,0.4028,0.0348
14,0.4016,0.0336
14,0.4004,0.0324
14,0.4004,0.0312
14,0.3992,0.03
14,0.398,0.0288
14,0.398,0.027599999999999996
14,0.39680000000000004,0.026399999999999996
14,0.39680000000000004,0.025199999999999997
14,0.3956,0.023999999999999997
14,0.3956,0.022799999999999997
14,0.39440000000000003,0.021599999999999998
14,0.39440000000000003,0.020399999999999998
14,0.3932,0.0192
14,0.3932,0.018
14,0.392,0.0168
14,0.392,0.0156
14,0.39080000000000004,0.0144
14,0.39080000000000004,0.013199999999999998
14,0.39080000000000004,0.011999999999999999
14,0.39080000000000004,0.010799999999999999
14,0.3896,0.0096
14,0.3896,0.0084
14,0.3896,0.0072
14,0.3884,0.005999999999999999
14,0.3884,0.0048
14,0.3884,0.0036
14,0.3884,0.0024
14,0.3884,0.0012
14,0.3884,0.0
14,0.3872,-0.0012
14,0.3872,-0.0024
14,0.3872,-0.0036
14,0.3872,-0.0048
14,0.3872,-0.005999999999999999
14,0.3872,-0.0072
14,0.386,-0.0084
14,0.38480000000000003,-0.0084
14,0.3836,-0.0084
14,0.3824,-0.0084
14,0.3812,-0.0084
14,0.38,-0.0084
14,0.3788,-0.0084
14,0.3776,-0.0096
14,0.3764,-0.0096
14,0.3752,-0.0096
14,0.374,-0.0096
14,0.3728,-0.0096
14,0.37160000000000004,-0.0096
14,0.3704,-0.0096
14,0.3692,-0.0096
14,0.368,-0.0096
14,0.3668,-0.0096
14,0.36560000000000004,-0.0096
14,0.3644,-0.0084
14,0.3632,-0.0084
14,0.362,-0.0096
14,0.3608,-0.0096
14,0.35960000000000003,-0.0084
14,0.35840000000000005,-0.0096
14,0.3572,-0.0096
14,0.356,-0.010799999999999999
14,0.356,-0.011999999999999999
14,0.3548,-0.013199999999999998
14,0.3548,-0.0144
14,0.3548,-0.0156
14,0.3548,-0.0168
14,0.3548,-0.018
14,0.3548,-0.0192
14,0.3548,-0.020399999999999998
