t,x,y,z,vx,vy,vz,ax,ay,az
0.000000000000000000e+00,4.000000000000000222e-01,-2.000000000000000111e-01,5.000000000000000278e-02,0.000000000000000000e+00,0.000000000000000000e+00,-1.000000000000000056e-01,0.000000000000000000e+00,0.000000000000000000e+00,0.000000000000000000e+00
8.000000000000000167e-03,3.999999999999999667e-01,-1.999999999999999833e-01,4.918032786885245811e-02,0.000000000000000000e+00,0.000000000000000000e+00,-1.000000000000000056e-01,0.000000000000000000e+00,0.000000000000000000e+00,0.000000000000000000e+00
1.600000000000000033e-02,4.000000000000000222e-01,-2.000000000000000111e-01,4.836065573770492038e-02,0.000000000000000000e+00,0.000000000000000000e+00,-1.000000000000000056e-01,0.000000000000000000e+00,0.000000000000000000e+00,0.000000000000000000e+00
2.400000000000000050e-02,3.999999999999999667e-01,-1.999999999999999833e-01,4.754098360655737571e-02,0.000000000000000000e+00,0.000000000000000000e+00,-1.000000000000000056e-01,0.000000000000000000e+00,0.000000000000000000e+00,0.000000000000000000e+00
3.200000000000000067e-02,4.000000000000000222e-01,-2.000000000000000111e-01,4.672131147540983798e-02,0.000000000000000000e+00,0.000000000000000000e+00,-1.000000000000000056e-01,0.000000000000000000e+00,0.000000000000000000e+00,0.000000000000000000e+00
4.000000000000000083e-02,4.000000000000000222e-01,-2.000000000000000111e-01,4.590163934426230025e-02,0.000000000000000000e+00,0.000000000000000000e+00,-1.000000000000000056e-01,0.000000000000000000e+00,0.000000000000000000e+00,0.000000000000000000e+00
4.800000000000000100e-02,4.000000000000000222e-01,-2.000000000000000111e-01,4.508196721311475558e-02,0.000000000000000000e+00,0.000000000000000000e+00,-1.000000000000000056e-01,0.000000000000000000e+00,0.000000000000000000e+00,0.000000000000000000e+00
5.600000000000000117e-02,4.000000000000000222e-01,-2.000000000000000111e-01,4.426229508196721785e-02,0.000000000000000000e+00,0.000000000000000000e+00,-1.000000000000000056e-01,0.000000000000000000e+00,0.000000000000000000e+00,0.000000000000000000e+00
6.400000000000000133e-02,4.000000000000000222e-01,-2.000000000000000111e-01,4.344262295081967318e-02,0.000000000000000000e+00,0.000000000000000000e+00,-1.000000000000000056e-01,0.000000000000000000e+00,0.000000000000000000e+00,0.000000000000000000e+00
7.200000000000000844e-02,4.000000000000000222e-01,-2.000000000000000111e-01,4.262295081967213545e-02,0.000000000000000000e+00,0.000000000000000000e+00,-1.000000000000000056e-01,0.000000000000000000e+00,0.000000000000000000e+00,0.000000000000000000e+00
8.000000000000000167e-02,4.000000000000000777e-01,-2.000000000000000389e-01,4.180327868852459772e-02,0.000000000000000000e+00,0.000000000000000000e+00,-1.000000000000000056e-01,0.000000000000000000e+00,0.000000000000000000e+00,0.000000000000000000e+00
8.799999999999999489e-02,4.000000000000000222e-01,-2.000000000000000111e-01,4.098360655737705305e-02,0.000000000000000000e+00,0.000000000000000000e+00,-1.000000000000000056e-01,0.000000000000000000e+00,0.000000000000000000e+00,0.000000000000000000e+00
9.600000000000000200e-02,4.000000000000000222e-01,-2.000000000000000111e-01,4.016393442622950838e-02,0.000000000000000000e+00,0.000000000000000000e+00,-1.000000000000000056e-01,0.000000000000000000e+00,0.000000000000000000e+00,0.000000000000000000e+00
1.040000000000000091e-01,4.000000000000000222e-01,-2.000000000000000111e-01,3.934426229508197065e-02,0.000000000000000000e+00,0.000000000000000000e+00,-1.000000000000000056e-01,0.000000000000000000e+00,0.000000000000000000e+00,0.000000000000000000e+00
1.120000000000000023e-01,4.000000000000000222e-01,-2.000000000000000111e-01,3.852459016393442598e-02,0.000000000000000000e+00,0.000000000000000000e+00,-1.000000000000000056e-01,0.000000000000000000e+00,0.000000000000000000e+00,0.000000000000000000e+00
1.199999999999999956e-01,4.000000000000000222e-01,-2.000000000000000111e-01,3.770491803278688825e-02,0.000000000000000000e+00,0.000000000000000000e+00,-1.000000000000000056e-01,0.000000000000000000e+00,0.000000000000000000e+00,0.000000000000000000e+00
1.280000000000000027e-01,4.000000000000000222e-01,-2.000000000000000111e-01,3.688524590163934358e-02,0.000000000000000000e+00,0.000000000000000000e+00,-1.000000000000000056e-01,0.000000000000000000e+00,0.000000000000000000e+00,0.000000000000000000e+00
1.360000000000000098e-01,3.999999999999999667e-01,-1.999999999999999833e-01,3.606557377049179891e-02,0.000000000000000000e+00,0.000000000000000000e+00,-1.000000000000000056e-01,0.000000000000000000e+00,0.000000000000000000e+00,0.000000000000000000e+00
1.440000000000000169e-01,4.000000000000000222e-01,-2.000000000000000111e-01,3.524590163934426118e-02,0.000000000000000000e+00,0.000000000000000000e+00,-1.000000000000000056e-01,0.000000000000000000e+00,0.000000000000000000e+00,0.000000000000000000e+00
1.519999999999999962e-01,4.000000000000000222e-01,-2.000000000000000111e-01,3.442622950819672345e-02,0.000000000000000000e+00,0.000000000000000000e+00,-1.000000000000000056e-01,0.000000000000000000e+00,0.000000000000000000e+00,0.000000000000000000e+00
1.600000000000000033e-01,4.000000000000000222e-01,-2.000000000000000111e-01,3.360655737704917878e-02,0.000000000000000000e+00,0.000000000000000000e+00,-1.000000000000000056e-01,0.000000000000000000e+00,0.000000000000000000e+00,0.000000000000000000e+00
1.680000000000000104e-01,4.000000000000000222e-01,-2.000000000000000111e-01,3.278688524590164105e-02,0.000000000000000000e+00,0.000000000000000000e+00,-1.000000000000000056e-01,0.000000000000000000e+00,0.000000000000000000e+00,0.000000000000000000e+00
1.759999999999999898e-01,4.000000000000000222e-01,-2.000000000000000111e-01,3.196721311475410332e-02,0.000000000000000000e+00,0.000000000000000000e+00,-1.000000000000000056e-01,0.000000000000000000e+00,0.000000000000000000e+00,0.000000000000000000e+00
1.839999999999999969e-01,4.000000000000000222e-01,-2.000000000000000111e-01,3.114754098360655865e-02,0.000000000000000000e+00,0.000000000000000000e+00,-1.000000000000000056e-01,0.000000000000000000e+00,0.000000000000000000e+00,0.000000000000000000e+00
1.920000000000000040e-01,4.000000000000000222e-01,-2.000000000000000111e-01,3.032786885245901745e-02,0.000000000000000000e+00,0.000000000000000000e+00,-1.000000000000000056e-01,0.000000000000000000e+00,0.000000000000000000e+00,0.000000000000000000e+00
2.000000000000000111e-01,4.000000000000000222e-01,-2.000000000000000111e-01,2.950819672131147625e-02,0.000000000000000000e+00,0.000000000000000000e+00,-1.000000000000000056e-01,0.000000000000000000e+00,0.000000000000000000e+00,0.000000000000000000e+00
2.080000000000000182e-01,4.000000000000000222e-01,-2.000000000000000111e-01,2.868852459016393505e-02,0.000000000000000000e+00,0.000000000000000000e+00,-1.000000000000000056e-01,0.000000000000000000e+00,0.000000000000000000e+00,0.000000000000000000e+00
2.159999999999999976e-01,4.000000000000000222e-01,-2.000000000000000111e-01,2.786885245901639385e-02,0.000000000000000000e+00,0.000000000000000000e+00,-1.000000000000000056e-01,0.000000000000000000e+00,0.000000000000000000e+00,0.000000000000000000e+00
2.240000000000000047e-01,4.000000000000000222e-01,-2.000000000000000111e-01,2.704918032786884918e-02,0.000000000000000000e+00,0.000000000000000000e+00,-1.000000000000000056e-01,0.000000000000000000e+00,0.000000000000000000e+00,0.000000000000000000e+00
2.320000000000000118e-01,4.000000000000000222e-01,-2.000000000000000111e-01,2.622950819672130798e-02,0.000000000000000000e+00,0.000000000000000000e+00,-1.000000000000000056e-01,0.000000000000000000e+00,0.000000000000000000e+00,0.000000000000000000e+00
2.399999999999999911e-01,4.000000000000000222e-01,-2.000000000000000111e-01,2.540983606557376678e-02,0.000000000000000000e+00,0.000000000000000000e+00,-1.000000000000000056e-01,0.000000000000000000e+00,0.000000000000000000e+00,0.000000000000000000e+00
2.479999999999999982e-01,4.000000000000000222e-01,-2.000000000000000111e-01,2.459016393442622905e-02,0.000000000000000000e+00,0.000000000000000000e+00,-1.000000000000000056e-01,0.000000000000000000e+00,0.000000000000000000e+00,0.000000000000000000e+00
2.560000000000000053e-01,4.000000000000000222e-01,-2.000000000000000111e-01,2.377049180327868785e-02,0.000000000000000000e+00,0.000000000000000000e+00,-1.000000000000000056e-01,0.000000000000000000e+00,0.000000000000000000e+00,0.000000000000000000e+00
2.640000000000000124e-01,4.000000000000000222e-01,-2.000000000000000111e-01,2.295081967213114665e-02,0.000000000000000000e+00,0.000000000000000000e+00,-1.000000000000000056e-01,0.000000000000000000e+00,0.000000000000000000e+00,0.000000000000000000e+00
2.720000000000000195e-01,4.000000000000000222e-01,-2.000000000000000111e-01,2.213114754098360545e-02,0.000000000000000000e+00,0.000000000000000000e+00,-1.000000000000000056e-01,0.000000000000000000e+00,0.000000000000000000e+00,0.000000000000000000e+00
2.800000000000000266e-01,4.000000000000000222e-01,-2.000000000000000111e-01,2.131147540983606425e-02,0.000000000000000000e+00,0.000000000000000000e+00,-1.000000000000000056e-01,0.000000000000000000e+00,0.000000000000000000e+00,0.000000000000000000e+00
2.880000000000000338e-01,4.000000000000000222e-01,-2.000000000000000111e-01,2.049180327868852652e-02,0.000000000000000000e+00,0.000000000000000000e+00,-1.000000000000000056e-01,0.000000000000000000e+00,0.000000000000000000e+00,0.000000000000000000e+00
2.959999999999999853e-01,4.000000000000000222e-01,-2.000000000000000111e-01,1.967213114754098532e-02,0.000000000000000000e+00,0.000000000000000000e+00,-1.000000000000000056e-01,0.000000000000000000e+00,0.000000000000000000e+00,0.000000000000000000e+00
3.039999999999999925e-01,4.000000000000000222e-01,-2.000000000000000111e-01,1.885245901639344412e-02,0.000000000000000000e+00,0.000000000000000000e+00,-1.000000000000000056e-01,0.000000000000000000e+00,0.000000000000000000e+00,0.000000000000000000e+00
3.119999999999999996e-01,4.000000000000000222e-01,-2.000000000000000111e-01,1.803278688524589946e-02,0.000000000000000000e+00,0.000000000000000000e+00,-1.000000000000000056e-01,0.000000000000000000e+00,0.000000000000000000e+00,0.000000000000000000e+00
3.200000000000000067e-01,4.000000000000000222e-01,-2.000000000000000111e-01,1.721311475409835826e-02,0.000000000000000000e+00,0.000000000000000000e+00,-1.000000000000000056e-01,0.000000000000000000e+00,0.000000000000000000e+00,0.000000000000000000e+00
3.280000000000000138e-01,4.000000000000000222e-01,-2.000000000000000111e-01,1.639344262295081706e-02,0.000000000000000000e+00,0.000000000000000000e+00,-1.000000000000000056e-01,0.000000000000000000e+00,0.000000000000000000e+00,0.000000000000000000e+00
3.360000000000000209e-01,4.000000000000000222e-01,-2.000000000000000111e-01,1.557377049180327933e-02,0.000000000000000000e+00,0.000000000000000000e+00,-1.000000000000000056e-01,0.000000000000000000e+00,0.000000000000000000e+00,0.000000000000000000e+00
3.440000000000000280e-01,4.000000000000000222e-01,-2.000000000000000111e-01,1.475409836065573813e-02,0.000000000000000000e+00,0.000000000000000000e+00,-1.000000000000000056e-01,0.000000000000000000e+00,0.000000000000000000e+00,0.000000000000000000e+00
3.519999999999999796e-01,4.000000000000000222e-01,-2.000000000000000111e-01,1.393442622950819693e-02,0.000000000000000000e+00,0.000000000000000000e+00,-1.000000000000000056e-01,0.000000000000000000e+00,0.000000000000000000e+00,0.000000000000000000e+00
3.599999999999999867e-01,4.000000000000000222e-01,-2.000000000000000111e-01,1.311475409836065399e-02,0.000000000000000000e+00,0.000000000000000000e+00,-1.000000000000000056e-01,0.000000000000000000e+00,0.000000000000000000e+00,0.000000000000000000e+00
3.679999999999999938e-01,4.000000000000000222e-01,-2.000000000000000111e-01,1.229508196721311279e-02,0.000000000000000000e+00,0.000000000000000000e+00,-1.000000000000000056e-01,0.000000000000000000e+00,0.000000000000000000e+00,0.000000000000000000e+00
3.760000000000000009e-01,4.000000000000000222e-01,-2.000000000000000111e-01,1.147540983606556986e-02,0.000000000000000000e+00,0.000000000000000000e+00,-1.000000000000000056e-01,0.000000000000000000e+00,0.000000000000000000e+00,0.000000000000000000e+00
3.840000000000000080e-01,4.000000000000000222e-01,-2.000000000000000111e-01,1.065573770491803386e-02,0.000000000000000000e+00,0.000000000000000000e+00,-1.000000000000000056e-01,0.000000000000000000e+00,0.000000000000000000e+00,0.000000000000000000e+00
3.920000000000000151e-01,4.000000000000000222e-01,-2.000000000000000111e-01,9.836065573770492662e-03,0.000000000000000000e+00,0.000000000000000000e+00,-1.000000000000000056e-01,0.000000000000000000e+00,0.000000000000000000e+00,0.000000000000000000e+00
4.000000000000000222e-01,4.000000000000000222e-01,-2.000000000000000111e-01,9.016393442622949728e-03,0.000000000000000000e+00,0.000000000000000000e+00,-1.000000000000000056e-01,0.000000000000000000e+00,0.000000000000000000e+00,0.000000000000000000e+00
4.080000000000000293e-01,4.000000000000000222e-01,-2.000000000000000111e-01,8.196721311475408528e-03,0.000000000000000000e+00,0.000000000000000000e+00,-1.000000000000000056e-01,0.000000000000000000e+00,0.000000000000000000e+00,0.000000000000000000e+00
4.160000000000000364e-01,4.000000000000000222e-01,-2.000000000000000111e-01,7.377049180327866461e-03,0.000000000000000000e+00,0.000000000000000000e+00,-1.000000000000000056e-01,0.000000000000000000e+00,0.000000000000000000e+00,0.000000000000000000e+00
4.239999999999999880e-01,4.000000000000000222e-01,-2.000000000000000111e-01,6.557377049180324394e-03,0.000000000000000000e+00,0.000000000000000000e+00,-1.000000000000000056e-01,0.000000000000000000e+00,0.000000000000000000e+00,0.000000000000000000e+00
4.319999999999999951e-01,4.000000000000000222e-01,-2.000000000000000111e-01,5.737704918032782327e-03,0.000000000000000000e+00,0.000000000000000000e+00,-1.000000000000000056e-01,0.000000000000000000e+00,0.000000000000000000e+00,0.000000000000000000e+00
4.400000000000000022e-01,4.000000000000000222e-01,-2.000000000000000111e-01,4.918032786885246331e-03,0.000000000000000000e+00,0.000000000000000000e+00,-1.000000000000000056e-01,0.000000000000000000e+00,0.000000000000000000e+00,0.000000000000000000e+00
4.480000000000000093e-01,4.000000000000000222e-01,-2.000000000000000111e-01,4.098360655737704264e-03,0.000000000000000000e+00,0.000000000000000000e+00,-1.000000000000000056e-01,0.000000000000000000e+00,0.000000000000000000e+00,0.000000000000000000e+00
4.560000000000000164e-01,4.000000000000000222e-01,-2.000000000000000111e-01,3.278688524590162197e-03,0.000000000000000000e+00,0.000000000000000000e+00,-1.000000000000000056e-01,0.000000000000000000e+00,0.000000000000000000e+00,0.000000000000000000e+00
4.640000000000000235e-01,4.000000000000000222e-01,-2.000000000000000111e-01,2.459016393442620130e-03,0.000000000000000000e+00,0.000000000000000000e+00,-1.000000000000000056e-01,0.000000000000000000e+00,0.000000000000000000e+00,0.000000000000000000e+00
4.720000000000000306e-01,4.000000000000000222e-01,-2.000000000000000111e-01,1.639344262295078280e-03,0.000000000000000000e+00,0.000000000000000000e+00,-1.000000000000000056e-01,0.000000000000000000e+00,0.000000000000000000e+00,0.000000000000000000e+00
4.799999999999999822e-01,4.000000000000000222e-01,-2.000000000000000111e-01,8.196721311475364292e-04,0.000000000000000000e+00,0.000000000000000000e+00,-1.000000000000000056e-01,0.000000000000000000e+00,0.000000000000000000e+00,0.000000000000000000e+00
4.879999999999999893e-01,4.000000000000000222e-01,-2.000000000000000111e-01,0.000000000000000000e+00,0.000000000000000000e+00,0.000000000000000000e+00,-1.000000000000000056e-01,0.000000000000000000e+00,0.000000000000000000e+00,0.000000000000000000e+00
4.959999999999999964e-01,4.000000000000000222e-01,-2.000000000000000111e-01,0.000000000000000000e+00,1.000000000000000056e-01,0.000000000000000000e+00,0.000000000000000000e+00,0.000000000000000000e+00,0.000000000000000000e+00,0.000000000000000000e+00
5.040000000000000036e-01,4.008064516129032362e-01,-2.000000000000000111e-01,0.000000000000000000e+00,1.000000000000000056e-01,0.000000000000000000e+00,0.000000000000000000e+00,0.000000000000000000e+00,0.000000000000000000e+00,0.000000000000000000e+00
5.120000000000000107e-01,4.016129032258065057e-01,-2.000000000000000111e-01,0.000000000000000000e+00,1.000000000000000056e-01,0.000000000000000000e+00,0.000000000000000000e+00,0.000000000000000000e+00,0.000000000000000000e+00,0.000000000000000000e+00
5.200000000000000178e-01,4.024193548387096642e-01,-2.000000000000000111e-01,0.000000000000000000e+00,1.000000000000000056e-01,0.000000000000000000e+00,0.000000000000000000e+00,0.000000000000000000e+00,0.000000000000000000e+00,0.000000000000000000e+00
5.280000000000000249e-01,4.032258064516129337e-01,-2.000000000000000111e-01,0.000000000000000000e+00,1.000000000000000056e-01,0.000000000000000000e+00,0.000000000000000000e+00,0.000000000000000000e+00,0.000000000000000000e+00,0.000000000000000000e+00
5.360000000000000320e-01,4.040322580645161477e-01,-2.000000000000000111e-01,0.000000000000000000e+00,1.000000000000000056e-01,0.000000000000000000e+00,0.000000000000000000e+00,0.000000000000000000e+00,0.000000000000000000e+00,0.000000000000000000e+00
5.440000000000000391e-01,4.048387096774194172e-01,-2.000000000000000111e-01,0.000000000000000000e+00,1.000000000000000056e-01,0.000000000000000000e+00,0.000000000000000000e+00,0.000000000000000000e+00,0.000000000000000000e+00,0.000000000000000000e+00
5.520000000000000462e-01,4.056451612903226311e-01,-2.000000000000000389e-01,0.000000000000000000e+00,1.000000000000000056e-01,0.000000000000000000e+00,0.000000000000000000e+00,0.000000000000000000e+00,0.000000000000000000e+00,0.000000000000000000e+00
5.600000000000000533e-01,4.064516129032258451e-01,-2.000000000000000111e-01,0.000000000000000000e+00,1.000000000000000056e-01,0.000000000000000000e+00,0.000000000000000000e+00,0.000000000000000000e+00,0.000000000000000000e+00,0.000000000000000000e+00
5.680000000000000604e-01,4.072580645161290591e-01,-2.000000000000000111e-01,0.000000000000000000e+00,1.000000000000000056e-01,0.000000000000000000e+00,0.000000000000000000e+00,0.000000000000000000e+00,0.000000000000000000e+00,0.000000000000000000e+00
5.760000000000000675e-01,4.080645161290322731e-01,-2.000000000000000111e-01,0.000000000000000000e+00,1.000000000000000056e-01,0.000000000000000000e+00,0.000000000000000000e+00,0.000000000000000000e+00,0.000000000000000000e+00,0.000000000000000000e+00
5.839999999999999636e-01,4.088709677419355426e-01,-2.000000000000000389e-01,0.000000000000000000e+00,1.000000000000000056e-01,0.000000000000000000e+00,0.000000000000000000e+00,0.000000000000000000e+00,0.000000000000000000e+00,0.000000000000000000e+00
5.919999999999999707e-01,4.096774193548387011e-01,-2.000000000000000111e-01,0.000000000000000000e+00,1.000000000000000056e-01,0.000000000000000000e+00,0.000000000000000000e+00,0.000000000000000000e+00,0.000000000000000000e+00,0.000000000000000000e+00
5.999999999999999778e-01,4.104838709677419706e-01,-2.000000000000000111e-01,0.000000000000000000e+00,1.000000000000000056e-01,0.000000000000000000e+00,0.000000000000000000e+00,0.000000000000000000e+00,0.000000000000000000e+00,0.000000000000000000e+00
6.079999999999999849e-01,4.112903225806451291e-01,-1.999999999999999833e-01,0.000000000000000000e+00,1.000000000000000056e-01,0.000000000000000000e+00,0.000000000000000000e+00,0.000000000000000000e+00,0.000000000000000000e+00,0.000000000000000000e+00
6.159999999999999920e-01,4.120967741935483986e-01,-2.000000000000000111e-01,0.000000000000000000e+00,1.000000000000000056e-01,0.000000000000000000e+00,0.000000000000000000e+00,0.000000000000000000e+00,0.000000000000000000e+00,0.000000000000000000e+00
6.239999999999999991e-01,4.129032258064516125e-01,-2.000000000000000111e-01,0.000000000000000000e+00,1.000000000000000056e-01,0.000000000000000000e+00,0.000000000000000000e+00,0.000000000000000000e+00,0.000000000000000000e+00,0.000000000000000000e+00
6.320000000000000062e-01,4.137096774193548820e-01,-2.000000000000000111e-01,0.000000000000000000e+00,1.000000000000000056e-01,0.000000000000000000e+00,0.000000000000000000e+00,0.000000000000000000e+00,0.000000000000000000e+00,0.000000000000000000e+00
6.400000000000000133e-01,4.145161290322580960e-01,-2.000000000000000111e-01,0.000000000000000000e+00,1.000000000000000056e-01,0.000000000000000000e+00,0.000000000000000000e+00,0.000000000000000000e+00,0.000000000000000000e+00,0.000000000000000000e+00
6.480000000000000204e-01,4.153225806451613100e-01,-2.000000000000000111e-01,0.000000000000000000e+00,1.000000000000000056e-01,0.000000000000000000e+00,0.000000000000000000e+00,0.000000000000000000e+00,0.000000000000000000e+00,0.000000000000000000e+00
6.560000000000000275e-01,4.161290322580645240e-01,-2.000000000000000111e-01,0.000000000000000000e+00,1.000000000000000056e-01,0.000000000000000000e+00,0.000000000000000000e+00,0.000000000000000000e+00,0.000000000000000000e+00,0.000000000000000000e+00
6.640000000000000346e-01,4.169354838709677935e-01,-2.000000000000000111e-01,0.000000000000000000e+00,1.000000000000000056e-01,0.000000000000000000e+00,0.000000000000000000e+00,0.000000000000000000e+00,0.000000000000000000e+00,0.000000000000000000e+00
6.720000000000000417e-01,4.177419354838710075e-01,-2.000000000000000111e-01,0.000000000000000000e+00,1.000000000000000056e-01,0.000000000000000000e+00,0.000000000000000000e+00,0.000000000000000000e+00,0.000000000000000000e+00,0.000000000000000000e+00
6.800000000000000488e-01,4.185483870967742215e-01,-2.000000000000000111e-01,0.000000000000000000e+00,1.000000000000000056e-01,0.000000000000000000e+00,0.000000000000000000e+00,0.000000000000000000e+00,0.000000000000000000e+00,0.000000000000000000e+00
6.880000000000000560e-01,4.193548387096774355e-01,-2.000000000000000111e-01,0.000000000000000000e+00,1.000000000000000056e-01,0.000000000000000000e+00,0.000000000000000000e+00,0.000000000000000000e+00,0.000000000000000000e+00,0.000000000000000000e+00
6.960000000000000631e-01,4.201612903225806495e-01,-2.000000000000000111e-01,0.000000000000000000e+00,1.000000000000000056e-01,0.000000000000000000e+00,0.000000000000000000e+00,0.000000000000000000e+00,0.000000000000000000e+00,0.000000000000000000e+00
7.039999999999999591e-01,4.209677419354839190e-01,-2.000000000000000111e-01,0.000000000000000000e+00,1.000000000000000056e-01,0.000000000000000000e+00,0.000000000000000000e+00,0.000000000000000000e+00,0.000000000000000000e+00,0.000000000000000000e+00
7.119999999999999662e-01,4.217741935483871329e-01,-2.000000000000000111e-01,0.000000000000000000e+00,1.000000000000000056e-01,0.000000000000000000e+00,0.000000000000000000e+00,0.000000000000000000e+00,0.000000000000000000e+00,0.000000000000000000e+00
7.199999999999999734e-01,4.225806451612904024e-01,-2.000000000000000389e-01,0.000000000000000000e+00,1.000000000000000056e-01,0.000000000000000000e+00,0.000000000000000000e+00,0.000000000000000000e+00,0.000000000000000000e+00,0.000000000000000000e+00
7.279999999999999805e-01,4.233870967741935609e-01,-2.000000000000000111e-01,0.000000000000000000e+00,1.000000000000000056e-01,0.000000000000000000e+00,0.000000000000000000e+00,0.000000000000000000e+00,0.000000000000000000e+00,0.000000000000000000e+00
7.359999999999999876e-01,4.241935483870967749e-01,-2.000000000000000111e-01,0.000000000000000000e+00,1.000000000000000056e-01,0.000000000000000000e+00,0.000000000000000000e+00,0.000000000000000000e+00,0.000000000000000000e+00,0.000000000000000000e+00
7.439999999999999947e-01,4.249999999999999889e-01,-2.000000000000000111e-01,0.000000000000000000e+00,1.000000000000000056e-01,0.000000000000000000e+00,0.000000000000000000e+00,0.000000000000000000e+00,0.000000000000000000e+00,0.000000000000000000e+00
7.520000000000000018e-01,4.258064516129032029e-01,-2.000000000000000111e-01,0.000000000000000000e+00,1.000000000000000056e-01,0.000000000000000000e+00,0.000000000000000000e+00,0.000000000000000000e+00,0.000000000000000000e+00,0.000000000000000000e+00
7.600000000000000089e-01,4.266129032258064724e-01,-2.000000000000000111e-01,0.000000000000000000e+00,1.000000000000000056e-01,0.000000000000000000e+00,0.000000000000000000e+00,0.000000000000000000e+00,0.000000000000000000e+00,0.000000000000000000e+00
7.680000000000000160e-01,4.274193548387097419e-01,-2.000000000000000111e-01,0.000000000000000000e+00,1.000000000000000056e-01,0.000000000000000000e+00,0.000000000000000000e+00,0.000000000000000000e+00,0.000000000000000000e+00,0.000000000000000000e+00
7.760000000000000231e-01,4.282258064516129004e-01,-1.999999999999999833e-01,0.000000000000000000e+00,1.000000000000000056e-01,0.000000000000000000e+00,0.000000000000000000e+00,0.000000000000000000e+00,0.000000000000000000e+00,0.000000000000000000e+00
7.840000000000000302e-01,4.290322580645161699e-01,-2.000000000000000111e-01,0.000000000000000000e+00,1.000000000000000056e-01,0.000000000000000000e+00,0.000000000000000000e+00,0.000000000000000000e+00,0.000000000000000000e+00,0.000000000000000000e+00
7.920000000000000373e-01,4.298387096774193838e-01,-2.000000000000000111e-01,0.000000000000000000e+00,1.000000000000000056e-01,0.000000000000000000e+00,0.000000000000000000e+00,0.000000000000000000e+00,0.000000000000000000e+00,0.000000000000000000e+00
8.000000000000000444e-01,4.306451612903225978e-01,-2.000000000000000111e-01,0.000000000000000000e+00,1.000000000000000056e-01,0.000000000000000000e+00,0.000000000000000000e+00,0.000000000000000000e+00,0.000000000000000000e+00,0.000000000000000000e+00
8.080000000000000515e-01,4.314516129032258673e-01,-2.000000000000000111e-01,0.000000000000000000e+00,1.000000000000000056e-01,0.000000000000000000e+00,0.000000000000000000e+00,0.000000000000000000e+00,0.000000000000000000e+00,0.000000000000000000e+00
8.160000000000000586e-01,4.322580645161290258e-01,-2.000000000000000111e-01,0.000000000000000000e+00,1.000000000000000056e-01,0.000000000000000000e+00,0.000000000000000000e+00,0.000000000000000000e+00,0.000000000000000000e+00,0.000000000000000000e+00
8.240000000000000657e-01,4.330645161290322953e-01,-2.000000000000000111e-01,0.000000000000000000e+00,1.000000000000000056e-01,0.000000000000000000e+00,0.000000000000000000e+00,0.000000000000000000e+00,0.000000000000000000e+00,0.000000000000000000e+00
8.320000000000000728e-01,4.338709677419355093e-01,-2.000000000000000111e-01,0.000000000000000000e+00,1.000000000000000056e-01,0.000000000000000000e+00,0.000000000000000000e+00,0.000000000000000000e+00,0.000000000000000000e+00,0.000000000000000000e+00
8.399999999999999689e-01,4.346774193548387233e-01,-2.000000000000000111e-01,0.000000000000000000e+00,1.000000000000000056e-01,0.000000000000000000e+00,0.000000000000000000e+00,0.000000000000000000e+00,0.000000000000000000e+00,0.000000000000000000e+00
8.479999999999999760e-01,4.354838709677419928e-01,-2.000000000000000111e-01,0.000000000000000000e+00,1.000000000000000056e-01,0.000000000000000000e+00,0.000000000000000000e+00,0.000000000000000000e+00,0.000000000000000000e+00,0.000000000000000000e+00
8.559999999999999831e-01,4.362903225806451513e-01,-2.000000000000000111e-01,0.000000000000000000e+00,1.000000000000000056e-01,0.000000000000000000e+00,0.000000000000000000e+00,0.000000000000000000e+00,0.000000000000000000e+00,0.000000000000000000e+00
8.639999999999999902e-01,4.370967741935484208e-01,-2.000000000000000111e-01,0.000000000000000000e+00,1.000000000000000056e-01,0.000000000000000000e+00,0.000000000000000000e+00,0.000000000000000000e+00,0.000000000000000000e+00,0.000000000000000000e+00
8.719999999999999973e-01,4.379032258064516347e-01,-2.000000000000000111e-01,0.000000000000000000e+00,1.000000000000000056e-01,0.000000000000000000e+00,0.000000000000000000e+00,0.000000000000000000e+00,0.000000000000000000e+00,0.000000000000000000e+00
8.800000000000000044e-01,4.387096774193549042e-01,-2.000000000000000389e-01,0.000000000000000000e+00,1.000000000000000056e-01,0.000000000000000000e+00,0.000000000000000000e+00,0.000000000000000000e+00,0.000000000000000000e+00,0.000000000000000000e+00
8.880000000000000115e-01,4.395161290322581182e-01,-2.000000000000000111e-01,0.000000000000000000e+00,1.000000000000000056e-01,0.000000000000000000e+00,0.000000000000000000e+00,0.000000000000000000e+00,0.000000000000000000e+00,0.000000000000000000e+00
8.960000000000000187e-01,4.403225806451613322e-01,-2.000000000000000111e-01,0.000000000000000000e+00,1.000000000000000056e-01,0.000000000000000000e+00,0.000000000000000000e+00,0.000000000000000000e+00,0.000000000000000000e+00,0.000000000000000000e+00
9.040000000000000258e-01,4.411290322580645462e-01,-2.000000000000000111e-01,0.000000000000000000e+00,1.000000000000000056e-01,0.000000000000000000e+00,0.000000000000000000e+00,0.000000000000000000e+00,0.000000000000000000e+00,0.000000000000000000e+00
9.120000000000000329e-01,4.419354838709678157e-01,-2.000000000000000111e-01,0.000000000000000000e+00,1.000000000000000056e-01,0.000000000000000000e+00,0.000000000000000000e+00,0.000000000000000000e+00,0.000000000000000000e+00,0.000000000000000000e+00
9.200000000000000400e-01,4.427419354838710297e-01,-2.000000000000000389e-01,0.000000000000000000e+00,1.000000000000000056e-01,0.000000000000000000e+00,0.000000000000000000e+00,0.000000000000000000e+00,0.000000000000000000e+00,0.000000000000000000e+00
9.280000000000000471e-01,4.435483870967742437e-01,-2.000000000000000111e-01,0.000000000000000000e+00,1.000000000000000056e-01,0.000000000000000000e+00,0.000000000000000000e+00,0.000000000000000000e+00,0.000000000000000000e+00,0.000000000000000000e+00
9.360000000000000542e-01,4.443548387096774577e-01,-2.000000000000000111e-01,0.000000000000000000e+00,1.000000000000000056e-01,0.000000000000000000e+00,0.000000000000000000e+00,0.000000000000000000e+00,0.000000000000000000e+00,0.000000000000000000e+00
9.440000000000000613e-01,4.451612903225806717e-01,-2.000000000000000111e-01,0.000000000000000000e+00,1.000000000000000056e-01,0.000000000000000000e+00,0.000000000000000000e+00,0.000000000000000000e+00,0.000000000000000000e+00,0.000000000000000000e+00
9.520000000000000684e-01,4.459677419354839412e-01,-2.000000000000000111e-01,0.000000000000000000e+00,1.000000000000000056e-01,0.000000000000000000e+00,0.000000000000000000e+00,0.000000000000000000e+00,0.000000000000000000e+00,0.000000000000000000e+00
9.599999999999999645e-01,4.467741935483871552e-01,-2.000000000000000389e-01,0.000000000000000000e+00,1.000000000000000056e-01,0.000000000000000000e+00,0.000000000000000000e+00,0.000000000000000000e+00,0.000000000000000000e+00,0.000000000000000000e+00
9.679999999999999716e-01,4.475806451612903691e-01,-2.000000000000000111e-01,0.000000000000000000e+00,1.000000000000000056e-01,0.000000000000000000e+00,0.000000000000000000e+00,0.000000000000000000e+00,0.000000000000000000e+00,0.000000000000000000e+00
9.759999999999999787e-01,4.483870967741935831e-01,-2.000000000000000111e-01,0.000000000000000000e+00,1.000000000000000056e-01,0.000000000000000000e+00,0.000000000000000000e+00,0.000000000000000000e+00,0.000000000000000000e+00,0.000000000000000000e+00
9.839999999999999858e-01,4.491935483870967971e-01,-2.000000000000000111e-01,0.000000000000000000e+00,1.000000000000000056e-01,0.000000000000000000e+00,0.000000000000000000e+00,0.000000000000000000e+00,0.000000000000000000e+00,0.000000000000000000e+00
9.919999999999999929e-01,4.500000000000000666e-01,-2.000000000000000111e-01,0.000000000000000000e+00,1.000000000000000056e-01,0.000000000000000000e+00,0.000000000000000000e+00,0.000000000000000000e+00,0.000000000000000000e+00,0.000000000000000000e+00
1.000000000000000000e+00,4.508064516129032806e-01,-2.000000000000000111e-01,0.000000000000000000e+00,1.000000000000000056e-01,0.000000000000000000e+00,0.000000000000000000e+00,0.000000000000000000e+00,0.000000000000000000e+00,0.000000000000000000e+00
1.008000000000000007e+00,4.516129032258064946e-01,-2.000000000000000111e-01,0.000000000000000000e+00,1.000000000000000056e-01,0.000000000000000000e+00,0.000000000000000000e+00,0.000000000000000000e+00,0.000000000000000000e+00,0.000000000000000000e+00
1.016000000000000014e+00,4.524193548387096531e-01,-2.000000000000000111e-01,0.000000000000000000e+00,1.000000000000000056e-01,0.000000000000000000e+00,0.000000000000000000e+00,0.000000000000000000e+00,0.000000000000000000e+00,0.000000000000000000e+00
1.024000000000000021e+00,4.532258064516129226e-01,-2.000000000000000111e-01,0.000000000000000000e+00,1.000000000000000056e-01,0.000000000000000000e+00,0.000000000000000000e+00,0.000000000000000000e+00,0.000000000000000000e+00,0.000000000000000000e+00
1.032000000000000028e+00,4.540322580645161921e-01,-2.000000000000000111e-01,0.000000000000000000e+00,1.000000000000000056e-01,0.000000000000000000e+00,0.000000000000000000e+00,0.000000000000000000e+00,0.000000000000000000e+00,0.000000000000000000e+00
1.040000000000000036e+00,4.548387096774194061e-01,-2.000000000000000111e-01,0.000000000000000000e+00,1.000000000000000056e-01,0.000000000000000000e+00,0.000000000000000000e+00,0.000000000000000000e+00,0.000000000000000000e+00,0.000000000000000000e+00
1.048000000000000043e+00,4.556451612903226200e-01,-2.000000000000000111e-01,0.000000000000000000e+00,1.000000000000000056e-01,0.000000000000000000e+00,0.000000000000000000e+00,0.000000000000000000e+00,0.000000000000000000e+00,0.000000000000000000e+00
1.056000000000000050e+00,4.564516129032258340e-01,-2.000000000000000111e-01,0.000000000000000000e+00,1.000000000000000056e-01,0.000000000000000000e+00,0.000000000000000000e+00,0.000000000000000000e+00,0.000000000000000000e+00,0.000000000000000000e+00
1.064000000000000057e+00,4.572580645161290480e-01,-2.000000000000000111e-01,0.000000000000000000e+00,1.000000000000000056e-01,0.000000000000000000e+00,0.000000000000000000e+00,0.000000000000000000e+00,0.000000000000000000e+00,0.000000000000000000e+00
1.072000000000000064e+00,4.580645161290322620e-01,-2.000000000000000111e-01,0.000000000000000000e+00,1.000000000000000056e-01,0.000000000000000000e+00,0.000000000000000000e+00,0.000000000000000000e+00,0.000000000000000000e+00,0.000000000000000000e+00
1.080000000000000071e+00,4.588709677419354760e-01,-2.000000000000000111e-01,0.000000000000000000e+00,1.000000000000000056e-01,0.000000000000000000e+00,0.000000000000000000e+00,0.000000000000000000e+00,0.000000000000000000e+00,0.000000000000000000e+00
1.088000000000000078e+00,4.596774193548387455e-01,-2.000000000000000111e-01,0.000000000000000000e+00,1.000000000000000056e-01,0.000000000000000000e+00,0.000000000000000000e+00,0.000000000000000000e+00,0.000000000000000000e+00,0.000000000000000000e+00
1.096000000000000085e+00,4.604838709677419040e-01,-2.000000000000000111e-01,0.000000000000000000e+00,1.000000000000000056e-01,0.000000000000000000e+00,0.000000000000000000e+00,0.000000000000000000e+00,0.000000000000000000e+00,0.000000000000000000e+00
1.104000000000000092e+00,4.612903225806451735e-01,-2.000000000000000111e-01,0.000000000000000000e+00,1.000000000000000056e-01,0.000000000000000000e+00,0.000000000000000000e+00,0.000000000000000000e+00,0.000000000000000000e+00,0.000000000000000000e+00
1.112000000000000099e+00,4.620967741935483875e-01,-2.000000000000000111e-01,0.000000000000000000e+00,1.000000000000000056e-01,0.000000000000000000e+00,0.000000000000000000e+00,0.000000000000000000e+00,0.000000000000000000e+00,0.000000000000000000e+00
1.120000000000000107e+00,4.629032258064516014e-01,-2.000000000000000111e-01,0.000000000000000000e+00,1.000000000000000056e-01,0.000000000000000000e+00,0.000000000000000000e+00,0.000000000000000000e+00,0.000000000000000000e+00,0.000000000000000000e+00
1.128000000000000114e+00,4.637096774193548709e-01,-2.000000000000000111e-01,0.000000000000000000e+00,1.000000000000000056e-01,0.000000000000000000e+00,0.000000000000000000e+00,0.000000000000000000e+00,0.000000000000000000e+00,0.000000000000000000e+00
1.136000000000000121e+00,4.645161290322580294e-01,-2.000000000000000111e-01,0.000000000000000000e+00,1.000000000000000056e-01,0.000000000000000000e+00,0.000000000000000000e+00,0.000000000000000000e+00,0.000000000000000000e+00,0.000000000000000000e+00
1.144000000000000128e+00,4.653225806451612989e-01,-2.000000000000000111e-01,0.000000000000000000e+00,1.000000000000000056e-01,0.000000000000000000e+00,0.000000000000000000e+00,0.000000000000000000e+00,0.000000000000000000e+00,0.000000000000000000e+00
1.152000000000000135e+00,4.661290322580645129e-01,-2.000000000000000111e-01,0.000000000000000000e+00,1.000000000000000056e-01,0.000000000000000000e+00,0.000000000000000000e+00,0.000000000000000000e+00,0.000000000000000000e+00,0.000000000000000000e+00
1.159999999999999920e+00,4.669354838709677269e-01,-2.000000000000000111e-01,0.000000000000000000e+00,1.000000000000000056e-01,0.000000000000000000e+00,0.000000000000000000e+00,0.000000000000000000e+00,0.000000000000000000e+00,0.000000000000000000e+00
1.167999999999999927e+00,4.677419354838709964e-01,-2.000000000000000111e-01,0.000000000000000000e+00,1.000000000000000056e-01,0.000000000000000000e+00,0.000000000000000000e+00,0.000000000000000000e+00,0.000000000000000000e+00,0.000000000000000000e+00
1.175999999999999934e+00,4.685483870967742659e-01,-2.000000000000000111e-01,0.000000000000000000e+00,1.000000000000000056e-01,0.000000000000000000e+00,0.000000000000000000e+00,0.000000000000000000e+00,0.000000000000000000e+00,0.000000000000000000e+00
1.183999999999999941e+00,4.693548387096774244e-01,-2.000000000000000111e-01,0.000000000000000000e+00,1.000000000000000056e-01,0.000000000000000000e+00,0.000000000000000000e+00,0.000000000000000000e+00,0.000000000000000000e+00,0.000000000000000000e+00
1.191999999999999948e+00,4.701612903225806939e-01,-2.000000000000000111e-01,0.000000000000000000e+00,1.000000000000000056e-01,0.000000000000000000e+00,0.000000000000000000e+00,0.000000000000000000e+00,0.000000000000000000e+00,0.000000000000000000e+00
1.199999999999999956e+00,4.709677419354839079e-01,-2.000000000000000111e-01,0.000000000000000000e+00,1.000000000000000056e-01,0.000000000000000000e+00,0.000000000000000000e+00,0.000000000000000000e+00,0.000000000000000000e+00,0.000000000000000000e+00
1.207999999999999963e+00,4.717741935483871218e-01,-2.000000000000000111e-01,0.000000000000000000e+00,1.000000000000000056e-01,0.000000000000000000e+00,0.000000000000000000e+00,0.000000000000000000e+00,0.000000000000000000e+00,0.000000000000000000e+00
1.215999999999999970e+00,4.725806451612903913e-01,-2.000000000000000111e-01,0.000000000000000000e+00,1.000000000000000056e-01,0.000000000000000000e+00,0.000000000000000000e+00,0.000000000000000000e+00,0.000000000000000000e+00,0.000000000000000000e+00
1.223999999999999977e+00,4.733870967741935498e-01,-2.000000000000000111e-01,0.000000000000000000e+00,1.000000000000000056e-01,0.000000000000000000e+00,0.000000000000000000e+00,0.000000000000000000e+00,0.000000000000000000e+00,0.000000000000000000e+00
1.231999999999999984e+00,4.741935483870968193e-01,-2.000000000000000111e-01,0.000000000000000000e+00,1.000000000000000056e-01,0.000000000000000000e+00,0.000000000000000000e+00,0.000000000000000000e+00,0.000000000000000000e+00,0.000000000000000000e+00
1.239999999999999991e+00,4.750000000000000333e-01,-2.000000000000000111e-01,0.000000000000000000e+00,1.000000000000000056e-01,0.000000000000000000e+00,0.000000000000000000e+00,0.000000000000000000e+00,0.000000000000000000e+00,0.000000000000000000e+00
1.247999999999999998e+00,4.758064516129032473e-01,-2.000000000000000111e-01,0.000000000000000000e+00,1.000000000000000056e-01,0.000000000000000000e+00,0.000000000000000000e+00,0.000000000000000000e+00,0.000000000000000000e+00,0.000000000000000000e+00
1.256000000000000005e+00,4.766129032258065168e-01,-2.000000000000000111e-01,0.000000000000000000e+00,1.000000000000000056e-01,0.000000000000000000e+00,0.000000000000000000e+00,0.000000000000000000e+00,0.000000000000000000e+00,0.000000000000000000e+00
1.264000000000000012e+00,4.774193548387096753e-01,-2.000000000000000111e-01,0.000000000000000000e+00,1.000000000000000056e-01,0.000000000000000000e+00,0.000000000000000000e+00,0.000000000000000000e+00,0.000000000000000000e+00,0.000000000000000000e+00
1.272000000000000020e+00,4.782258064516129448e-01,-2.000000000000000111e-01,0.000000000000000000e+00,1.000000000000000056e-01,0.000000000000000000e+00,0.000000000000000000e+00,0.000000000000000000e+00,0.000000000000000000e+00,0.000000000000000000e+00
1.280000000000000027e+00,4.790322580645161588e-01,-2.000000000000000111e-01,0.000000000000000000e+00,1.000000000000000056e-01,0.000000000000000000e+00,0.000000000000000000e+00,0.000000000000000000e+00,0.000000000000000000e+00,0.000000000000000000e+00
1.288000000000000034e+00,4.798387096774194283e-01,-2.000000000000000111e-01,0.000000000000000000e+00,1.000000000000000056e-01,0.000000000000000000e+00,0.000000000000000000e+00,0.000000000000000000e+00,0.000000000000000000e+00,0.000000000000000000e+00
1.296000000000000041e+00,4.806451612903226422e-01,-2.000000000000000111e-01,0.000000000000000000e+00,1.000000000000000056e-01,0.000000000000000000e+00,0.000000000000000000e+00,0.000000000000000000e+00,0.000000000000000000e+00,0.000000000000000000e+00
1.304000000000000048e+00,4.814516129032258007e-01,-2.000000000000000111e-01,0.000000000000000000e+00,1.000000000000000056e-01,0.000000000000000000e+00,0.000000000000000000e+00,0.000000000000000000e+00,0.000000000000000000e+00,0.000000000000000000e+00
1.312000000000000055e+00,4.822580645161290702e-01,-2.000000000000000111e-01,0.000000000000000000e+00,1.000000000000000056e-01,0.000000000000000000e+00,0.000000000000000000e+00,0.000000000000000000e+00,0.000000000000000000e+00,0.000000000000000000e+00
1.320000000000000062e+00,4.830645161290322842e-01,-2.000000000000000111e-01,0.000000000000000000e+00,1.000000000000000056e-01,0.000000000000000000e+00,0.000000000000000000e+00,0.000000000000000000e+00,0.000000000000000000e+00,0.000000000000000000e+00
1.328000000000000069e+00,4.838709677419355537e-01,-2.000000000000000111e-01,0.000000000000000000e+00,1.000000000000000056e-01,0.000000000000000000e+00,0.000000000000000000e+00,0.000000000000000000e+00,0.000000000000000000e+00,0.000000000000000000e+00
1.336000000000000076e+00,4.846774193548387677e-01,-2.000000000000000111e-01,0.000000000000000000e+00,1.000000000000000056e-01,0.000000000000000000e+00,0.000000000000000000e+00,0.000000000000000000e+00,0.000000000000000000e+00,0.000000000000000000e+00
1.344000000000000083e+00,4.854838709677419262e-01,-2.000000000000000111e-01,0.000000000000000000e+00,1.000000000000000056e-01,0.000000000000000000e+00,0.000000000000000000e+00,0.000000000000000000e+00,0.000000000000000000e+00,0.000000000000000000e+00
1.352000000000000091e+00,4.862903225806451957e-01,-2.000000000000000111e-01,0.000000000000000000e+00,1.000000000000000056e-01,0.000000000000000000e+00,0.000000000000000000e+00,0.000000000000000000e+00,0.000000000000000000e+00,0.000000000000000000e+00
1.360000000000000098e+00,4.870967741935484097e-01,-2.000000000000000111e-01,0.000000000000000000e+00,1.000000000000000056e-01,0.000000000000000000e+00,0.000000000000000000e+00,0.000000000000000000e+00,0.000000000000000000e+00,0.000000000000000000e+00
1.368000000000000105e+00,4.879032258064516792e-01,-2.000000000000000111e-01,0.000000000000000000e+00,1.000000000000000056e-01,0.000000000000000000e+00,0.000000000000000000e+00,0.000000000000000000e+00,0.000000000000000000e+00,0.000000000000000000e+00
1.376000000000000112e+00,4.887096774193548931e-01,-2.000000000000000111e-01,0.000000000000000000e+00,1.000000000000000056e-01,0.000000000000000000e+00,0.000000000000000000e+00,0.000000000000000000e+00,0.000000000000000000e+00,0.000000000000000000e+00
1.384000000000000119e+00,4.895161290322580516e-01,-2.000000000000000111e-01,0.000000000000000000e+00,1.000000000000000056e-01,0.000000000000000000e+00,0.000000000000000000e+00,0.000000000000000000e+00,0.000000000000000000e+00,0.000000000000000000e+00
1.392000000000000126e+00,4.903225806451613211e-01,-2.000000000000000111e-01,0.000000000000000000e+00,1.000000000000000056e-01,0.000000000000000000e+00,0.000000000000000000e+00,0.000000000000000000e+00,0.000000000000000000e+00,0.000000000000000000e+00
1.400000000000000133e+00,4.911290322580645351e-01,-2.000000000000000111e-01,0.000000000000000000e+00,1.000000000000000056e-01,0.000000000000000000e+00,0.000000000000000000e+00,0.000000000000000000e+00,0.000000000000000000e+00,0.000000000000000000e+00
1.407999999999999918e+00,4.919354838709678046e-01,-2.000000000000000111e-01,0.000000000000000000e+00,1.000000000000000056e-01,0.000000000000000000e+00,0.000000000000000000e+00,0.000000000000000000e+00,0.000000000000000000e+00,0.000000000000000000e+00
1.415999999999999925e+00,4.927419354838710186e-01,-2.000000000000000111e-01,0.000000000000000000e+00,1.000000000000000056e-01,0.000000000000000000e+00,0.000000000000000000e+00,0.000000000000000000e+00,0.000000000000000000e+00,0.000000000000000000e+00
1.423999999999999932e+00,4.935483870967741771e-01,-2.000000000000000111e-01,0.000000000000000000e+00,1.000000000000000056e-01,0.000000000000000000e+00,0.000000000000000000e+00,0.000000000000000000e+00,0.000000000000000000e+00,0.000000000000000000e+00
1.431999999999999940e+00,4.943548387096774466e-01,-2.000000000000000111e-01,0.000000000000000000e+00,1.000000000000000056e-01,0.000000000000000000e+00,0.000000000000000000e+00,0.000000000000000000e+00,0.000000000000000000e+00,0.000000000000000000e+00
1.439999999999999947e+00,4.951612903225806606e-01,-2.000000000000000111e-01,0.000000000000000000e+00,1.000000000000000056e-01,0.000000000000000000e+00,0.000000000000000000e+00,0.000000000000000000e+00,0.000000000000000000e+00,0.000000000000000000e+00
1.447999999999999954e+00,4.959677419354839301e-01,-2.000000000000000111e-01,0.000000000000000000e+00,1.000000000000000056e-01,0.000000000000000000e+00,0.000000000000000000e+00,0.000000000000000000e+00,0.000000000000000000e+00,0.000000000000000000e+00
1.455999999999999961e+00,4.967741935483871440e-01,-2.000000000000000111e-01,0.000000000000000000e+00,1.000000000000000056e-01,0.000000000000000000e+00,0.000000000000000000e+00,0.000000000000000000e+00,0.000000000000000000e+00,0.000000000000000000e+00
1.463999999999999968e+00,4.975806451612903025e-01,-2.000000000000000111e-01,0.000000000000000000e+00,1.000000000000000056e-01,0.000000000000000000e+00,0.000000000000000000e+00,0.000000000000000000e+00,0.000000000000000000e+00,0.000000000000000000e+00
1.471999999999999975e+00,4.983870967741935720e-01,-2.000000000000000111e-01,0.000000000000000000e+00,1.000000000000000056e-01,0.000000000000000000e+00,0.000000000000000000e+00,0.000000000000000000e+00,0.000000000000000000e+00,0.000000000000000000e+00
1.479999999999999982e+00,4.991935483870968415e-01,-2.000000000000000111e-01,0.000000000000000000e+00,1.000000000000000056e-01,0.000000000000000000e+00,0.000000000000000000e+00,0.000000000000000000e+00,0.000000000000000000e+00,0.000000000000000000e+00
1.487999999999999989e+00,5.000000000000000000e-01,-2.000000000000000111e-01,0.000000000000000000e+00,1.000000000000000056e-01,0.000000000000000000e+00,0.000000000000000000e+00,0.000000000000000000e+00,0.000000000000000000e+00,0.000000000000000000e+00
1.495999999999999996e+00,5.008064516129032695e-01,-2.000000000000000111e-01,0.000000000000000000e+00,1.000000000000000056e-01,0.000000000000000000e+00,0.000000000000000000e+00,0.000000000000000000e+00,0.000000000000000000e+00,0.000000000000000000e+00
1.504000000000000004e+00,5.016129032258065390e-01,-2.000000000000000111e-01,0.000000000000000000e+00,1.000000000000000056e-01,0.000000000000000000e+00,0.000000000000000000e+00,0.000000000000000000e+00,0.000000000000000000e+00,0.000000000000000000e+00
1.512000000000000011e+00,5.024193548387096975e-01,-2.000000000000000111e-01,0.000000000000000000e+00,1.000000000000000056e-01,0.000000000000000000e+00,0.000000000000000000e+00,0.000000000000000000e+00,0.000000000000000000e+00,0.000000000000000000e+00
1.520000000000000018e+00,5.032258064516129670e-01,-2.000000000000000111e-01,0.000000000000000000e+00,1.000000000000000056e-01,0.000000000000000000e+00,0.000000000000000000e+00,0.000000000000000000e+00,0.000000000000000000e+00,0.000000000000000000e+00
1.528000000000000025e+00,5.040322580645162365e-01,-2.000000000000000111e-01,0.000000000000000000e+00,1.000000000000000056e-01,0.000000000000000000e+00,0.000000000000000000e+00,0.000000000000000000e+00,0.000000000000000000e+00,0.000000000000000000e+00
1.536000000000000032e+00,5.048387096774193949e-01,-2.000000000000000111e-01,0.000000000000000000e+00,1.000000000000000056e-01,0.000000000000000000e+00,0.000000000000000000e+00,0.000000000000000000e+00,0.000000000000000000e+00,0.000000000000000000e+00
1.544000000000000039e+00,5.056451612903226644e-01,-2.000000000000000111e-01,0.000000000000000000e+00,1.000000000000000056e-01,0.000000000000000000e+00,0.000000000000000000e+00,0.000000000000000000e+00,0.000000000000000000e+00,0.000000000000000000e+00
1.552000000000000046e+00,5.064516129032258229e-01,-2.000000000000000111e-01,0.000000000000000000e+00,1.000000000000000056e-01,0.000000000000000000e+00,0.000000000000000000e+00,0.000000000000000000e+00,0.000000000000000000e+00,0.000000000000000000e+00
1.560000000000000053e+00,5.072580645161290924e-01,-2.000000000000000111e-01,0.000000000000000000e+00,1.000000000000000056e-01,0.000000000000000000e+00,0.000000000000000000e+00,0.000000000000000000e+00,0.000000000000000000e+00,0.000000000000000000e+00
1.568000000000000060e+00,5.080645161290322509e-01,-2.000000000000000111e-01,0.000000000000000000e+00,1.000000000000000056e-01,0.000000000000000000e+00,0.000000000000000000e+00,0.000000000000000000e+00,0.000000000000000000e+00,0.000000000000000000e+00
1.576000000000000068e+00,5.088709677419355204e-01,-2.000000000000000111e-01,0.000000000000000000e+00,1.000000000000000056e-01,0.000000000000000000e+00,0.000000000000000000e+00,0.000000000000000000e+00,0.000000000000000000e+00,0.000000000000000000e+00
1.584000000000000075e+00,5.096774193548387899e-01,-2.000000000000000111e-01,0.000000000000000000e+00,1.000000000000000056e-01,0.000000000000000000e+00,0.000000000000000000e+00,0.000000000000000000e+00,0.000000000000000000e+00,0.000000000000000000e+00
1.592000000000000082e+00,5.104838709677419484e-01,-2.000000000000000111e-01,0.000000000000000000e+00,1.000000000000000056e-01,0.000000000000000000e+00,0.000000000000000000e+00,0.000000000000000000e+00,0.000000000000000000e+00,0.000000000000000000e+00
1.600000000000000089e+00,5.112903225806452179e-01,-2.000000000000000111e-01,0.000000000000000000e+00,1.000000000000000056e-01,0.000000000000000000e+00,0.000000000000000000e+00,0.000000000000000000e+00,0.000000000000000000e+00,0.000000000000000000e+00
1.608000000000000096e+00,5.120967741935484874e-01,-2.000000000000000111e-01,0.000000000000000000e+00,1.000000000000000056e-01,0.000000000000000000e+00,0.000000000000000000e+00,0.000000000000000000e+00,0.000000000000000000e+00,0.000000000000000000e+00
1.616000000000000103e+00,5.129032258064516459e-01,-2.000000000000000111e-01,0.000000000000000000e+00,1.000000000000000056e-01,0.000000000000000000e+00,0.000000000000000000e+00,0.000000000000000000e+00,0.000000000000000000e+00,0.000000000000000000e+00
1.624000000000000110e+00,5.137096774193549154e-01,-2.000000000000000111e-01,0.000000000000000000e+00,1.000000000000000056e-01,0.000000000000000000e+00,0.000000000000000000e+00,0.000000000000000000e+00,0.000000000000000000e+00,0.000000000000000000e+00
1.632000000000000117e+00,5.145161290322580738e-01,-2.000000000000000111e-01,0.000000000000000000e+00,1.000000000000000056e-01,0.000000000000000000e+00,0.000000000000000000e+00,0.000000000000000000e+00,0.000000000000000000e+00,0.000000000000000000e+00
1.640000000000000124e+00,5.153225806451613433e-01,-2.000000000000000111e-01,0.000000000000000000e+00,1.000000000000000056e-01,0.000000000000000000e+00,0.000000000000000000e+00,0.000000000000000000e+00,0.000000000000000000e+00,0.000000000000000000e+00
1.648000000000000131e+00,5.161290322580646128e-01,-2.000000000000000111e-01,0.000000000000000000e+00,1.000000000000000056e-01,0.000000000000000000e+00,0.000000000000000000e+00,0.000000000000000000e+00,0.000000000000000000e+00,0.000000000000000000e+00
1.656000000000000139e+00,5.169354838709677713e-01,-2.000000000000000111e-01,0.000000000000000000e+00,1.000000000000000056e-01,0.000000000000000000e+00,0.000000000000000000e+00,0.000000000000000000e+00,0.000000000000000000e+00,0.000000000000000000e+00
1.664000000000000146e+00,5.177419354838710408e-01,-2.000000000000000111e-01,0.000000000000000000e+00,1.000000000000000056e-01,0.000000000000000000e+00,0.000000000000000000e+00,0.000000000000000000e+00,0.000000000000000000e+00,0.000000000000000000e+00
1.671999999999999931e+00,5.185483870967741993e-01,-2.000000000000000111e-01,0.000000000000000000e+00,1.000000000000000056e-01,0.000000000000000000e+00,0.000000000000000000e+00,0.000000000000000000e+00,0.000000000000000000e+00,0.000000000000000000e+00
1.679999999999999938e+00,5.193548387096774688e-01,-2.000000000000000111e-01,0.000000000000000000e+00,1.000000000000000056e-01,0.000000000000000000e+00,0.000000000000000000e+00,0.000000000000000000e+00,0.000000000000000000e+00,0.000000000000000000e+00
1.687999999999999945e+00,5.201612903225807383e-01,-2.000000000000000111e-01,0.000000000000000000e+00,1.000000000000000056e-01,0.000000000000000000e+00,0.000000000000000000e+00,0.000000000000000000e+00,0.000000000000000000e+00,0.000000000000000000e+00
1.695999999999999952e+00,5.209677419354838968e-01,-2.000000000000000111e-01,0.000000000000000000e+00,1.000000000000000056e-01,0.000000000000000000e+00,0.000000000000000000e+00,0.000000000000000000e+00,0.000000000000000000e+00,0.000000000000000000e+00
1.703999999999999959e+00,5.217741935483871663e-01,-2.000000000000000111e-01,0.000000000000000000e+00,1.000000000000000056e-01,0.000000000000000000e+00,0.000000000000000000e+00,0.000000000000000000e+00,0.000000000000000000e+00,0.000000000000000000e+00
1.711999999999999966e+00,5.225806451612903247e-01,-2.000000000000000111e-01,0.000000000000000000e+00,1.000000000000000056e-01,0.000000000000000000e+00,0.000000000000000000e+00,0.000000000000000000e+00,0.000000000000000000e+00,0.000000000000000000e+00
1.719999999999999973e+00,5.233870967741935942e-01,-2.000000000000000111e-01,0.000000000000000000e+00,1.000000000000000056e-01,0.000000000000000000e+00,0.000000000000000000e+00,0.000000000000000000e+00,0.000000000000000000e+00,0.000000000000000000e+00
1.727999999999999980e+00,5.241935483870968637e-01,-2.000000000000000111e-01,0.000000000000000000e+00,1.000000000000000056e-01,0.000000000000000000e+00,0.000000000000000000e+00,0.000000000000000000e+00,0.000000000000000000e+00,0.000000000000000000e+00
1.735999999999999988e+00,5.250000000000000222e-01,-2.000000000000000111e-01,0.000000000000000000e+00,1.000000000000000056e-01,0.000000000000000000e+00,0.000000000000000000e+00,0.000000000000000000e+00,0.000000000000000000e+00,0.000000000000000000e+00
1.743999999999999995e+00,5.258064516129032917e-01,-2.000000000000000111e-01,0.000000000000000000e+00,1.000000000000000056e-01,0.000000000000000000e+00,0.000000000000000000e+00,0.000000000000000000e+00,0.000000000000000000e+00,0.000000000000000000e+00
1.752000000000000002e+00,5.266129032258064502e-01,-2.000000000000000111e-01,0.000000000000000000e+00,1.000000000000000056e-01,0.000000000000000000e+00,0.000000000000000000e+00,0.000000000000000000e+00,0.000000000000000000e+00,0.000000000000000000e+00
1.760000000000000009e+00,5.274193548387097197e-01,-2.000000000000000111e-01,0.000000000000000000e+00,1.000000000000000056e-01,0.000000000000000000e+00,0.000000000000000000e+00,0.000000000000000000e+00,0.000000000000000000e+00,0.000000000000000000e+00
1.768000000000000016e+00,5.282258064516129892e-01,-2.000000000000000111e-01,0.000000000000000000e+00,1.000000000000000056e-01,0.000000000000000000e+00,0.000000000000000000e+00,0.000000000000000000e+00,0.000000000000000000e+00,0.000000000000000000e+00
1.776000000000000023e+00,5.290322580645161477e-01,-2.000000000000000111e-01,0.000000000000000000e+00,1.000000000000000056e-01,0.000000000000000000e+00,0.000000000000000000e+00,0.000000000000000000e+00,0.000000000000000000e+00,0.000000000000000000e+00
1.784000000000000030e+00,5.298387096774194172e-01,-2.000000000000000111e-01,0.000000000000000000e+00,1.000000000000000056e-01,0.000000000000000000e+00,0.000000000000000000e+00,0.000000000000000000e+00,0.000000000000000000e+00,0.000000000000000000e+00
1.792000000000000037e+00,5.306451612903225756e-01,-2.000000000000000111e-01,0.000000000000000000e+00,1.000000000000000056e-01,0.000000000000000000e+00,0.000000000000000000e+00,0.000000000000000000e+00,0.000000000000000000e+00,0.000000000000000000e+00
1.800000000000000044e+00,5.314516129032258451e-01,-2.000000000000000111e-01,0.000000000000000000e+00,1.000000000000000056e-01,0.000000000000000000e+00,0.000000000000000000e+00,0.000000000000000000e+00,0.000000000000000000e+00,0.000000000000000000e+00
1.808000000000000052e+00,5.322580645161291146e-01,-2.000000000000000111e-01,0.000000000000000000e+00,1.000000000000000056e-01,0.000000000000000000e+00,0.000000000000000000e+00,0.000000000000000000e+00,0.000000000000000000e+00,0.000000000000000000e+00
1.816000000000000059e+00,5.330645161290322731e-01,-2.000000000000000111e-01,0.000000000000000000e+00,1.000000000000000056e-01,0.000000000000000000e+00,0.000000000000000000e+00,0.000000000000000000e+00,0.000000000000000000e+00,0.000000000000000000e+00
1.824000000000000066e+00,5.338709677419355426e-01,-2.000000000000000111e-01,0.000000000000000000e+00,1.000000000000000056e-01,0.000000000000000000e+00,0.000000000000000000e+00,0.000000000000000000e+00,0.000000000000000000e+00,0.000000000000000000e+00
1.832000000000000073e+00,5.346774193548387011e-01,-2.000000000000000111e-01,0.000000000000000000e+00,1.000000000000000056e-01,0.000000000000000000e+00,0.000000000000000000e+00,0.000000000000000000e+00,0.000000000000000000e+00,0.000000000000000000e+00
1.840000000000000080e+00,5.354838709677419706e-01,-2.000000000000000111e-01,0.000000000000000000e+00,1.000000000000000056e-01,0.000000000000000000e+00,0.000000000000000000e+00,0.000000000000000000e+00,0.000000000000000000e+00,0.000000000000000000e+00
1.848000000000000087e+00,5.362903225806452401e-01,-2.000000000000000111e-01,0.000000000000000000e+00,1.000000000000000056e-01,0.000000000000000000e+00,0.000000000000000000e+00,0.000000000000000000e+00,0.000000000000000000e+00,0.000000000000000000e+00
1.856000000000000094e+00,5.370967741935485096e-01,-2.000000000000000111e-01,0.000000000000000000e+00,1.000000000000000056e-01,0.000000000000000000e+00,0.000000000000000000e+00,0.000000000000000000e+00,0.000000000000000000e+00,0.000000000000000000e+00
1.864000000000000101e+00,5.379032258064516681e-01,-2.000000000000000111e-01,0.000000000000000000e+00,1.000000000000000056e-01,0.000000000000000000e+00,0.000000000000000000e+00,0.000000000000000000e+00,0.000000000000000000e+00,0.000000000000000000e+00
1.872000000000000108e+00,5.387096774193548265e-01,-2.000000000000000111e-01,0.000000000000000000e+00,1.000000000000000056e-01,0.000000000000000000e+00,0.000000000000000000e+00,0.000000000000000000e+00,0.000000000000000000e+00,0.000000000000000000e+00
1.880000000000000115e+00,5.395161290322580960e-01,-2.000000000000000111e-01,0.000000000000000000e+00,1.000000000000000056e-01,0.000000000000000000e+00,0.000000000000000000e+00,0.000000000000000000e+00,0.000000000000000000e+00,0.000000000000000000e+00
1.888000000000000123e+00,5.403225806451613655e-01,-2.000000000000000111e-01,0.000000000000000000e+00,1.000000000000000056e-01,0.000000000000000000e+00,0.000000000000000000e+00,0.000000000000000000e+00,0.000000000000000000e+00,0.000000000000000000e+00
1.896000000000000130e+00,5.411290322580646350e-01,-2.000000000000000111e-01,0.000000000000000000e+00,1.000000000000000056e-01,0.000000000000000000e+00,0.000000000000000000e+00,0.000000000000000000e+00,0.000000000000000000e+00,0.000000000000000000e+00
1.904000000000000137e+00,5.419354838709677935e-01,-2.000000000000000111e-01,0.000000000000000000e+00,1.000000000000000056e-01,0.000000000000000000e+00,0.000000000000000000e+00,0.000000000000000000e+00,0.000000000000000000e+00,0.000000000000000000e+00
1.912000000000000144e+00,5.427419354838709520e-01,-2.000000000000000111e-01,0.000000000000000000e+00,1.000000000000000056e-01,0.000000000000000000e+00,0.000000000000000000e+00,0.000000000000000000e+00,0.000000000000000000e+00,0.000000000000000000e+00
1.919999999999999929e+00,5.435483870967742215e-01,-2.000000000000000111e-01,0.000000000000000000e+00,1.000000000000000056e-01,0.000000000000000000e+00,0.000000000000000000e+00,0.000000000000000000e+00,0.000000000000000000e+00,0.000000000000000000e+00
1.927999999999999936e+00,5.443548387096774910e-01,-2.000000000000000111e-01,0.000000000000000000e+00,1.000000000000000056e-01,0.000000000000000000e+00,0.000000000000000000e+00,0.000000000000000000e+00,0.000000000000000000e+00,0.000000000000000000e+00
1.935999999999999943e+00,5.451612903225807605e-01,-2.000000000000000111e-01,0.000000000000000000e+00,1.000000000000000056e-01,0.000000000000000000e+00,0.000000000000000000e+00,0.000000000000000000e+00,0.000000000000000000e+00,0.000000000000000000e+00
1.943999999999999950e+00,5.459677419354839190e-01,-2.000000000000000111e-01,0.000000000000000000e+00,1.000000000000000056e-01,0.000000000000000000e+00,0.000000000000000000e+00,0.000000000000000000e+00,0.000000000000000000e+00,0.000000000000000000e+00
1.951999999999999957e+00,5.467741935483870774e-01,-2.000000000000000111e-01,0.000000000000000000e+00,1.000000000000000056e-01,0.000000000000000000e+00,0.000000000000000000e+00,0.000000000000000000e+00,0.000000000000000000e+00,0.000000000000000000e+00
1.959999999999999964e+00,5.475806451612903469e-01,-2.000000000000000111e-01,0.000000000000000000e+00,1.000000000000000056e-01,0.000000000000000000e+00,0.000000000000000000e+00,0.000000000000000000e+00,0.000000000000000000e+00,0.000000000000000000e+00
1.967999999999999972e+00,5.483870967741936164e-01,-2.000000000000000111e-01,0.000000000000000000e+00,1.000000000000000056e-01,0.000000000000000000e+00,0.000000000000000000e+00,0.000000000000000000e+00,0.000000000000000000e+00,0.000000000000000000e+00
1.975999999999999979e+00,5.491935483870968859e-01,-2.000000000000000111e-01,0.000000000000000000e+00,1.000000000000000056e-01,0.000000000000000000e+00,0.000000000000000000e+00,0.000000000000000000e+00,0.000000000000000000e+00,0.000000000000000000e+00
1.983999999999999986e+00,5.500000000000000444e-01,-2.000000000000000111e-01,0.000000000000000000e+00,1.000000000000000056e-01,0.000000000000000000e+00,0.000000000000000000e+00,0.000000000000000000e+00,0.000000000000000000e+00,0.000000000000000000e+00
1.991999999999999993e+00,5.500000000000000444e-01,-2.000000000000000111e-01,0.000000000000000000e+00,0.000000000000000000e+00,0.000000000000000000e+00,1.000000000000000056e-01,0.000000000000000000e+00,0.000000000000000000e+00,0.000000000000000000e+00
2.000000000000000000e+00,5.500000000000000444e-01,-1.999999999999999833e-01,8.196721311475410913e-04,0.000000000000000000e+00,0.000000000000000000e+00,1.000000000000000056e-01,0.000000000000000000e+00,0.000000000000000000e+00,0.000000000000000000e+00
2.008000000000000007e+00,5.500000000000000444e-01,-2.000000000000000111e-01,1.639344262295082183e-03,0.000000000000000000e+00,0.000000000000000000e+00,1.000000000000000056e-01,0.000000000000000000e+00,0.000000000000000000e+00,0.000000000000000000e+00
2.016000000000000014e+00,5.500000000000000444e-01,-1.999999999999999833e-01,2.459016393442623166e-03,0.000000000000000000e+00,0.000000000000000000e+00,1.000000000000000056e-01,0.000000000000000000e+00,0.000000000000000000e+00,0.000000000000000000e+00
2.024000000000000021e+00,5.500000000000000444e-01,-2.000000000000000111e-01,3.278688524590164365e-03,0.000000000000000000e+00,0.000000000000000000e+00,1.000000000000000056e-01,0.000000000000000000e+00,0.000000000000000000e+00,0.000000000000000000e+00
2.032000000000000028e+00,5.500000000000000444e-01,-2.000000000000000111e-01,4.098360655737705131e-03,0.000000000000000000e+00,0.000000000000000000e+00,1.000000000000000056e-01,0.000000000000000000e+00,0.000000000000000000e+00,0.000000000000000000e+00
2.040000000000000036e+00,5.500000000000000444e-01,-2.000000000000000111e-01,4.918032786885246331e-03,0.000000000000000000e+00,0.000000000000000000e+00,1.000000000000000056e-01,0.000000000000000000e+00,0.000000000000000000e+00,0.000000000000000000e+00
2.048000000000000043e+00,5.500000000000000444e-01,-2.000000000000000111e-01,5.737704918032787531e-03,0.000000000000000000e+00,0.000000000000000000e+00,1.000000000000000056e-01,0.000000000000000000e+00,0.000000000000000000e+00,0.000000000000000000e+00
2.056000000000000050e+00,5.500000000000000444e-01,-2.000000000000000111e-01,6.557377049180328731e-03,0.000000000000000000e+00,0.000000000000000000e+00,1.000000000000000056e-01,0.000000000000000000e+00,0.000000000000000000e+00,0.000000000000000000e+00
2.064000000000000057e+00,5.500000000000000444e-01,-2.000000000000000111e-01,7.377049180327869063e-03,0.000000000000000000e+00,0.000000000000000000e+00,1.000000000000000056e-01,0.000000000000000000e+00,0.000000000000000000e+00,0.000000000000000000e+00
2.072000000000000064e+00,5.500000000000000444e-01,-2.000000000000000389e-01,8.196721311475410263e-03,0.000000000000000000e+00,0.000000000000000000e+00,1.000000000000000056e-01,0.000000000000000000e+00,0.000000000000000000e+00,0.000000000000000000e+00
2.080000000000000071e+00,5.500000000000000444e-01,-2.000000000000000111e-01,9.016393442622951462e-03,0.000000000000000000e+00,0.000000000000000000e+00,1.000000000000000056e-01,0.000000000000000000e+00,0.000000000000000000e+00,0.000000000000000000e+00
2.088000000000000078e+00,5.500000000000000444e-01,-2.000000000000000111e-01,9.836065573770492662e-03,0.000000000000000000e+00,0.000000000000000000e+00,1.000000000000000056e-01,0.000000000000000000e+00,0.000000000000000000e+00,0.000000000000000000e+00
2.096000000000000085e+00,5.500000000000000444e-01,-2.000000000000000111e-01,1.065573770491803386e-02,0.000000000000000000e+00,0.000000000000000000e+00,1.000000000000000056e-01,0.000000000000000000e+00,0.000000000000000000e+00,0.000000000000000000e+00
2.104000000000000092e+00,5.500000000000000444e-01,-2.000000000000000111e-01,1.147540983606557506e-02,0.000000000000000000e+00,0.000000000000000000e+00,1.000000000000000056e-01,0.000000000000000000e+00,0.000000000000000000e+00,0.000000000000000000e+00
2.112000000000000099e+00,5.500000000000000444e-01,-2.000000000000000111e-01,1.229508196721311626e-02,0.000000000000000000e+00,0.000000000000000000e+00,1.000000000000000056e-01,0.000000000000000000e+00,0.000000000000000000e+00,0.000000000000000000e+00
2.120000000000000107e+00,5.500000000000000444e-01,-2.000000000000000111e-01,1.311475409836065746e-02,0.000000000000000000e+00,0.000000000000000000e+00,1.000000000000000056e-01,0.000000000000000000e+00,0.000000000000000000e+00,0.000000000000000000e+00
2.128000000000000114e+00,5.500000000000000444e-01,-1.999999999999999833e-01,1.393442622950819866e-02,0.000000000000000000e+00,0.000000000000000000e+00,1.000000000000000056e-01,0.000000000000000000e+00,0.000000000000000000e+00,0.000000000000000000e+00
2.136000000000000121e+00,5.500000000000000444e-01,-2.000000000000000111e-01,1.475409836065573813e-02,0.000000000000000000e+00,0.000000000000000000e+00,1.000000000000000056e-01,0.000000000000000000e+00,0.000000000000000000e+00,0.000000000000000000e+00
2.144000000000000128e+00,5.500000000000000444e-01,-2.000000000000000111e-01,1.557377049180327933e-02,0.000000000000000000e+00,0.000000000000000000e+00,1.000000000000000056e-01,0.000000000000000000e+00,0.000000000000000000e+00,0.000000000000000000e+00
2.152000000000000135e+00,5.500000000000000444e-01,-2.000000000000000111e-01,1.639344262295082053e-02,0.000000000000000000e+00,0.000000000000000000e+00,1.000000000000000056e-01,0.000000000000000000e+00,0.000000000000000000e+00,0.000000000000000000e+00
2.160000000000000142e+00,5.500000000000000444e-01,-2.000000000000000111e-01,1.721311475409836173e-02,0.000000000000000000e+00,0.000000000000000000e+00,1.000000000000000056e-01,0.000000000000000000e+00,0.000000000000000000e+00,0.000000000000000000e+00
2.168000000000000149e+00,5.500000000000000444e-01,-2.000000000000000111e-01,1.803278688524590292e-02,0.000000000000000000e+00,0.000000000000000000e+00,1.000000000000000056e-01,0.000000000000000000e+00,0.000000000000000000e+00,0.000000000000000000e+00
2.176000000000000156e+00,5.500000000000000444e-01,-2.000000000000000111e-01,1.885245901639344412e-02,0.000000000000000000e+00,0.000000000000000000e+00,1.000000000000000056e-01,0.000000000000000000e+00,0.000000000000000000e+00,0.000000000000000000e+00
2.184000000000000163e+00,5.500000000000000444e-01,-2.000000000000000111e-01,1.967213114754098532e-02,0.000000000000000000e+00,0.000000000000000000e+00,1.000000000000000056e-01,0.000000000000000000e+00,0.000000000000000000e+00,0.000000000000000000e+00
2.192000000000000171e+00,5.500000000000000444e-01,-2.000000000000000111e-01,2.049180327868852652e-02,0.000000000000000000e+00,0.000000000000000000e+00,1.000000000000000056e-01,0.000000000000000000e+00,0.000000000000000000e+00,0.000000000000000000e+00
2.200000000000000178e+00,5.500000000000000444e-01,-2.000000000000000111e-01,2.131147540983606772e-02,0.000000000000000000e+00,0.000000000000000000e+00,1.000000000000000056e-01,0.000000000000000000e+00,0.000000000000000000e+00,0.000000000000000000e+00
2.208000000000000185e+00,5.500000000000000444e-01,-2.000000000000000111e-01,2.213114754098360892e-02,0.000000000000000000e+00,0.000000000000000000e+00,1.000000000000000056e-01,0.000000000000000000e+00,0.000000000000000000e+00,0.000000000000000000e+00
2.216000000000000192e+00,5.500000000000000444e-01,-2.000000000000000111e-01,2.295081967213115012e-02,0.000000000000000000e+00,0.000000000000000000e+00,1.000000000000000056e-01,0.000000000000000000e+00,0.000000000000000000e+00,0.000000000000000000e+00
2.224000000000000199e+00,5.500000000000000444e-01,-2.000000000000000111e-01,2.377049180327869132e-02,0.000000000000000000e+00,0.000000000000000000e+00,1.000000000000000056e-01,0.000000000000000000e+00,0.000000000000000000e+00,0.000000000000000000e+00
2.232000000000000206e+00,5.500000000000000444e-01,-2.000000000000000111e-01,2.459016393442623252e-02,0.000000000000000000e+00,0.000000000000000000e+00,1.000000000000000056e-01,0.000000000000000000e+00,0.000000000000000000e+00,0.000000000000000000e+00
2.240000000000000213e+00,5.500000000000000444e-01,-2.000000000000000111e-01,2.540983606557377372e-02,0.000000000000000000e+00,0.000000000000000000e+00,1.000000000000000056e-01,0.000000000000000000e+00,0.000000000000000000e+00,0.000000000000000000e+00
2.248000000000000220e+00,5.500000000000000444e-01,-2.000000000000000111e-01,2.622950819672131492e-02,0.000000000000000000e+00,0.000000000000000000e+00,1.000000000000000056e-01,0.000000000000000000e+00,0.000000000000000000e+00,0.000000000000000000e+00
2.256000000000000227e+00,5.500000000000000444e-01,-2.000000000000000111e-01,2.704918032786885612e-02,0.000000000000000000e+00,0.000000000000000000e+00,1.000000000000000056e-01,0.000000000000000000e+00,0.000000000000000000e+00,0.000000000000000000e+00
2.264000000000000234e+00,5.500000000000000444e-01,-2.000000000000000111e-01,2.786885245901639732e-02,0.000000000000000000e+00,0.000000000000000000e+00,1.000000000000000056e-01,0.000000000000000000e+00,0.000000000000000000e+00,0.000000000000000000e+00
2.272000000000000242e+00,5.500000000000000444e-01,-2.000000000000000111e-01,2.868852459016393852e-02,0.000000000000000000e+00,0.000000000000000000e+00,1.000000000000000056e-01,0.000000000000000000e+00,0.000000000000000000e+00,0.000000000000000000e+00
2.280000000000000249e+00,5.500000000000000444e-01,-2.000000000000000111e-01,2.950819672131147625e-02,0.000000000000000000e+00,0.000000000000000000e+00,1.000000000000000056e-01,0.000000000000000000e+00,0.000000000000000000e+00,0.000000000000000000e+00
2.288000000000000256e+00,5.500000000000000444e-01,-2.000000000000000111e-01,3.032786885245901745e-02,0.000000000000000000e+00,0.000000000000000000e+00,1.000000000000000056e-01,0.000000000000000000e+00,0.000000000000000000e+00,0.000000000000000000e+00
2.296000000000000263e+00,5.500000000000000444e-01,-2.000000000000000111e-01,3.114754098360655865e-02,0.000000000000000000e+00,0.000000000000000000e+00,1.000000000000000056e-01,0.000000000000000000e+00,0.000000000000000000e+00,0.000000000000000000e+00
2.304000000000000270e+00,5.500000000000000444e-01,-2.000000000000000111e-01,3.196721311475410332e-02,0.000000000000000000e+00,0.000000000000000000e+00,1.000000000000000056e-01,0.000000000000000000e+00,0.000000000000000000e+00,0.000000000000000000e+00
2.311999999999999833e+00,5.500000000000000444e-01,-2.000000000000000111e-01,3.278688524590164105e-02,0.000000000000000000e+00,0.000000000000000000e+00,1.000000000000000056e-01,0.000000000000000000e+00,0.000000000000000000e+00,0.000000000000000000e+00
2.319999999999999840e+00,5.500000000000000444e-01,-2.000000000000000111e-01,3.360655737704918572e-02,0.000000000000000000e+00,0.000000000000000000e+00,1.000000000000000056e-01,0.000000000000000000e+00,0.000000000000000000e+00,0.000000000000000000e+00
2.327999999999999847e+00,5.500000000000000444e-01,-2.000000000000000111e-01,3.442622950819672345e-02,0.000000000000000000e+00,0.000000000000000000e+00,1.000000000000000056e-01,0.000000000000000000e+00,0.000000000000000000e+00,0.000000000000000000e+00
2.335999999999999854e+00,5.500000000000000444e-01,-2.000000000000000111e-01,3.524590163934426118e-02,0.000000000000000000e+00,0.000000000000000000e+00,1.000000000000000056e-01,0.000000000000000000e+00,0.000000000000000000e+00,0.000000000000000000e+00
2.343999999999999861e+00,5.500000000000000444e-01,-2.000000000000000111e-01,3.606557377049180585e-02,0.000000000000000000e+00,0.000000000000000000e+00,1.000000000000000056e-01,0.000000000000000000e+00,0.000000000000000000e+00,0.000000000000000000e+00
2.351999999999999869e+00,5.500000000000000444e-01,-2.000000000000000111e-01,3.688524590163935052e-02,0.000000000000000000e+00,0.000000000000000000e+00,1.000000000000000056e-01,0.000000000000000000e+00,0.000000000000000000e+00,0.000000000000000000e+00
2.359999999999999876e+00,5.500000000000000444e-01,-2.000000000000000111e-01,3.770491803278688825e-02,0.000000000000000000e+00,0.000000000000000000e+00,1.000000000000000056e-01,0.000000000000000000e+00,0.000000000000000000e+00,0.000000000000000000e+00
2.367999999999999883e+00,5.500000000000000444e-01,-2.000000000000000111e-01,3.852459016393443292e-02,0.000000000000000000e+00,0.000000000000000000e+00,1.000000000000000056e-01,0.000000000000000000e+00,0.000000000000000000e+00,0.000000000000000000e+00
2.375999999999999890e+00,5.500000000000000444e-01,-2.000000000000000111e-01,3.934426229508197065e-02,0.000000000000000000e+00,0.000000000000000000e+00,1.000000000000000056e-01,0.000000000000000000e+00,0.000000000000000000e+00,0.000000000000000000e+00
2.383999999999999897e+00,5.500000000000000444e-01,-2.000000000000000111e-01,4.016393442622950838e-02,0.000000000000000000e+00,0.000000000000000000e+00,1.000000000000000056e-01,0.000000000000000000e+00,0.000000000000000000e+00,0.000000000000000000e+00
2.391999999999999904e+00,5.500000000000000444e-01,-2.000000000000000111e-01,4.098360655737705305e-02,0.000000000000000000e+00,0.000000000000000000e+00,1.000000000000000056e-01,0.000000000000000000e+00,0.000000000000000000e+00,0.000000000000000000e+00
2.399999999999999911e+00,5.500000000000000444e-01,-2.000000000000000111e-01,4.180327868852459772e-02,0.000000000000000000e+00,0.000000000000000000e+00,1.000000000000000056e-01,0.000000000000000000e+00,0.000000000000000000e+00,0.000000000000000000e+00
2.407999999999999918e+00,5.500000000000000444e-01,-2.000000000000000111e-01,4.262295081967213545e-02,0.000000000000000000e+00,0.000000000000000000e+00,1.000000000000000056e-01,0.000000000000000000e+00,0.000000000000000000e+00,0.000000000000000000e+00
2.415999999999999925e+00,5.500000000000000444e-01,-2.000000000000000111e-01,4.344262295081968012e-02,0.000000000000000000e+00,0.000000000000000000e+00,1.000000000000000056e-01,0.000000000000000000e+00,0.000000000000000000e+00,0.000000000000000000e+00
2.423999999999999932e+00,5.500000000000000444e-01,-2.000000000000000111e-01,4.426229508196721785e-02,0.000000000000000000e+00,0.000000000000000000e+00,1.000000000000000056e-01,0.000000000000000000e+00,0.000000000000000000e+00,0.000000000000000000e+00
2.431999999999999940e+00,5.500000000000000444e-01,-2.000000000000000111e-01,4.508196721311475558e-02,0.000000000000000000e+00,0.000000000000000000e+00,1.000000000000000056e-01,0.000000000000000000e+00,0.000000000000000000e+00,0.000000000000000000e+00
2.439999999999999947e+00,5.500000000000000444e-01,-2.000000000000000111e-01,4.590163934426230025e-02,0.000000000000000000e+00,0.000000000000000000e+00,1.000000000000000056e-01,0.000000000000000000e+00,0.000000000000000000e+00,0.000000000000000000e+00
2.447999999999999954e+00,5.500000000000000444e-01,-2.000000000000000111e-01,4.672131147540983798e-02,0.000000000000000000e+00,0.000000000000000000e+00,1.000000000000000056e-01,0.000000000000000000e+00,0.000000000000000000e+00,0.000000000000000000e+00
2.455999999999999961e+00,5.500000000000000444e-01,-2.000000000000000111e-01,4.754098360655738265e-02,0.000000000000000000e+00,0.000000000000000000e+00,1.000000000000000056e-01,0.000000000000000000e+00,0.000000000000000000e+00,0.000000000000000000e+00
2.463999999999999968e+00,5.500000000000000444e-01,-2.000000000000000111e-01,4.836065573770492731e-02,0.000000000000000000e+00,0.000000000000000000e+00,1.000000000000000056e-01,0.000000000000000000e+00,0.000000000000000000e+00,0.000000000000000000e+00
2.471999999999999975e+00,5.500000000000000444e-01,-2.000000000000000111e-01,4.918032786885246505e-02,0.000000000000000000e+00,0.000000000000000000e+00,1.000000000000000056e-01,0.000000000000000000e+00,0.000000000000000000e+00,0.000000000000000000e+00
2.479999999999999982e+00,5.500000000000000444e-01,-2.000000000000000111e-01,5.000000000000000278e-02,0.000000000000000000e+00,0.000000000000000000e+00,1.000000000000000056e-01,0.000000000000000000e+00,0.000000000000000000e+00,0.000000000000000000e+00
