t,x,y,z,v,accel
0.000000000000000000e+00,6.700000000000000400e-02,6.199999999999999956e-02,1.000000000000000021e-02,0.000000000000000000e+00,0.000000000000000000e+00
2.000000000000000042e-02,6.700000000000000400e-02,6.185999999999999832e-02,1.000000000000000021e-02,7.000000000000061728e-03,3.500000000000030864e-01
4.000000000000000083e-02,6.700000000000000400e-02,6.144000000000000156e-02,1.000000000000000021e-02,2.099999999999983824e-02,6.999999999999888534e-01
5.999999999999999778e-02,6.726000000000000034e-02,6.099999999999999867e-02,1.000000000000000021e-02,2.555386467836130715e-02,6.519202405202568773e-01
8.000000000000000167e-02,6.816970562748476958e-02,6.083029437251522703e-02,1.000000000000000021e-02,4.626997754152949865e-02,1.759219376241180299e+00
1.000000000000000056e-01,6.900000000000000577e-02,5.991421356237309342e-02,1.000000000000000021e-02,6.181813641119282554e-02,1.876469525303180008e+00
1.199999999999999956e-01,6.900000000000000577e-02,5.837421356237309372e-02,1.000000000000000021e-02,7.699999999999998512e-02,2.596468636079788617e+00
1.400000000000000133e-01,6.900000000000000577e-02,5.655421356237309849e-02,1.000000000000000021e-02,9.099999999999976164e-02,6.999999999999888534e-01
1.600000000000000033e-01,6.900000000000000577e-02,5.445421356237309385e-02,1.000000000000000021e-02,1.050000000000002320e-01,7.000000000000234923e-01
1.799999999999999933e-01,6.900000000000000577e-02,5.207421356237310062e-02,1.000000000000000021e-02,1.189999999999996616e-01,6.999999999999714229e-01
2.000000000000000111e-01,6.900000000000000577e-02,4.941421356237309104e-02,1.000000000000000021e-02,1.330000000000004790e-01,7.000000000000408118e-01
2.200000000000000011e-01,6.900000000000000577e-02,4.647421356237309981e-02,1.000000000000000021e-02,1.469999999999995477e-01,6.999999999999534372e-01
2.399999999999999911e-01,6.705843579026397883e-02,4.405843579026396534e-02,1.000000000000000021e-02,1.549649462357895191e-01,5.027723468891472258e+00
2.600000000000000089e-01,6.800314575050761534e-02,4.100000000000000172e-02,1.000000000000000021e-02,1.600508231168391304e-01,7.392389630808872347e+00
2.800000000000000266e-01,7.136893218813453177e-02,4.200000000000000261e-02,1.000000000000000021e-02,1.755599494739139843e-01,1.181432191585548708e+01
2.999999999999999889e-01,7.501471862576142291e-02,4.100000000000000172e-02,1.000000000000000021e-02,1.890222126416904735e-01,5.048762224545731314e+00
3.200000000000000067e-01,6.800000000000000488e-02,6.099999999999999867e-02,1.000000000000000021e-02,1.059724347883217233e+00,5.887732841502574388e+01
3.400000000000000244e-01,6.800000000000000488e-02,6.099999999999999867e-02,1.000000000000000021e-02,0.000000000000000000e+00,5.298621739416085319e+01
3.599999999999999867e-01,6.800000000000000488e-02,6.099999999999999867e-02,1.000000000000000021e-02,0.000000000000000000e+00,0.000000000000000000e+00
3.800000000000000044e-01,6.800000000000000488e-02,6.099999999999999867e-02,1.000000000000000021e-02,0.000000000000000000e+00,0.000000000000000000e+00
4.000000000000000222e-01,6.800000000000000488e-02,6.099999999999999867e-02,1.000000000000000021e-02,0.000000000000000000e+00,0.000000000000000000e+00
4.199999999999999845e-01,6.800000000000000488e-02,6.099999999999999867e-02,1.000000000000000021e-02,0.000000000000000000e+00,0.000000000000000000e+00
4.400000000000000022e-01,6.800000000000000488e-02,6.099999999999999867e-02,1.000000000000000021e-02,0.000000000000000000e+00,0.000000000000000000e+00
4.600000000000000200e-01,6.800000000000000488e-02,6.099999999999999867e-02,1.000000000000000021e-02,0.000000000000000000e+00,0.000000000000000000e+00
4.799999999999999822e-01,6.800000000000000488e-02,6.099999999999999867e-02,1.000000000000000021e-02,0.000000000000000000e+00,0.000000000000000000e+00
5.000000000000000000e-01,6.800000000000000488e-02,6.099999999999999867e-02,1.000000000000000021e-02,0.000000000000000000e+00,0.000000000000000000e+00
5.200000000000000178e-01,6.800000000000000488e-02,6.099999999999999867e-02,1.000000000000000021e-02,0.000000000000000000e+00,0.000000000000000000e+00
5.400000000000000355e-01,6.800000000000000488e-02,6.099999999999999867e-02,1.000000000000000021e-02,0.000000000000000000e+00,0.000000000000000000e+00
5.600000000000000533e-01,6.800000000000000488e-02,6.099999999999999867e-02,1.000000000000000021e-02,0.000000000000000000e+00,0.000000000000000000e+00
5.799999999999999600e-01,6.800000000000000488e-02,6.099999999999999867e-02,1.000000000000000021e-02,0.000000000000000000e+00,0.000000000000000000e+00
5.999999999999999778e-01,6.800000000000000488e-02,6.099999999999999867e-02,1.000000000000000021e-02,0.000000000000000000e+00,0.000000000000000000e+00
6.131836819803593297e-01,6.800000000000000488e-02,6.099999999999999867e-02,1.000000000000000021e-02,0.000000000000000000e+00,0.000000000000000000e+00
6.331836819803593475e-01,6.800000000000000488e-02,6.099999999999999867e-02,5.000000000000000278e-02,2.000000000000000000e+00,1.000000000000000000e+02
6.531836819803593652e-01,6.819295276424755525e-02,6.094737651884157836e-02,5.000000000000000278e-02,1.000000000000017021e-02,1.000012499921875957e+02
6.731836819803593830e-01,6.877181105699019248e-02,6.078950607536631051e-02,5.000000000000000278e-02,2.999999999999993297e-02,9.999999999999881206e-01
6.931836819803594008e-01,6.973657487822791656e-02,6.052638866957420205e-02,5.000000000000000278e-02,4.999999999999960726e-02,9.999999999999835687e-01
7.131836819803593075e-01,7.108724422796074138e-02,6.015802430146525298e-02,5.000000000000000278e-02,6.999999999999995115e-02,1.000000000000017097e+00
7.331836819803593253e-01,7.282381910618866694e-02,5.968441297103945636e-02,5.000000000000000278e-02,9.000000000000038525e-02,1.000000000000021538e+00
7.531836819803593430e-01,7.900000000000000078e-02,5.800000000000000294e-02,5.000000000000000278e-02,3.200877125495686926e-01,1.150438562747841331e+01
7.731836819803593608e-01,7.900000000000000078e-02,5.800000000000000294e-02,5.000000000000000278e-02,0.000000000000000000e+00,1.600438562747843463e+01
7.931836819803593785e-01,7.900000000000000078e-02,5.800000000000000294e-02,5.000000000000000278e-02,0.000000000000000000e+00,0.000000000000000000e+00
8.131836819803592853e-01,7.900000000000000078e-02,5.800000000000000294e-02,5.000000000000000278e-02,0.000000000000000000e+00,0.000000000000000000e+00
8.331836819803593031e-01,7.900000000000000078e-02,5.800000000000000294e-02,5.000000000000000278e-02,0.000000000000000000e+00,0.000000000000000000e+00
8.467416764548474362e-01,7.900000000000000078e-02,5.800000000000000294e-02,5.000000000000000278e-02,0.000000000000000000e+00,0.000000000000000000e+00
8.467416764548474362e-01,7.900000000000000078e-02,5.800000000000000294e-02,1.000000000000000021e-02,2.000000000000000000e+00,1.000000000000000000e+02
8.667416764548474539e-01,7.890100505063388225e-02,5.790100505063388442e-02,1.000000000000000021e-02,7.000000000000131985e-03,1.000006124981242266e+02
8.867416764548474717e-01,7.860402020253554056e-02,5.760402020253553579e-02,1.000000000000000021e-02,2.099999999999966130e-02,6.999999999999764189e-01
9.067416764548474895e-01,7.810904545570494795e-02,5.710904545570495011e-02,1.000000000000000021e-02,3.500000000000041273e-02,7.000000000000377032e-01
9.267416764548473962e-01,7.799999999999999989e-02,5.617421356237310009e-02,1.000000000000000021e-02,4.705851623777335124e-02,1.462907479723549287e+00
9.467416764548474140e-01,7.723223304703363823e-02,5.523223304703363257e-02,1.000000000000000021e-02,6.076169404621756254e-02,1.646900713747883938e+00
9.667416764548474317e-01,7.714960461480710463e-02,5.414960461480709808e-02,1.000000000000000021e-02,5.428885198817292451e-02,1.748564820656913543e+00
9.867416764548474495e-01,7.799999999999999989e-02,5.561735931288071255e-02,1.000000000000000021e-02,8.481562599065310681e-02,6.789232078810308657e+00
1.006741676454847356e+00,7.921435641587182275e-02,5.678564358412818702e-02,1.000000000000000021e-02,8.425481652720664960e-02,1.178320224929055859e+00
1.026741676454847374e+00,8.089727055509579601e-02,5.510272944490419988e-02,1.000000000000000021e-02,1.189999999999998004e-01,7.223606576698693438e+00
1.046741676454847392e+00,8.100000000000000255e-02,5.248528137423857931e-02,1.000000000000000021e-02,1.309731627231463247e-01,4.589619631011246703e+00
1.066741676454847410e+00,8.100000000000000255e-02,4.954528137423858114e-02,1.000000000000000021e-02,1.469999999999999085e-01,8.462900137056138528e-01
1.086741676454847427e+00,7.910868832195813716e-02,4.889131167804185857e-02,1.000000000000000021e-02,1.000591853235020395e-01,7.417460150467793945e+00
1.106741676454847445e+00,7.706792206135787415e-02,5.100000000000000366e-02,1.000000000000000021e-02,1.467250265766464057e-01,6.916744175153457519e+00
1.126741676454847463e+00,7.499999999999999722e-02,4.928792206135787501e-02,1.000000000000000021e-02,1.342340541725132730e-01,9.552156908146512748e+00
1.146741676454847481e+00,7.900000000000000078e-02,5.700000000000000205e-02,1.000000000000000021e-02,4.343850427089157584e-01,2.802168715277341349e+01
1.166741676454847498e+00,7.900000000000000078e-02,5.700000000000000205e-02,1.000000000000000021e-02,0.000000000000000000e+00,2.171925213544578526e+01
1.186741676454847516e+00,7.900000000000000078e-02,5.700000000000000205e-02,1.000000000000000021e-02,0.000000000000000000e+00,0.000000000000000000e+00
1.206741676454847312e+00,7.900000000000000078e-02,5.700000000000000205e-02,1.000000000000000021e-02,0.000000000000000000e+00,0.000000000000000000e+00
1.226741676454847330e+00,7.900000000000000078e-02,5.700000000000000205e-02,1.000000000000000021e-02,0.000000000000000000e+00,0.000000000000000000e+00
1.246741676454847347e+00,7.900000000000000078e-02,5.700000000000000205e-02,1.000000000000000021e-02,0.000000000000000000e+00,0.000000000000000000e+00
1.266741676454847365e+00,7.900000000000000078e-02,5.700000000000000205e-02,1.000000000000000021e-02,0.000000000000000000e+00,0.000000000000000000e+00
1.286741676454847383e+00,7.900000000000000078e-02,5.700000000000000205e-02,1.000000000000000021e-02,0.000000000000000000e+00,0.000000000000000000e+00
1.306741676454847401e+00,7.900000000000000078e-02,5.700000000000000205e-02,1.000000000000000021e-02,0.000000000000000000e+00,0.000000000000000000e+00
1.326741676454847418e+00,7.900000000000000078e-02,5.700000000000000205e-02,1.000000000000000021e-02,0.000000000000000000e+00,0.000000000000000000e+00
1.346741676454847436e+00,7.900000000000000078e-02,5.700000000000000205e-02,1.000000000000000021e-02,0.000000000000000000e+00,0.000000000000000000e+00
1.366741676454847454e+00,7.900000000000000078e-02,5.700000000000000205e-02,1.000000000000000021e-02,0.000000000000000000e+00,0.000000000000000000e+00
1.386741676454847472e+00,7.900000000000000078e-02,5.700000000000000205e-02,1.000000000000000021e-02,0.000000000000000000e+00,0.000000000000000000e+00
1.406741676454847489e+00,7.900000000000000078e-02,5.700000000000000205e-02,1.000000000000000021e-02,0.000000000000000000e+00,0.000000000000000000e+00
1.426741676454847507e+00,7.900000000000000078e-02,5.700000000000000205e-02,1.000000000000000021e-02,0.000000000000000000e+00,0.000000000000000000e+00
1.444144838351476556e+00,7.900000000000000078e-02,5.700000000000000205e-02,1.000000000000000021e-02,0.000000000000000000e+00,0.000000000000000000e+00
1.464144838351476574e+00,7.900000000000000078e-02,5.700000000000000205e-02,5.000000000000000278e-02,2.000000000000000000e+00,1.000000000000000000e+02
1.484144838351476592e+00,7.888000000000000567e-02,5.716000000000000247e-02,5.000000000000000278e-02,9.999999999999870104e-03,1.000012499921875957e+02
1.504144838351476610e+00,7.852000000000000646e-02,5.764000000000000373e-02,5.000000000000000278e-02,3.000000000000002665e-02,1.000000000000007772e+00
1.524144838351476627e+00,7.792000000000000315e-02,5.843999999999999889e-02,5.000000000000000278e-02,4.999999999999990563e-02,9.999999999999938938e-01
1.544144838351476645e+00,7.599999999999999811e-02,6.099999999999999867e-02,5.000000000000000278e-02,1.600000000000001144e-01,5.500000000000011546e+00
1.564144838351476663e+00,7.599999999999999811e-02,6.099999999999999867e-02,5.000000000000000278e-02,0.000000000000000000e+00,8.000000000000005329e+00
1.584144838351476459e+00,7.599999999999999811e-02,6.099999999999999867e-02,5.000000000000000278e-02,0.000000000000000000e+00,0.000000000000000000e+00
1.604144838351476476e+00,7.599999999999999811e-02,6.099999999999999867e-02,5.000000000000000278e-02,0.000000000000000000e+00,0.000000000000000000e+00
1.605566194588786022e+00,7.599999999999999811e-02,6.099999999999999867e-02,5.000000000000000278e-02,0.000000000000000000e+00,0.000000000000000000e+00
1.605566194588786022e+00,7.599999999999999811e-02,6.099999999999999867e-02,1.000000000000000021e-02,2.000000000000000000e+00,1.000000000000000000e+02
1.625566194588786040e+00,7.590100505063387959e-02,6.090100505063388014e-02,1.000000000000000021e-02,7.000000000000131985e-03,1.000006124981242266e+02
1.645566194588786058e+00,7.560402020253553790e-02,6.060402020253553151e-02,1.000000000000000021e-02,2.099999999999966130e-02,6.999999999999764189e-01
1.665566194588786075e+00,7.510904545570494528e-02,6.010904545570494584e-02,1.000000000000000021e-02,3.500000000000041273e-02,7.000000000000377032e-01
1.685566194588786093e+00,7.499999999999999722e-02,5.917421356237309582e-02,1.000000000000000021e-02,4.705851623777335124e-02,1.462907479723549287e+00
1.705566194588786111e+00,7.499999999999999722e-02,5.791421356237309165e-02,1.000000000000000021e-02,6.300000000000020861e-02,8.574132937360630091e-01
1.725566194588786129e+00,7.499999999999999722e-02,5.637421356237309195e-02,1.000000000000000021e-02,7.699999999999998512e-02,6.999999999999888534e-01
1.745566194588786146e+00,7.499999999999999722e-02,5.455421356237309671e-02,1.000000000000000021e-02,9.099999999999976164e-02,6.999999999999888534e-01
1.765566194588785942e+00,7.499999999999999722e-02,5.554578643762690671e-02,1.000000000000000021e-02,4.957864376269049966e-02,7.028932188134512593e+00
1.785566194588785960e+00,7.499999999999999722e-02,5.792578643762689994e-02,1.000000000000000021e-02,1.189999999999996616e-01,3.471067811865458097e+00
1.805566194588785978e+00,7.612132034355964527e-02,6.012132034355963800e-02,1.000000000000000021e-02,1.232652469776152337e-01,2.840980302577303718e+00
1.825566194588785995e+00,7.699999999999999900e-02,6.099999999999999867e-02,1.000000000000000021e-02,6.213203435596424684e-02,3.347554720848353593e+00
1.845566194588786013e+00,7.699999999999999900e-02,6.099999999999999867e-02,1.000000000000000021e-02,0.000000000000000000e+00,3.106601717798212370e+00
1.865566194588786031e+00,7.699999999999999900e-02,6.099999999999999867e-02,1.000000000000000021e-02,0.000000000000000000e+00,0.000000000000000000e+00
1.885566194588786049e+00,7.699999999999999900e-02,6.099999999999999867e-02,1.000000000000000021e-02,0.000000000000000000e+00,0.000000000000000000e+00
1.905566194588786066e+00,7.699999999999999900e-02,6.099999999999999867e-02,1.000000000000000021e-02,0.000000000000000000e+00,0.000000000000000000e+00
1.925566194588786084e+00,7.699999999999999900e-02,6.099999999999999867e-02,1.000000000000000021e-02,0.000000000000000000e+00,0.000000000000000000e+00
1.945566194588786102e+00,7.699999999999999900e-02,6.099999999999999867e-02,1.000000000000000021e-02,0.000000000000000000e+00,0.000000000000000000e+00
1.965566194588785898e+00,7.699999999999999900e-02,6.099999999999999867e-02,1.000000000000000021e-02,0.000000000000000000e+00,0.000000000000000000e+00
1.985566194588785915e+00,7.699999999999999900e-02,6.099999999999999867e-02,1.000000000000000021e-02,0.000000000000000000e+00,0.000000000000000000e+00
2.005566194588785933e+00,7.699999999999999900e-02,6.099999999999999867e-02,1.000000000000000021e-02,0.000000000000000000e+00,0.000000000000000000e+00
2.021764694613437996e+00,7.699999999999999900e-02,6.099999999999999867e-02,1.000000000000000021e-02,0.000000000000000000e+00,0.000000000000000000e+00
2.041764694613438014e+00,7.699999999999999900e-02,6.099999999999999867e-02,5.000000000000000278e-02,2.000000000000000000e+00,1.000000000000000000e+02
2.061764694613438031e+00,7.680843474295577511e-02,6.105746957711327000e-02,5.000000000000000278e-02,9.999999999999726122e-03,1.000012499921875957e+02
2.081764694613438049e+00,7.623373897182307568e-02,6.122987830845307705e-02,5.000000000000000278e-02,3.000000000000040828e-02,1.000000000000033973e+00
2.101764694613438067e+00,7.527591268660192847e-02,6.151722619401941983e-02,5.000000000000000278e-02,4.999999999999975991e-02,9.999999999999675815e-01
2.121764694613438085e+00,7.393495588729231960e-02,6.191951323381230526e-02,5.000000000000000278e-02,6.999999999999988176e-02,1.000000000000005773e+00
2.141764694613438103e+00,7.221086857389423519e-02,6.243673942783172642e-02,5.000000000000000278e-02,9.000000000000055178e-02,1.000000000000033973e+00
2.161764694613438120e+00,6.700000000000000400e-02,6.400000000000000133e-02,5.000000000000000278e-02,2.720153254455269232e-01,9.100766272276318958e+00
2.181764694613438138e+00,6.700000000000000400e-02,6.400000000000000133e-02,5.000000000000000278e-02,0.000000000000000000e+00,1.360076627227634738e+01
2.201764694613438156e+00,6.700000000000000400e-02,6.400000000000000133e-02,5.000000000000000278e-02,0.000000000000000000e+00,0.000000000000000000e+00
2.221764694613438174e+00,6.700000000000000400e-02,6.400000000000000133e-02,5.000000000000000278e-02,0.000000000000000000e+00,0.000000000000000000e+00
2.241764694613438191e+00,6.700000000000000400e-02,6.400000000000000133e-02,5.000000000000000278e-02,0.000000000000000000e+00,0.000000000000000000e+00
2.246120330786366193e+00,6.700000000000000400e-02,6.400000000000000133e-02,5.000000000000000278e-02,0.000000000000000000e+00,0.000000000000000000e+00
2.246120330786366193e+00,6.700000000000000400e-02,6.400000000000000133e-02,1.000000000000000021e-02,2.000000000000000000e+00,1.000000000000000000e+02
2.266120330786366210e+00,6.714000000000000523e-02,6.400000000000000133e-02,1.000000000000000021e-02,7.000000000000061728e-03,1.000006124981242266e+02
2.286120330786366228e+00,6.756000000000000894e-02,6.400000000000000133e-02,1.000000000000000021e-02,2.100000000000018519e-02,7.000000000000061728e-01
2.306120330786366246e+00,6.826000000000000123e-02,6.400000000000000133e-02,1.000000000000000021e-02,3.499999999999961475e-02,6.999999999999714229e-01
2.326120330786366264e+00,6.924000000000000987e-02,6.400000000000000133e-02,1.000000000000000021e-02,4.900000000000043210e-02,7.000000000000408118e-01
2.346120330786366281e+00,7.050000000000000711e-02,6.400000000000000133e-02,1.000000000000000021e-02,6.299999999999986167e-02,6.999999999999714229e-01
2.366120330786366299e+00,7.204000000000000681e-02,6.400000000000000133e-02,1.000000000000000021e-02,7.699999999999998512e-02,7.000000000000061728e-01
2.386120330786366317e+00,7.386000000000000898e-02,6.400000000000000133e-02,1.000000000000000021e-02,9.100000000000010858e-02,7.000000000000061728e-01
2.406120330786366335e+00,7.595999999999999974e-02,6.400000000000000133e-02,1.000000000000000021e-02,1.049999999999995381e-01,6.999999999999714229e-01
2.426120330786366353e+00,7.834000000000000685e-02,6.400000000000000133e-02,1.000000000000000021e-02,1.190000000000003555e-01,7.000000000000408118e-01
2.446120330786366370e+00,8.100000000000000255e-02,6.400000000000000133e-02,1.000000000000000021e-02,1.329999999999997851e-01,6.999999999999714229e-01
2.466120330786366388e+00,8.337178715550190577e-02,6.262821284449809900e-02,1.000000000000000021e-02,1.369961159212534918e-01,3.504342523689074618e+00
2.486120330786365962e+00,8.500000000000000611e-02,6.008264068711929168e-02,1.000000000000000021e-02,1.510878442778471054e-01,3.473717377155150388e+00
2.506120330786366424e+00,6.800000000000000488e-02,6.400000000000000133e-02,1.000000000000000021e-02,8.722753349519480892e-01,4.929374941163908375e+01
2.526120330786365997e+00,6.800000000000000488e-02,6.400000000000000133e-02,1.000000000000000021e-02,0.000000000000000000e+00,4.361376674759740979e+01
2.546120330786366015e+00,6.800000000000000488e-02,6.400000000000000133e-02,1.000000000000000021e-02,0.000000000000000000e+00,0.000000000000000000e+00
2.566120330786366033e+00,6.800000000000000488e-02,6.400000000000000133e-02,1.000000000000000021e-02,0.000000000000000000e+00,0.000000000000000000e+00
2.586120330786366051e+00,6.800000000000000488e-02,6.400000000000000133e-02,1.000000000000000021e-02,0.000000000000000000e+00,0.000000000000000000e+00
2.606120330786366068e+00,6.800000000000000488e-02,6.400000000000000133e-02,1.000000000000000021e-02,0.000000000000000000e+00,0.000000000000000000e+00
2.626120330786366086e+00,6.800000000000000488e-02,6.400000000000000133e-02,1.000000000000000021e-02,0.000000000000000000e+00,0.000000000000000000e+00
2.646120330786366104e+00,6.800000000000000488e-02,6.400000000000000133e-02,1.000000000000000021e-02,0.000000000000000000e+00,0.000000000000000000e+00
2.666120330786366122e+00,6.800000000000000488e-02,6.400000000000000133e-02,1.000000000000000021e-02,0.000000000000000000e+00,0.000000000000000000e+00
2.686120330786366139e+00,6.800000000000000488e-02,6.400000000000000133e-02,1.000000000000000021e-02,0.000000000000000000e+00,0.000000000000000000e+00
2.706120330786366157e+00,6.800000000000000488e-02,6.400000000000000133e-02,1.000000000000000021e-02,0.000000000000000000e+00,0.000000000000000000e+00
2.726120330786366175e+00,6.800000000000000488e-02,6.400000000000000133e-02,1.000000000000000021e-02,0.000000000000000000e+00,0.000000000000000000e+00
2.746120330786366193e+00,6.800000000000000488e-02,6.400000000000000133e-02,1.000000000000000021e-02,0.000000000000000000e+00,0.000000000000000000e+00
2.759212178937582749e+00,6.800000000000000488e-02,6.400000000000000133e-02,1.000000000000000021e-02,0.000000000000000000e+00,0.000000000000000000e+00
2.779212178937582767e+00,6.800000000000000488e-02,6.400000000000000133e-02,5.000000000000000278e-02,2.000000000000000000e+00,1.000000000000000000e+02
2.799212178937582784e+00,6.819900743804199750e-02,6.398009925619579930e-02,5.000000000000000278e-02,9.999999999999752143e-03,1.000012499921875957e+02
2.819212178937582802e+00,6.879602975216800309e-02,6.392039702478320706e-02,5.000000000000000278e-02,3.000000000000056788e-02,1.000000000000040634e+00
2.839212178937582820e+00,6.979106694237798003e-02,6.382089330576219688e-02,5.000000000000000278e-02,4.999999999999944766e-02,9.999999999999440448e-01
2.859212178937582838e+00,7.118411900867196995e-02,6.368158809913281038e-02,5.000000000000000278e-02,7.000000000000020095e-02,1.000000000000037303e+00
2.879212178937582856e+00,7.297518595104995898e-02,6.350248140489500592e-02,5.000000000000000278e-02,9.000000000000045464e-02,1.000000000000013101e+00
2.899212178937582873e+00,7.516426776951193323e-02,6.328357322304881127e-02,5.000000000000000278e-02,1.099999999999998895e-01,9.999999999999716893e-01
2.919212178937582891e+00,7.775136446405789270e-02,6.302486355359421255e-02,5.000000000000000278e-02,1.299999999999993938e-01,9.999999999999751310e-01
2.939212178937582909e+00,8.799999999999999489e-02,6.199999999999999956e-02,5.000000000000000278e-02,5.149875621120887370e-01,1.924937810560446749e+01
2.959212178937582927e+00,8.799999999999999489e-02,6.199999999999999956e-02,5.000000000000000278e-02,0.000000000000000000e+00,2.574937810560443907e+01
2.979212178937582944e+00,8.799999999999999489e-02,6.199999999999999956e-02,5.000000000000000278e-02,0.000000000000000000e+00,0.000000000000000000e+00
2.999212178937582962e+00,8.799999999999999489e-02,6.199999999999999956e-02,5.000000000000000278e-02,0.000000000000000000e+00,0.000000000000000000e+00
3.019212178937582980e+00,8.799999999999999489e-02,6.199999999999999956e-02,5.000000000000000278e-02,0.000000000000000000e+00,0.000000000000000000e+00
3.039212178937582554e+00,8.799999999999999489e-02,6.199999999999999956e-02,5.000000000000000278e-02,0.000000000000000000e+00,0.000000000000000000e+00
3.059212178937583015e+00,8.799999999999999489e-02,6.199999999999999956e-02,5.000000000000000278e-02,0.000000000000000000e+00,0.000000000000000000e+00
3.062759361905368571e+00,8.799999999999999489e-02,6.199999999999999956e-02,5.000000000000000278e-02,0.000000000000000000e+00,0.000000000000000000e+00
3.062759361905368571e+00,8.799999999999999489e-02,6.199999999999999956e-02,1.000000000000000021e-02,2.000000000000000000e+00,1.000000000000000000e+02
3.082759361905368589e+00,8.809899494936611342e-02,6.190100505063388103e-02,1.000000000000000021e-02,7.000000000000131985e-03,1.000006124981242266e+02
3.102759361905368607e+00,8.839597979746445511e-02,6.160402020253553240e-02,1.000000000000000021e-02,2.099999999999966130e-02,6.999999999999764189e-01
3.122759361905368625e+00,8.889095454429504772e-02,6.110904545570494673e-02,1.000000000000000021e-02,3.500000000000041273e-02,7.000000000000377032e-01
3.142759361905368642e+00,8.958391918985786351e-02,6.041608081014213094e-02,1.000000000000000021e-02,4.899999999999994638e-02,6.999999999999764189e-01
3.162759361905368660e+00,8.999999999999999667e-02,5.932842712474618863e-02,1.000000000000000021e-02,5.822614919269325506e-02,1.205311413291350942e+00
3.182759361905368678e+00,8.999999999999999667e-02,5.778842712474618892e-02,1.000000000000000021e-02,7.699999999999998512e-02,1.536514783740313250e+00
3.202759361905368696e+00,8.999999999999999667e-02,5.596842712474618675e-02,1.000000000000000021e-02,9.100000000000010858e-02,7.000000000000061728e-01
3.222759361905368714e+00,8.999999999999999667e-02,5.386842712474618905e-02,1.000000000000000021e-02,1.049999999999998851e-01,6.999999999999888534e-01
3.242759361905368731e+00,8.999999999999999667e-02,5.148842712474618888e-02,1.000000000000000021e-02,1.190000000000000085e-01,7.000000000000061728e-01
3.262759361905368749e+00,8.999999999999999667e-02,4.882842712474618624e-02,1.000000000000000021e-02,1.330000000000001181e-01,7.000000000000055067e-01
3.282759361905368767e+00,8.999999999999999667e-02,4.588842712474619501e-02,1.000000000000000021e-02,1.469999999999995477e-01,6.999999999999714229e-01
3.302759361905368785e+00,8.899999999999999578e-02,4.308264068711929046e-02,1.000000000000000021e-02,1.489331858046677448e-01,2.522416104061833142e+00
3.322759361905368358e+00,9.029511760032930823e-02,4.129511760032931328e-02,1.000000000000000021e-02,1.103694747709927926e-01,6.277153540319366343e+00
3.342759361905368820e+00,9.378314575050761270e-02,4.200000000000000261e-02,1.000000000000000021e-02,1.779269483088620762e-01,8.299450956455734385e+00
3.362759361905368394e+00,9.759619407771255584e-02,4.140380592228744966e-02,1.000000000000000021e-02,1.929688117539977987e-01,3.352646450450015081e+00
3.382759361905368412e+00,9.745628283549748194e-02,4.454371716450252622e-02,1.000000000000000021e-02,1.571513423796213615e-01,1.359787950358915687e+01
3.402759361905368429e+00,9.700000000000000289e-02,4.897471862576142226e-02,1.000000000000000021e-02,2.227216198287005622e-01,3.323218450112279232e+00
3.422759361905368447e+00,9.700000000000000289e-02,5.387471862576141690e-02,1.000000000000000021e-02,2.449999999999997180e-01,1.635836283279337389e+00
3.442759361905368465e+00,9.700000000000000289e-02,5.905471862576141401e-02,1.000000000000000021e-02,2.589999999999998415e-01,7.000000000000061728e-01
3.462759361905368483e+00,8.999999999999999667e-02,4.651766487668933248e-02,1.000000000000000021e-02,7.179444907287791944e-01,4.762444183055515623e+01
3.482759361905368500e+00,8.999999999999999667e-02,5.168448787185470072e-02,1.000000000000000021e-02,2.583411497582683847e-01,4.759380551704915518e+01
3.502759361905368518e+00,8.999999999999999667e-02,5.657131086702005957e-02,1.000000000000000021e-02,2.443411497582679281e-01,7.000000000000228262e-01
3.522759361905368536e+00,8.987404033808972514e-02,6.112595966191027019e-02,1.000000000000000021e-02,2.278195090484098351e-01,8.881354617856170863e-01
3.542759361905368554e+00,8.899999999999999578e-02,6.199999999999999956e-02,1.000000000000000021e-02,6.180398500938302786e-02,9.389656313713087954e+00
3.562759361905368571e+00,8.899999999999999578e-02,6.199999999999999956e-02,1.000000000000000021e-02,0.000000000000000000e+00,3.090199250469151337e+00
3.582759361905368589e+00,8.899999999999999578e-02,6.199999999999999956e-02,1.000000000000000021e-02,0.000000000000000000e+00,0.000000000000000000e+00
3.602759361905368607e+00,8.899999999999999578e-02,6.199999999999999956e-02,1.000000000000000021e-02,0.000000000000000000e+00,0.000000000000000000e+00
3.622759361905368625e+00,8.899999999999999578e-02,6.199999999999999956e-02,1.000000000000000021e-02,0.000000000000000000e+00,0.000000000000000000e+00
3.642759361905368642e+00,8.899999999999999578e-02,6.199999999999999956e-02,1.000000000000000021e-02,0.000000000000000000e+00,0.000000000000000000e+00
3.662759361905368660e+00,8.899999999999999578e-02,6.199999999999999956e-02,1.000000000000000021e-02,0.000000000000000000e+00,0.000000000000000000e+00
3.682759361905368678e+00,8.899999999999999578e-02,6.199999999999999956e-02,1.000000000000000021e-02,0.000000000000000000e+00,0.000000000000000000e+00
3.702759361905368696e+00,8.899999999999999578e-02,6.199999999999999956e-02,1.000000000000000021e-02,0.000000000000000000e+00,0.000000000000000000e+00
3.722759361905368714e+00,8.899999999999999578e-02,6.199999999999999956e-02,1.000000000000000021e-02,0.000000000000000000e+00,0.000000000000000000e+00
3.742759361905368731e+00,8.899999999999999578e-02,6.199999999999999956e-02,1.000000000000000021e-02,0.000000000000000000e+00,0.000000000000000000e+00
3.762759361905368749e+00,8.899999999999999578e-02,6.199999999999999956e-02,1.000000000000000021e-02,0.000000000000000000e+00,0.000000000000000000e+00
3.782759361905368323e+00,8.899999999999999578e-02,6.199999999999999956e-02,1.000000000000000021e-02,0.000000000000000000e+00,0.000000000000000000e+00
3.802759361905368785e+00,8.899999999999999578e-02,6.199999999999999956e-02,1.000000000000000021e-02,0.000000000000000000e+00,0.000000000000000000e+00
3.822759361905368358e+00,8.899999999999999578e-02,6.199999999999999956e-02,1.000000000000000021e-02,0.000000000000000000e+00,0.000000000000000000e+00
3.841818147274323358e+00,8.899999999999999578e-02,6.199999999999999956e-02,1.000000000000000021e-02,0.000000000000000000e+00,0.000000000000000000e+00
3.861818147274323376e+00,8.899999999999999578e-02,6.199999999999999956e-02,5.000000000000000278e-02,2.000000000000000000e+00,1.000000000000000000e+02
3.881818147274323394e+00,8.891055728089999888e-02,6.217888543819997949e-02,5.000000000000000278e-02,9.999999999999974187e-03,1.000012499921875957e+02
3.901818147274323412e+00,8.864222912360003592e-02,6.271554175279993315e-02,5.000000000000000278e-02,2.999999999999991909e-02,9.999999999999973355e-01
3.921818147274323429e+00,8.799999999999999489e-02,6.400000000000000133e-02,5.000000000000000278e-02,7.180339887498968232e-02,2.090169943749488279e+00
3.941818147274323447e+00,8.799999999999999489e-02,6.400000000000000133e-02,5.000000000000000278e-02,0.000000000000000000e+00,3.590169943749484283e+00
3.956392308174641048e+00,8.799999999999999489e-02,6.400000000000000133e-02,5.000000000000000278e-02,0.000000000000000000e+00,0.000000000000000000e+00
3.956392308174641048e+00,8.799999999999999489e-02,6.400000000000000133e-02,1.000000000000000021e-02,2.000000000000000000e+00,1.000000000000000000e+02
3.976392308174641066e+00,8.813999999999999613e-02,6.400000000000000133e-02,1.000000000000000021e-02,7.000000000000061728e-03,1.000006124981242266e+02
3.996392308174641084e+00,8.855999999999999983e-02,6.400000000000000133e-02,1.000000000000000021e-02,2.100000000000018519e-02,7.000000000000061728e-01
4.016392308174641101e+00,8.925999999999999213e-02,6.400000000000000133e-02,1.000000000000000021e-02,3.499999999999961475e-02,6.999999999999714229e-01
4.036392308174640675e+00,9.024000000000000077e-02,6.400000000000000133e-02,1.000000000000000021e-02,4.900000000000043210e-02,7.000000000000408118e-01
4.056392308174641137e+00,9.149999999999999800e-02,6.400000000000000133e-02,1.000000000000000021e-02,6.299999999999986167e-02,6.999999999999714229e-01
4.076392308174640711e+00,9.303999999999999770e-02,6.400000000000000133e-02,1.000000000000000021e-02,7.699999999999998512e-02,7.000000000000061728e-01
4.096392308174641173e+00,9.485999999999999988e-02,6.400000000000000133e-02,1.000000000000000021e-02,9.100000000000010858e-02,7.000000000000061728e-01
4.116392308174640746e+00,9.695999999999999064e-02,6.400000000000000133e-02,1.000000000000000021e-02,1.049999999999995381e-01,6.999999999999714229e-01
4.136392308174641208e+00,8.899999999999999578e-02,6.400000000000000133e-02,1.000000000000000021e-02,3.979999999999997429e-01,2.514999999999995950e+01
4.156392308174640782e+00,8.899999999999999578e-02,6.400000000000000133e-02,1.000000000000000021e-02,0.000000000000000000e+00,1.989999999999998792e+01
4.176392308174641244e+00,8.899999999999999578e-02,6.400000000000000133e-02,1.000000000000000021e-02,0.000000000000000000e+00,0.000000000000000000e+00
4.196392308174640817e+00,8.899999999999999578e-02,6.400000000000000133e-02,1.000000000000000021e-02,0.000000000000000000e+00,0.000000000000000000e+00
4.216392308174641279e+00,8.899999999999999578e-02,6.400000000000000133e-02,1.000000000000000021e-02,0.000000000000000000e+00,0.000000000000000000e+00
4.236392308174640853e+00,8.899999999999999578e-02,6.400000000000000133e-02,1.000000000000000021e-02,0.000000000000000000e+00,0.000000000000000000e+00
4.256392308174641315e+00,8.899999999999999578e-02,6.400000000000000133e-02,1.000000000000000021e-02,0.000000000000000000e+00,0.000000000000000000e+00
4.276392308174640888e+00,8.899999999999999578e-02,6.400000000000000133e-02,1.000000000000000021e-02,0.000000000000000000e+00,0.000000000000000000e+00
4.285894096593806601e+00,8.899999999999999578e-02,6.400000000000000133e-02,1.000000000000000021e-02,0.000000000000000000e+00,0.000000000000000000e+00
4.305894096593806175e+00,8.899999999999999578e-02,6.400000000000000133e-02,5.000000000000000278e-02,2.000000000000000000e+00,1.000000000000000000e+02
4.325894096593805749e+00,8.918306300648454199e-02,6.391945227714679323e-02,5.000000000000000278e-02,9.999999999999778164e-03,1.000012499921875957e+02
4.345894096593806211e+00,8.973225202593820837e-02,6.367780910858718280e-02,5.000000000000000278e-02,3.000000000000032502e-02,1.000000000000027311e+00
4.365894096593805784e+00,9.064756705836096717e-02,6.327507049432117003e-02,5.000000000000000278e-02,4.999999999999960726e-02,9.999999999999639178e-01
4.385894096593806246e+00,9.192900810375284615e-02,6.271123643434874106e-02,5.000000000000000278e-02,7.000000000000043687e-02,1.000000000000041300e+00
4.405894096593805820e+00,9.357657516211381754e-02,6.198630692866991670e-02,5.000000000000000278e-02,8.999999999999958034e-02,9.999999999999569233e-01
4.425894096593806282e+00,9.559026823344390911e-02,6.110028197728468308e-02,5.000000000000000278e-02,1.100000000000002642e-01,1.000000000000034417e+00
4.445894096593805855e+00,9.797008731774309309e-02,6.005316158019303324e-02,5.000000000000000278e-02,1.299999999999998102e-01,9.999999999999779066e-01
4.465894096593806317e+00,1.007160324150113972e-01,5.884494573739498802e-02,5.000000000000000278e-02,1.500000000000002165e-01,1.000000000000020428e+00
4.485894096593805891e+00,1.140000000000000041e-01,5.299999999999999850e-02,5.000000000000000278e-02,7.256500283747667757e-01,2.878250141873832391e+01
4.505894096593806353e+00,1.140000000000000041e-01,5.299999999999999850e-02,5.000000000000000278e-02,0.000000000000000000e+00,3.628250141873834167e+01
4.525894096593805926e+00,1.140000000000000041e-01,5.299999999999999850e-02,5.000000000000000278e-02,0.000000000000000000e+00,0.000000000000000000e+00
4.545894096593806388e+00,1.140000000000000041e-01,5.299999999999999850e-02,5.000000000000000278e-02,0.000000000000000000e+00,0.000000000000000000e+00
4.565894096593805962e+00,1.140000000000000041e-01,5.299999999999999850e-02,5.000000000000000278e-02,0.000000000000000000e+00,0.000000000000000000e+00
4.585894096593806424e+00,1.140000000000000041e-01,5.299999999999999850e-02,5.000000000000000278e-02,0.000000000000000000e+00,0.000000000000000000e+00
4.605894096593805997e+00,1.140000000000000041e-01,5.299999999999999850e-02,5.000000000000000278e-02,0.000000000000000000e+00,0.000000000000000000e+00
4.625894096593806459e+00,1.140000000000000041e-01,5.299999999999999850e-02,5.000000000000000278e-02,0.000000000000000000e+00,0.000000000000000000e+00
4.636427003079652387e+00,1.140000000000000041e-01,5.299999999999999850e-02,5.000000000000000278e-02,0.000000000000000000e+00,0.000000000000000000e+00
4.636427003079652387e+00,1.140000000000000041e-01,5.299999999999999850e-02,1.000000000000000021e-02,2.000000000000000000e+00,1.000000000000000000e+02
4.656427003079651961e+00,1.140000000000000041e-01,5.285999999999999727e-02,1.000000000000000021e-02,7.000000000000061728e-03,1.000006124981242266e+02
4.676427003079652422e+00,1.140000000000000041e-01,5.244000000000000050e-02,1.000000000000000021e-02,2.099999999999983824e-02,6.999999999999888534e-01
4.696427003079651996e+00,1.138161522368914963e-01,5.181615223689149674e-02,1.000000000000000021e-02,3.251868814756699727e-02,6.862666688519485358e-01
4.716427003079652458e+00,1.131231875913286805e-01,5.112318759132868096e-02,1.000000000000000021e-02,4.899999999999994638e-02,1.284467651013925016e+00
4.736427003079652032e+00,1.119142135623730910e-01,5.100000000000000366e-02,1.000000000000000021e-02,6.076169404621779846e-02,1.921769326820213841e+00
4.756427003079652494e+00,1.110000000000000014e-01,5.037421356237309356e-02,1.000000000000000021e-02,5.539393250042538852e-02,1.456642828905407194e+00
4.776427003079652067e+00,1.110000000000000014e-01,4.855421356237309138e-02,1.000000000000000021e-02,9.100000000000010858e-02,3.759930576306168337e+00
4.796427003079652529e+00,1.110000000000000014e-01,4.645421356237310062e-02,1.000000000000000021e-02,1.049999999999995381e-01,6.999999999999714229e-01
4.816427003079652103e+00,1.116546298679765153e-01,4.434537013202347749e-02,1.000000000000000021e-02,1.104056257372752065e-01,1.636723996103376155e+00
4.836427003079652565e+00,1.140000000000000041e-01,5.200000000000000455e-02,1.000000000000000021e-02,4.002940152934659213e-01,2.477196165622503443e+01
4.856427003079652138e+00,1.140000000000000041e-01,5.200000000000000455e-02,1.000000000000000021e-02,0.000000000000000000e+00,2.001470076467329662e+01
4.876427003079652600e+00,1.140000000000000041e-01,5.200000000000000455e-02,1.000000000000000021e-02,0.000000000000000000e+00,0.000000000000000000e+00
4.896427003079652174e+00,1.140000000000000041e-01,5.200000000000000455e-02,1.000000000000000021e-02,0.000000000000000000e+00,0.000000000000000000e+00
4.916427003079652636e+00,1.140000000000000041e-01,5.200000000000000455e-02,1.000000000000000021e-02,0.000000000000000000e+00,0.000000000000000000e+00
4.936427003079652209e+00,1.140000000000000041e-01,5.200000000000000455e-02,1.000000000000000021e-02,0.000000000000000000e+00,0.000000000000000000e+00
4.956427003079652671e+00,1.140000000000000041e-01,5.200000000000000455e-02,1.000000000000000021e-02,0.000000000000000000e+00,0.000000000000000000e+00
4.976427003079652245e+00,1.140000000000000041e-01,5.200000000000000455e-02,1.000000000000000021e-02,0.000000000000000000e+00,0.000000000000000000e+00
4.996427003079652707e+00,1.140000000000000041e-01,5.200000000000000455e-02,1.000000000000000021e-02,0.000000000000000000e+00,0.000000000000000000e+00
5.002762379275825566e+00,1.140000000000000041e-01,5.200000000000000455e-02,1.000000000000000021e-02,0.000000000000000000e+00,0.000000000000000000e+00
5.022762379275825140e+00,1.140000000000000041e-01,5.200000000000000455e-02,5.000000000000000278e-02,2.000000000000000000e+00,1.000000000000000000e+02
5.042762379275824713e+00,1.138648550742965282e-01,5.214743082804015190e-02,5.000000000000000278e-02,1.000000000000019103e-02,1.000012499921875957e+02
5.062762379275825175e+00,1.134594202971861282e-01,5.258972331216060087e-02,5.000000000000000278e-02,2.999999999999988787e-02,9.999999999999849010e-01
5.082762379275824749e+00,1.127836956686687764e-01,5.332687745236133758e-02,5.000000000000000278e-02,5.000000000000001665e-02,1.000000000000006217e+00
5.102762379275825211e+00,1.118376811887445005e-01,5.435889324864237593e-02,5.000000000000000278e-02,6.999999999999971523e-02,9.999999999999849010e-01
5.122762379275824784e+00,1.106213768574132728e-01,5.568577070100371590e-02,5.000000000000000278e-02,9.000000000000034361e-02,1.000000000000031752e+00
5.142762379275825246e+00,1.091347826746751071e-01,5.730750980944534362e-02,5.000000000000000278e-02,1.100000000000000006e-01,9.999999999999826805e-01
5.162762379275824820e+00,1.030000000000000082e-01,6.400000000000000133e-02,5.000000000000000278e-02,4.539410298049849080e-01,1.719705149024924395e+01
5.182762379275825282e+00,1.030000000000000082e-01,6.400000000000000133e-02,5.000000000000000278e-02,0.000000000000000000e+00,2.269705149024924395e+01
5.202762379275824856e+00,1.030000000000000082e-01,6.400000000000000133e-02,5.000000000000000278e-02,0.000000000000000000e+00,0.000000000000000000e+00
5.222762379275825317e+00,1.030000000000000082e-01,6.400000000000000133e-02,5.000000000000000278e-02,0.000000000000000000e+00,0.000000000000000000e+00
5.242762379275824891e+00,1.030000000000000082e-01,6.400000000000000133e-02,5.000000000000000278e-02,0.000000000000000000e+00,0.000000000000000000e+00
5.262762379275825353e+00,1.030000000000000082e-01,6.400000000000000133e-02,5.000000000000000278e-02,0.000000000000000000e+00,0.000000000000000000e+00
5.277939342155312019e+00,1.030000000000000082e-01,6.400000000000000133e-02,5.000000000000000278e-02,0.000000000000000000e+00,0.000000000000000000e+00
5.277939342155312019e+00,1.030000000000000082e-01,6.400000000000000133e-02,1.000000000000000021e-02,2.000000000000000000e+00,1.000000000000000000e+02
5.297939342155311593e+00,1.031400000000000095e-01,6.400000000000000133e-02,1.000000000000000021e-02,7.000000000000061728e-03,1.000006124981242266e+02
5.317939342155312055e+00,1.035600000000000132e-01,6.400000000000000133e-02,1.000000000000000021e-02,2.100000000000018519e-02,7.000000000000061728e-01
5.337939342155311628e+00,1.042600000000000054e-01,6.400000000000000133e-02,1.000000000000000021e-02,3.499999999999961475e-02,6.999999999999714229e-01
5.357939342155312090e+00,1.052400000000000141e-01,6.400000000000000133e-02,1.000000000000000021e-02,4.900000000000043210e-02,7.000000000000408118e-01
5.377939342155311664e+00,1.065000000000000113e-01,6.400000000000000133e-02,1.000000000000000021e-02,6.299999999999986167e-02,6.999999999999714229e-01
5.397939342155312126e+00,1.080400000000000110e-01,6.400000000000000133e-02,1.000000000000000021e-02,7.699999999999998512e-02,7.000000000000061728e-01
5.417939342155311699e+00,1.098600000000000132e-01,6.400000000000000133e-02,1.000000000000000021e-02,9.100000000000010858e-02,7.000000000000061728e-01
5.437939342155312161e+00,1.119600000000000040e-01,6.400000000000000133e-02,1.000000000000000021e-02,1.049999999999995381e-01,6.999999999999714229e-01
5.457939342155311735e+00,1.143400000000000111e-01,6.400000000000000133e-02,1.000000000000000021e-02,1.190000000000003555e-01,7.000000000000408118e-01
5.477939342155312197e+00,1.165857864376269176e-01,6.300000000000000044e-02,1.000000000000000021e-02,1.229182322056918547e-01,2.522416104061837583e+00
5.497939342155311770e+00,1.190788939366884541e-01,6.192110606331155398e-02,1.000000000000000021e-02,1.358270695452489796e-01,6.489990402311492934e-01
5.517939342155312232e+00,1.209999999999999964e-01,5.949685424949237300e-02,1.000000000000000021e-02,1.546580531632442967e-01,3.654768682880090491e+00
5.537939342155311806e+00,1.209977756184841269e-01,5.599777561848413854e-02,1.000000000000000021e-02,1.749539669016652310e-01,5.508205632819979769e+00
5.557939342155312268e+00,1.199999999999999956e-01,5.263106781186546734e-02,1.000000000000000021e-02,1.755724753484191047e-01,2.510782124879876065e+00
5.577939342155311842e+00,1.219999999999999973e-01,4.939949493661166535e-02,1.000000000000000021e-02,1.900201518791897193e-01,7.502049765086253430e+00
5.597939342155312303e+00,1.213349624919378283e-01,4.533496249193783023e-02,1.000000000000000021e-02,2.059289858236074133e-01,6.980439887493942841e+00
5.617939342155311877e+00,1.180681291628559726e-01,4.206812916285597448e-02,1.000000000000000021e-02,2.310000000000004272e-01,6.803338047096683994e+00
5.637939342155312339e+00,1.136105627484771396e-01,4.100000000000000172e-02,1.000000000000000021e-02,2.291876864446559248e-01,6.251072553470280901e+00
5.657939342155311913e+00,1.088447763108502386e-01,4.200000000000000261e-02,1.000000000000000021e-02,2.434785430436761655e-01,5.227426360664006566e+00
5.677939342155312374e+00,1.035649711574555959e-01,4.243502884254441582e-02,1.000000000000000021e-02,2.648848455067699392e-01,1.909528163114229127e+00
5.697939342155311948e+00,1.049999999999999961e-01,4.652679656440358164e-02,1.000000000000000021e-02,2.168056207100202970e-01,1.911490498676863581e+01
5.717939342155312410e+00,1.049999999999999961e-01,5.254679656440356533e-02,1.000000000000000021e-02,3.009999999999991571e-01,6.009049164280510169e+00
5.737939342155311984e+00,1.049999999999999961e-01,5.884679656440357925e-02,1.000000000000000021e-02,3.150000000000006684e-01,7.000000000000755618e-01
5.757939342155312445e+00,1.049999999999999961e-01,5.292444989141450312e-02,1.000000000000000021e-02,2.961173336494538066e-01,3.055586668247272186e+01
5.777939342155312019e+00,1.049999999999999961e-01,4.648130528174126974e-02,1.000000000000000021e-02,3.221572304836616829e-01,1.301994841710393702e+00
5.797939342155311593e+00,1.032676257655588958e-01,4.200000000000000261e-02,1.000000000000000021e-02,2.402249857754057694e-01,6.543094660009866281e+00
5.817939342155312055e+00,1.091507703752321312e-01,4.200000000000000261e-02,1.000000000000000021e-02,2.941572304836617691e-01,2.209047083773096176e+01
5.837939342155312517e+00,1.142402051794512846e-01,4.124020517945128916e-02,1.000000000000000021e-02,2.572918323408746599e-01,2.746888494968681371e+00
5.857939342155312090e+00,1.188829164866282012e-01,4.288291648662820310e-02,1.000000000000000021e-02,2.462380388999396708e-01,6.109213112468348861e+00
5.877939342155311664e+00,1.219999999999999973e-01,4.604913639238637779e-02,1.000000000000000021e-02,2.221551154089950741e-01,5.390163851395032069e+00
5.897939342155312126e+00,1.219999999999999973e-01,5.081228100205963105e-02,1.000000000000000021e-02,2.381572304836626630e-01,8.755847381646065131e+00
5.917939342155311699e+00,1.203302177969521325e-01,5.433021779695212938e-02,1.000000000000000021e-02,1.947052381066947946e-01,5.207395646821957769e+00
5.937939342155312161e+00,1.209999999999999964e-01,5.825592953428682802e-02,1.000000000000000021e-02,1.991219528590900123e-01,5.937087887778927708e+00
5.957939342155311735e+00,1.201662686772841243e-01,6.183373132271587080e-02,1.000000000000000021e-02,1.836829711470528148e-01,3.858103691178832229e+00
5.977939342155312197e+00,1.170062083711129047e-01,6.300000000000000044e-02,1.000000000000000021e-02,1.684203355169218985e-01,8.376790288280414387e+00
5.997939342155311770e+00,1.140572773238127807e-01,6.400000000000000133e-02,1.000000000000000021e-02,1.556935637858113952e-01,6.718483692269774377e-01
6.017939342155312232e+00,1.109741327141395145e-01,6.400000000000000133e-02,1.000000000000000021e-02,1.541572304836633100e-01,2.522416104061851794e+00
6.037939342155311806e+00,1.081709881044662785e-01,6.400000000000000133e-02,1.000000000000000021e-02,1.401572304836617988e-01,7.000000000000755618e-01
6.057939342155312268e+00,1.056478434947930450e-01,6.400000000000000133e-02,1.000000000000000021e-02,1.261572304836616754e-01,7.000000000000061728e-01
6.077939342155311842e+00,1.040000000000000091e-01,6.400000000000000133e-02,1.000000000000000021e-02,8.239217473965179672e-02,2.188252787200493987e+00
6.097939342155312303e+00,1.040000000000000091e-01,6.400000000000000133e-02,1.000000000000000021e-02,0.000000000000000000e+00,4.119608736982590003e+00
6.117939342155311877e+00,1.040000000000000091e-01,6.400000000000000133e-02,1.000000000000000021e-02,0.000000000000000000e+00,0.000000000000000000e+00
6.137939342155312339e+00,1.040000000000000091e-01,6.400000000000000133e-02,1.000000000000000021e-02,0.000000000000000000e+00,0.000000000000000000e+00
6.157939342155311913e+00,1.040000000000000091e-01,6.400000000000000133e-02,1.000000000000000021e-02,0.000000000000000000e+00,0.000000000000000000e+00
6.177939342155312374e+00,1.040000000000000091e-01,6.400000000000000133e-02,1.000000000000000021e-02,0.000000000000000000e+00,0.000000000000000000e+00
6.197939342155311948e+00,1.040000000000000091e-01,6.400000000000000133e-02,1.000000000000000021e-02,0.000000000000000000e+00,0.000000000000000000e+00
6.217939342155312410e+00,1.040000000000000091e-01,6.400000000000000133e-02,1.000000000000000021e-02,0.000000000000000000e+00,0.000000000000000000e+00
6.228163957131971351e+00,1.040000000000000091e-01,6.400000000000000133e-02,1.000000000000000021e-02,0.000000000000000000e+00,0.000000000000000000e+00
6.248163957131970925e+00,1.040000000000000091e-01,6.400000000000000133e-02,5.000000000000000278e-02,2.000000000000000000e+00,1.000000000000000000e+02
6.268163957131970498e+00,1.042000000000000148e-01,6.400000000000000133e-02,5.000000000000000278e-02,1.000000000000028644e-02,1.000012499921875957e+02
6.288163957131970960e+00,1.048000000000000043e-01,6.400000000000000133e-02,5.000000000000000278e-02,2.999999999999947153e-02,9.999999999999592548e-01
6.308163957131970534e+00,1.058000000000000052e-01,6.400000000000000133e-02,5.000000000000000278e-02,5.000000000000004441e-02,1.000000000000028644e+00
6.328163957131970996e+00,1.072000000000000036e-01,6.400000000000000133e-02,5.000000000000000278e-02,6.999999999999992339e-02,9.999999999999938938e-01
6.348163957131970569e+00,1.090000000000000135e-01,6.400000000000000133e-02,5.000000000000000278e-02,9.000000000000049627e-02,1.000000000000028644e+00
6.368163957131971031e+00,1.112000000000000072e-01,6.400000000000000133e-02,5.000000000000000278e-02,1.099999999999996814e-01,9.999999999999592548e-01
6.388163957131970605e+00,1.138000000000000123e-01,6.400000000000000133e-02,5.000000000000000278e-02,1.300000000000002542e-01,1.000000000000028644e+00
6.408163957131971067e+00,1.168000000000000149e-01,6.400000000000000133e-02,5.000000000000000278e-02,1.500000000000001332e-01,9.999999999999938938e-01
6.428163957131970641e+00,1.350000000000000089e-01,6.400000000000000133e-02,5.000000000000000278e-02,9.099999999999996980e-01,3.799999999999997868e+01
6.448163957131971102e+00,1.350000000000000089e-01,6.400000000000000133e-02,5.000000000000000278e-02,0.000000000000000000e+00,4.549999999999998579e+01
6.468163957131970676e+00,1.350000000000000089e-01,6.400000000000000133e-02,5.000000000000000278e-02,0.000000000000000000e+00,0.000000000000000000e+00
6.488163957131971138e+00,1.350000000000000089e-01,6.400000000000000133e-02,5.000000000000000278e-02,0.000000000000000000e+00,0.000000000000000000e+00
6.508163957131970712e+00,1.350000000000000089e-01,6.400000000000000133e-02,5.000000000000000278e-02,0.000000000000000000e+00,0.000000000000000000e+00
6.528163957131971173e+00,1.350000000000000089e-01,6.400000000000000133e-02,5.000000000000000278e-02,0.000000000000000000e+00,0.000000000000000000e+00
6.548163957131970747e+00,1.350000000000000089e-01,6.400000000000000133e-02,5.000000000000000278e-02,0.000000000000000000e+00,0.000000000000000000e+00
6.568163957131971209e+00,1.350000000000000089e-01,6.400000000000000133e-02,5.000000000000000278e-02,0.000000000000000000e+00,0.000000000000000000e+00
6.588163957131970783e+00,1.350000000000000089e-01,6.400000000000000133e-02,5.000000000000000278e-02,0.000000000000000000e+00,0.000000000000000000e+00
6.600300294365150755e+00,1.350000000000000089e-01,6.400000000000000133e-02,5.000000000000000278e-02,0.000000000000000000e+00,0.000000000000000000e+00
6.600300294365150755e+00,1.350000000000000089e-01,6.400000000000000133e-02,1.000000000000000021e-02,2.000000000000000000e+00,1.000000000000000000e+02
6.620300294365150329e+00,1.349010050506339042e-01,6.390100505063388281e-02,1.000000000000000021e-02,6.999999999999641925e-03,1.000006124981242266e+02
6.640300294365150791e+00,1.346040202025355348e-01,6.360402020253554112e-02,1.000000000000000021e-02,2.100000000000039682e-02,7.000000000000377032e-01
6.660300294365150364e+00,1.341090454557049561e-01,6.310904545570494850e-02,1.000000000000000021e-02,3.500000000000016986e-02,6.999999999999887423e-01
6.680300294365150826e+00,1.331742135623731060e-01,6.300000000000000044e-02,1.000000000000000021e-02,4.705851623777335124e-02,1.462907479723562387e+00
6.700300294365150400e+00,1.319393398282201757e-01,6.293933982822018380e-02,1.000000000000000021e-02,6.181813641119325575e-02,7.597953751825968771e-01
6.720300294365150862e+00,1.307884271247461982e-01,6.199999999999999956e-02,1.000000000000000021e-02,7.427919230677096363e-02,2.206704830333616751e+00
6.740300294365150435e+00,1.292705678246199308e-01,6.127056782461992590e-02,1.000000000000000021e-02,8.420166496957630364e-02,1.056855676983448067e+00
6.760300294365150897e+00,1.280000000000000027e-01,5.969685424949238567e-02,1.000000000000000021e-02,1.011300772952849203e-01,2.199380816016242690e+00
6.780300294365150471e+00,1.270000000000000018e-01,5.773106781186548159e-02,1.000000000000000021e-02,1.102759756061794660e-01,1.190924213657204023e+00
6.800300294365150933e+00,1.263431457505076183e-01,5.534314575050762464e-02,1.000000000000000021e-02,1.238308248801137379e-01,1.360026403498652225e+00
6.820300294365150506e+00,1.260000000000000009e-01,5.254528137423858380e-02,1.000000000000000021e-02,1.409414246600940168e-01,1.290507952053219665e+00
6.840300294365150968e+00,1.264770981156687624e-01,4.952290188433123436e-02,1.000000000000000021e-02,1.529901989751900060e-01,2.126039504942223601e+00
6.860300294365150542e+00,1.275377582874485938e-01,4.646224171255140811e-02,1.000000000000000021e-02,1.619617291763654210e-01,1.462040705523450113e+00
6.880300294365151004e+00,1.295035151391472072e-01,4.349648486085280763e-02,1.000000000000000021e-02,1.779038624046512806e-01,2.275146479023990587e+00
6.900300294365150577e+00,1.329436508138959472e-01,4.200000000000000261e-02,1.000000000000000021e-02,1.875766536608474699e-01,5.203696460775889321e+00
6.920300294365151039e+00,1.368694372515228408e-01,4.100000000000000172e-02,1.000000000000000021e-02,2.025573940507680859e-01,1.736292531048845289e+00
6.940300294365150613e+00,1.360000000000000098e-01,6.400000000000000133e-02,1.000000000000000021e-02,1.150821360088453815e+00,6.118589350439479801e+01
6.960300294365151075e+00,1.360000000000000098e-01,6.400000000000000133e-02,1.000000000000000021e-02,0.000000000000000000e+00,5.754106800442269076e+01
6.980300294365150648e+00,1.360000000000000098e-01,6.400000000000000133e-02,1.000000000000000021e-02,0.000000000000000000e+00,0.000000000000000000e+00
7.000300294365151110e+00,1.360000000000000098e-01,6.400000000000000133e-02,1.000000000000000021e-02,0.000000000000000000e+00,0.000000000000000000e+00
7.020300294365150684e+00,1.360000000000000098e-01,6.400000000000000133e-02,1.000000000000000021e-02,0.000000000000000000e+00,0.000000000000000000e+00
7.040300294365151146e+00,1.360000000000000098e-01,6.400000000000000133e-02,1.000000000000000021e-02,0.000000000000000000e+00,0.000000000000000000e+00
7.060300294365150719e+00,1.360000000000000098e-01,6.400000000000000133e-02,1.000000000000000021e-02,0.000000000000000000e+00,0.000000000000000000e+00
7.080300294365150293e+00,1.360000000000000098e-01,6.400000000000000133e-02,1.000000000000000021e-02,0.000000000000000000e+00,0.000000000000000000e+00
7.100300294365150755e+00,1.360000000000000098e-01,6.400000000000000133e-02,1.000000000000000021e-02,0.000000000000000000e+00,0.000000000000000000e+00
7.120300294365151217e+00,1.360000000000000098e-01,6.400000000000000133e-02,1.000000000000000021e-02,0.000000000000000000e+00,0.000000000000000000e+00
7.140300294365150791e+00,1.360000000000000098e-01,6.400000000000000133e-02,1.000000000000000021e-02,0.000000000000000000e+00,0.000000000000000000e+00
7.160300294365150364e+00,1.360000000000000098e-01,6.400000000000000133e-02,1.000000000000000021e-02,0.000000000000000000e+00,0.000000000000000000e+00
7.180300294365150826e+00,1.360000000000000098e-01,6.400000000000000133e-02,1.000000000000000021e-02,0.000000000000000000e+00,0.000000000000000000e+00
7.200300294365150400e+00,1.360000000000000098e-01,6.400000000000000133e-02,1.000000000000000021e-02,0.000000000000000000e+00,0.000000000000000000e+00
7.220300294365150862e+00,1.360000000000000098e-01,6.400000000000000133e-02,1.000000000000000021e-02,0.000000000000000000e+00,0.000000000000000000e+00
7.240300294365150435e+00,1.360000000000000098e-01,6.400000000000000133e-02,1.000000000000000021e-02,0.000000000000000000e+00,0.000000000000000000e+00
7.260300294365150897e+00,1.360000000000000098e-01,6.400000000000000133e-02,1.000000000000000021e-02,0.000000000000000000e+00,0.000000000000000000e+00
7.263371613506847346e+00,1.360000000000000098e-01,6.400000000000000133e-02,1.000000000000000021e-02,0.000000000000000000e+00,0.000000000000000000e+00
7.283371613506846920e+00,1.360000000000000098e-01,6.400000000000000133e-02,5.000000000000000278e-02,2.000000000000000000e+00,1.000000000000000000e+02
7.303371613506846494e+00,1.359475071691695069e-01,6.419298834864156644e-02,5.000000000000000278e-02,9.999999999999759082e-03,1.000012499921875957e+02
7.323371613506846955e+00,1.357900286766779707e-01,6.477195339456627565e-02,5.000000000000000278e-02,3.000000000000031114e-02,1.000000000000027534e+00
7.343371613506846529e+00,1.355275645225254566e-01,6.573689513777412896e-02,5.000000000000000278e-02,5.000000000000013461e-02,9.999999999999911182e-01
7.363371613506846991e+00,1.351601147067119091e-01,6.708781357826511249e-02,5.000000000000000278e-02,7.000000000000002054e-02,9.999999999999941158e-01
7.383371613506846565e+00,1.346876792292373282e-01,6.882470871603922624e-02,5.000000000000000278e-02,8.999999999999989952e-02,9.999999999999941158e-01
7.403371613506847027e+00,1.341102580901017693e-01,7.094758055109648409e-02,5.000000000000000278e-02,1.099999999999997230e-01,9.999999999999911182e-01
7.423371613506846600e+00,1.334278512893051771e-01,7.345642908343688604e-02,5.000000000000000278e-02,1.300000000000002820e-01,1.000000000000027534e+00
7.443371613506847062e+00,1.326404588268475793e-01,7.635125431306041821e-02,5.000000000000000278e-02,1.499999999999998002e-01,9.999999999999759082e-01
7.463371613506846636e+00,1.317480807027289480e-01,7.963205623996709448e-02,5.000000000000000278e-02,1.700000000000003453e-01,1.000000000000027534e+00
7.483371613506847098e+00,1.307507169169493388e-01,8.329883486415690097e-02,5.000000000000000278e-02,1.899999999999995026e-01,9.999999999999577005e-01
7.503371613506846671e+00,1.296483674695086963e-01,8.735159018562985156e-02,5.000000000000000278e-02,2.100000000000000477e-01,1.000000000000027534e+00
7.523371613506847133e+00,1.284410323604070203e-01,9.179032220438594625e-02,5.000000000000000278e-02,2.300000000000006206e-01,1.000000000000027534e+00
7.543371613506846707e+00,1.271287115896443665e-01,9.661503092042517116e-02,5.000000000000000278e-02,2.499999999999997502e-01,9.999999999999577005e-01
7.563371613506847169e+00,1.257114051572206792e-01,1.018257163337475402e-01,5.000000000000000278e-02,2.700000000000002953e-01,1.000000000000027534e+00
7.583371613506846742e+00,1.241891130631359863e-01,1.074223784443530394e-01,5.000000000000000278e-02,2.899999999999998135e-01,9.999999999999759082e-01
7.603371613506847204e+00,1.225618353073902739e-01,1.134050172522416688e-01,5.000000000000000278e-02,3.099999999999995537e-01,9.999999999999850120e-01
7.623371613506846778e+00,1.208295718899835419e-01,1.197736327574134563e-01,5.000000000000000278e-02,3.300000000000005707e-01,1.000000000000051958e+00
7.643371613506847240e+00,1.031843052749645828e-01,1.846459364891007982e-01,5.000000000000000278e-02,3.361462191283504097e+00,1.515731095641751551e+02
7.663371613506846813e+00,1.020000000000000073e-01,1.890000000000000013e-01,5.000000000000000278e-02,2.256127658248354428e-01,1.567924712729334260e+02
7.683371613506847275e+00,1.020000000000000073e-01,1.890000000000000013e-01,5.000000000000000278e-02,0.000000000000000000e+00,1.128063829124177175e+01
7.703371613506846849e+00,1.020000000000000073e-01,1.890000000000000013e-01,5.000000000000000278e-02,0.000000000000000000e+00,0.000000000000000000e+00
7.723371613506847311e+00,1.020000000000000073e-01,1.890000000000000013e-01,5.000000000000000278e-02,0.000000000000000000e+00,0.000000000000000000e+00
7.743371613506846884e+00,1.020000000000000073e-01,1.890000000000000013e-01,5.000000000000000278e-02,0.000000000000000000e+00,0.000000000000000000e+00
7.763371613506846458e+00,1.020000000000000073e-01,1.890000000000000013e-01,5.000000000000000278e-02,0.000000000000000000e+00,0.000000000000000000e+00
7.783371613506846920e+00,1.020000000000000073e-01,1.890000000000000013e-01,5.000000000000000278e-02,0.000000000000000000e+00,0.000000000000000000e+00
7.803371613506847382e+00,1.020000000000000073e-01,1.890000000000000013e-01,5.000000000000000278e-02,0.000000000000000000e+00,0.000000000000000000e+00
7.823371613506846955e+00,1.020000000000000073e-01,1.890000000000000013e-01,5.000000000000000278e-02,0.000000000000000000e+00,0.000000000000000000e+00
7.843371613506846529e+00,1.020000000000000073e-01,1.890000000000000013e-01,5.000000000000000278e-02,0.000000000000000000e+00,0.000000000000000000e+00
7.863371613506846991e+00,1.020000000000000073e-01,1.890000000000000013e-01,5.000000000000000278e-02,0.000000000000000000e+00,0.000000000000000000e+00
7.883371613506846565e+00,1.020000000000000073e-01,1.890000000000000013e-01,5.000000000000000278e-02,0.000000000000000000e+00,0.000000000000000000e+00
7.903371613506847027e+00,1.020000000000000073e-01,1.890000000000000013e-01,5.000000000000000278e-02,0.000000000000000000e+00,0.000000000000000000e+00
7.923371613506846600e+00,1.020000000000000073e-01,1.890000000000000013e-01,5.000000000000000278e-02,0.000000000000000000e+00,0.000000000000000000e+00
7.943371613506847062e+00,1.020000000000000073e-01,1.890000000000000013e-01,5.000000000000000278e-02,0.000000000000000000e+00,0.000000000000000000e+00
7.963371613506846636e+00,1.020000000000000073e-01,1.890000000000000013e-01,5.000000000000000278e-02,0.000000000000000000e+00,0.000000000000000000e+00
7.983371613506847098e+00,1.020000000000000073e-01,1.890000000000000013e-01,5.000000000000000278e-02,0.000000000000000000e+00,0.000000000000000000e+00
8.003209092781625955e+00,1.020000000000000073e-01,1.890000000000000013e-01,5.000000000000000278e-02,0.000000000000000000e+00,0.000000000000000000e+00
8.003209092781625955e+00,1.020000000000000073e-01,1.890000000000000013e-01,1.000000000000000021e-02,2.000000000000000000e+00,1.000000000000000000e+02
8.023209092781625529e+00,1.019010050506338888e-01,1.889010050506338967e-01,1.000000000000000021e-02,6.999999999999641925e-03,1.000006124981242266e+02
8.043209092781625102e+00,1.016040202025355471e-01,1.886040202025355272e-01,1.000000000000000021e-02,2.100000000000039682e-02,7.000000000000377032e-01
8.063209092781626453e+00,1.011090454557049545e-01,1.881090454557049485e-01,1.000000000000000021e-02,3.500000000000016986e-02,6.999999999999887423e-01
8.083209092781626026e+00,1.001742135623731045e-01,1.880000000000000004e-01,1.000000000000000021e-02,4.705851623777335124e-02,1.462907479723513537e+00
8.103209092781625600e+00,9.891421356237310725e-02,1.880000000000000004e-01,1.000000000000000021e-02,6.299999999999986167e-02,8.574132937360464668e-01
8.123209092781625174e+00,9.737421356237310754e-02,1.880000000000000004e-01,1.000000000000000021e-02,7.699999999999998512e-02,7.000000000000061728e-01
8.143209092781626524e+00,9.596842712474619452e-02,1.869999999999999996e-01,1.000000000000000021e-02,8.625884749136995822e-02,2.522416104061833142e+00
8.163209092781626097e+00,9.390696392768782541e-02,1.869069639276878247e-01,1.000000000000000021e-02,1.031780769298569073e-01,2.797873722786492934e+00
8.183209092781625671e+00,9.190264068711929968e-02,1.859999999999999987e-01,1.000000000000000021e-02,1.099988092982151916e-01,2.039827701645515301e+00
8.203209092781625245e+00,8.965685424949239313e-02,1.849999999999999978e-01,1.000000000000000021e-02,1.229182322056918547e-01,6.469166594553092953e-01
8.223209092781626595e+00,8.713106781186548411e-02,1.839999999999999969e-01,1.000000000000000021e-02,1.358270695452496457e-01,7.000000000000061728e-01
8.243209092781626168e+00,8.473949493661167565e-02,1.819999999999999951e-01,1.000000000000000021e-02,1.558815320816562822e-01,2.522416104061837583e+00
8.263209092781625742e+00,8.204802815017832318e-02,1.800480281501783131e-01,1.000000000000000021e-02,1.662391918664951618e-01,7.592885698637387160e-01
8.283209092781625316e+00,7.908227129847970882e-02,1.780822712984796996e-01,1.000000000000000021e-02,1.779038624046518635e-01,6.865906084595126968e-01
8.303209092781626666e+00,7.621141776686232716e-02,1.752114177668623318e-01,1.000000000000000021e-02,2.029999999999994031e-01,2.275146479023923529e+00
8.323209092781626239e+00,7.384968111769925347e-02,1.718496811176992711e-01,1.000000000000000021e-02,2.054207468728883601e-01,1.768060793446050161e+00
8.343209092781625813e+00,7.199706135099051552e-02,1.679970613509905175e-01,1.000000000000000021e-02,2.137456377732359081e-01,1.768060793446100121e+00
8.363209092781625387e+00,7.000000000000000666e-02,1.639242712474619224e-01,1.000000000000000021e-02,2.268031815639967030e-01,6.583043961819182721e-01
8.383209092781626737e+00,6.800000000000000488e-02,1.595726983722081105e-01,1.000000000000000021e-02,2.394586941867257179e-01,6.969956486090644887e-01
8.403209092781626310e+00,6.700000000000000400e-02,1.545269119345812070e-01,1.000000000000000021e-02,2.571962323506100656e-01,3.043366218292193004e+00
8.423209092781625884e+00,6.700000000000000400e-02,1.487869119345812119e-01,1.000000000000000021e-02,2.869999999999997553e-01,3.043366218292193004e+00
8.443209092781625458e+00,6.700000000000000400e-02,1.427669119345812143e-01,1.000000000000000021e-02,3.009999999999998788e-01,7.000000000000061728e-01
8.463209092781626808e+00,6.600000000000000311e-02,1.368811254969543034e-01,1.000000000000000021e-02,2.985066246725224803e-01,2.522416104061833142e+00
8.483209092781626381e+00,6.400000000000000133e-02,1.311295526217004792e-01,1.000000000000000021e-02,3.044691714252674153e-01,2.522416104061833142e+00
8.503209092781625955e+00,6.099999999999999867e-02,1.255121933088197417e-01,1.000000000000000021e-02,3.184129616159177556e-01,2.522416104061833142e+00
8.523209092781625529e+00,5.900000000000000383e-02,1.193406204335659138e-01,1.000000000000000021e-02,3.243775260193312859e-01,2.858269442248104752e+00
8.543209092781626879e+00,6.429467888754759886e-02,1.157053211124524084e-01,1.000000000000000021e-02,3.211270218944932697e-01,1.930754768443291525e+01
8.563209092781626453e+00,6.700000000000000400e-02,1.098259018078044380e-01,1.000000000000000021e-02,3.235982605073300933e-01,8.566230277937545878e+00
8.583209092781626026e+00,6.700000000000000400e-02,1.028259018078044734e-01,1.000000000000000021e-02,3.499999999999982014e-01,7.320546178512005397e+00
8.603209092781625600e+00,6.975988462982245231e-02,9.800000000000000377e-02,1.000000000000000021e-02,2.779671357755293948e-01,8.783388483110430300e+00
8.623209092781625174e+00,7.624442635585344796e-02,9.675557364414655304e-02,1.000000000000000021e-02,3.301434474277042952e-01,1.291801960858949805e+01
8.643209092781626524e+00,8.251724394270319729e-02,9.500000000000000111e-02,1.000000000000000021e-02,3.256926438297060855e-01,1.383154595122663810e+00
8.663209092781626097e+00,8.600000000000000699e-02,9.031118318204298112e-02,1.000000000000000021e-02,2.920384944959919515e-01,1.012063450808452103e+01
8.683209092781625671e+00,8.500000000000000611e-02,8.372539674441607793e-02,1.000000000000000021e-02,3.330637439065923244e-01,1.216901690954885140e+01
8.703209092781625245e+00,8.400000000000000522e-02,7.713961030678916087e-02,1.000000000000000021e-02,3.330637439065930461e-01,3.608224830031758756e-14
8.723209092781626595e+00,8.331549416771891203e-02,7.068450583228109985e-02,1.000000000000000021e-02,3.245647932664632584e-01,8.537210659417845404e-01
8.743209092781626168e+00,9.003196256846460188e-02,7.000000000000000666e-02,1.000000000000000021e-02,3.375629423257320294e-01,2.346196766678975720e+01
8.763209092781625742e+00,9.703196256846460810e-02,7.000000000000000666e-02,1.000000000000000021e-02,3.500000000000003109e-01,1.852259434789276460e+00
8.783209092781625316e+00,1.040319625684646143e-01,7.000000000000000666e-02,1.000000000000000021e-02,3.500000000000003109e-01,0.000000000000000000e+00
8.803209092781626666e+00,1.096177490060915166e-01,7.200000000000000844e-02,1.000000000000000021e-02,2.966521958741273335e-01,6.123724356957962911e+00
8.823209092781626239e+00,1.166177490060915228e-01,7.200000000000000844e-02,1.000000000000000021e-02,3.500000000000003109e-01,6.123724356957962911e+00
8.843209092781625813e+00,1.236177490060914597e-01,7.200000000000000844e-02,1.000000000000000021e-02,3.499999999999968137e-01,1.748601263784621551e-13
8.863209092781625387e+00,1.300000000000000044e-01,7.261774900609148375e-02,1.000000000000000021e-02,3.206038894951744322e-01,2.184072556392512077e+00
8.883209092781626737e+00,1.300000000000000044e-01,7.878932188134528392e-02,1.000000000000000021e-02,3.085786437626900081e-01,2.115095850649028364e+01
8.903209092781626310e+00,1.287347583639752713e-01,8.526524163602473838e-02,1.000000000000000021e-02,3.299180696270596069e-01,3.253328507608281850e+00
8.923209092781625884e+00,1.280000000000000027e-01,9.196089475659910417e-02,1.000000000000000021e-02,3.367923713673189878e-01,1.435477390129789033e+00
8.943209092781625458e+00,1.317182540694798454e-01,9.700000000000000289e-02,1.000000000000000021e-02,3.131213621715781548e-01,1.187788664964061702e+01
8.963209092781625031e+00,1.383040405071067347e-01,9.800000000000000377e-02,1.000000000000000021e-02,3.330637439065916583e-01,1.238373758443902517e+01
8.983209092781626381e+00,1.446292026667036490e-01,9.962920266670365066e-02,1.000000000000000021e-02,3.265806855678661247e-01,1.702610147108009286e+00
9.003209092781625955e+00,1.469999999999999918e-01,1.044756133823605271e-01,1.000000000000000021e-02,2.697608979281413966e-01,1.274446664481604330e+01
9.023209092781625529e+00,1.469999999999999918e-01,1.114756133823605194e-01,1.000000000000000021e-02,3.499999999999995892e-01,8.007272788379067308e+00
9.043209092781626879e+00,1.497505230102632867e-01,1.167505230102632990e-01,1.000000000000000021e-02,2.974476778045564984e-01,8.116847302790334950e+00
9.063209092781626453e+00,1.539999999999999980e-01,1.208187591328681587e-01,1.000000000000000021e-02,2.941453715238810385e-01,4.810745771815920335e+00
9.083209092781626026e+00,1.519999999999999962e-01,1.269903320081219866e-01,1.000000000000000021e-02,3.243775260193313970e-01,1.648483927361223778e+01
9.103209092781625600e+00,1.489999999999999936e-01,1.327476913210027254e-01,1.000000000000000021e-02,3.246043216656803176e-01,2.705980500730981397e+00
9.123209092781625174e+00,1.469999999999999918e-01,1.389192641962565533e-01,1.000000000000000021e-02,3.243775260193313970e-01,2.705980500730981397e+00
9.143209092781626524e+00,1.469999999999999918e-01,1.459192641962565318e-01,1.000000000000000021e-02,3.499999999999989231e-01,5.411961001461936149e+00
9.163209092781626097e+00,1.469999999999999918e-01,1.529192641962564825e-01,1.000000000000000021e-02,3.499999999999975353e-01,6.938893903907228378e-14
9.183209092781625671e+00,1.456428752719384767e-01,1.593571247280615166e-01,1.000000000000000021e-02,3.289674594640366601e-01,3.672353051194241491e+00
9.203209092781625245e+00,1.430000000000000160e-01,1.652624099467641383e-01,1.000000000000000021e-02,3.234856380786149677e-01,3.479215900535271633e+00
9.223209092781626595e+00,1.399860210224460610e-01,1.710139789775539654e-01,1.000000000000000021e-02,3.246714323476805886e-01,1.004199391144485753e+00
9.243209092781626168e+00,1.357433803353267354e-01,1.762566196646732641e-01,1.000000000000000021e-02,3.372138838120364857e-01,3.324734628078727106e+00
9.263209092781625742e+00,1.302939392393399065e-01,1.799999999999999933e-01,1.000000000000000021e-02,3.305650639191208828e-01,4.811541352116252668e+00
9.283209092781625316e+00,1.246723125234613094e-01,1.833276874765386866e-01,1.000000000000000021e-02,3.266350826005698371e-01,1.124856770173658704e+00
9.303209092781626666e+00,1.185509921799016708e-01,1.854490078200983494e-01,1.000000000000000021e-02,3.239234583527302314e-01,3.264405938563980314e+00
9.323209092781626239e+00,1.121934341759515258e-01,1.869999999999999996e-01,1.000000000000000021e-02,3.272007049033766046e-01,1.543296889876306421e+00
9.343209092781625813e+00,1.099781386993022997e-01,1.890000000000000013e-01,1.000000000000000021e-02,1.492274610189301687e-01,1.041631738775479654e+01
9.363209092781625387e+00,1.169781386993023059e-01,1.890000000000000013e-01,1.000000000000000021e-02,3.500000000000003109e-01,2.357457193698749975e+01
9.383209092781626737e+00,1.231497115745561199e-01,1.869999999999999996e-01,1.000000000000000021e-02,3.243775260193307308e-01,5.411961001461976117e+00
9.403209092781626310e+00,1.289070708874368587e-01,1.839999999999999969e-01,1.000000000000000021e-02,3.246043216656803176e-01,2.705980500730967631e+00
9.423209092781625884e+00,1.341769298814562694e-01,1.798230701185437319e-01,1.000000000000000021e-02,3.362222369633272590e-01,3.184749309948261331e+00
9.443209092781625458e+00,1.390000000000000124e-01,1.754066376115478165e-01,1.000000000000000021e-02,3.269819622595403485e-01,1.267334325684223550e+00
9.463209092781625031e+00,1.429551044745083765e-01,1.700448955254916517e-01,1.000000000000000021e-02,3.331333426785061391e-01,3.208362666034670685e+00
9.483209092781626381e+00,1.464906383804411016e-01,1.645093616195588970e-01,1.000000000000000021e-02,3.284133661398811466e-01,1.135349777246262404e+00
9.503209092781625955e+00,1.486119587240007645e-01,1.583880412759992307e-01,1.000000000000000021e-02,3.239234583527315081e-01,3.826834323650828207e+00
9.523209092781625529e+00,1.493190655051873095e-01,1.516809344948126803e-01,1.000000000000000021e-02,3.372138838120348203e-01,3.826834323650930347e+00
9.543209092781626879e+00,1.499999999999999944e-01,1.449629867976517661e-01,1.000000000000000021e-02,3.376184719769322884e-01,7.082169658721108874e-02
9.563209092781626453e+00,1.499999999999999944e-01,1.379629867976517321e-01,1.000000000000000021e-02,3.500000000000016986e-01,1.842595465238261676e+00
9.583209092781626026e+00,1.519999999999999962e-01,1.317914139223979042e-01,1.000000000000000021e-02,3.243775260193313970e-01,5.411961001461989440e+00
9.603209092781625600e+00,1.549759197546797529e-01,1.260240802453202469e-01,1.000000000000000021e-02,3.244928201403203261e-01,2.640819826441575646e+00
9.623209092781625174e+00,1.570000000000000007e-01,1.198624817342633375e-01,1.000000000000000021e-02,3.242768764919663482e-01,2.575659152152170339e+00
9.643209092781626524e+00,1.521051224213826047e-01,1.160000000000000059e-01,1.000000000000000021e-02,3.117634987340932029e-01,1.822736872857023371e+01
9.663209092781626097e+00,1.499999999999999944e-01,1.099335495461287865e-01,1.000000000000000021e-02,3.210660427321850308e-01,8.888268938018848431e+00
9.683209092781625671e+00,1.499999999999999944e-01,1.029335495461289052e-01,1.000000000000000021e-02,3.499999999999940381e-01,5.757090825714850091e+00
9.703209092781625245e+00,1.471245853087087274e-01,9.712458530870873852e-02,1.000000000000000021e-02,3.240836125080999719e-01,7.780816086149597410e+00
9.723209092781626595e+00,1.405904037956214880e-01,9.600000000000000200e-02,1.000000000000000021e-02,3.315125192301738855e-01,1.485975702275079335e+01
9.743209092781626168e+00,1.340046173579946265e-01,9.500000000000000111e-02,1.000000000000000021e-02,3.330637439065903260e-01,3.371254160434127289e-01
9.763209092781625742e+00,1.300000000000000044e-01,9.083304448274090448e-02,1.000000000000000021e-02,2.889657352817451841e-01,1.021397359807489735e+01
9.783209092781625316e+00,1.310000000000000053e-01,8.424725804511405680e-02,1.000000000000000021e-02,3.330637439065896044e-01,1.389625352416708459e+01
9.803209092781626666e+00,1.322393757219699761e-01,7.776062427803001609e-02,1.000000000000000021e-02,3.301986894601622868e-01,6.477460359991347172e-01
9.823209092781626239e+00,1.323464107156569758e-01,7.134641071565699100e-02,1.000000000000000021e-02,3.207553277562339433e-01,2.836635563236396429e+00
9.843209092781625813e+00,1.263183258569797740e-01,6.900000000000000577e-02,1.000000000000000021e-02,3.234325675854368143e-01,1.840290663227966306e+01
9.863209092781625387e+00,1.193183258569797817e-01,6.900000000000000577e-02,1.000000000000000021e-02,3.499999999999995892e-01,6.349341643274139635e+00
9.883209092781626737e+00,1.123183258569797754e-01,6.900000000000000577e-02,1.000000000000000021e-02,3.500000000000003109e-01,3.608224830031758756e-14
9.903209092781626310e+00,1.138532470182739426e-01,6.900000000000000577e-02,1.000000000000000021e-02,7.674605806470835567e-02,2.133730290323543244e+01
9.923209092781625884e+00,1.208532470182738239e-01,6.900000000000000577e-02,1.000000000000000021e-02,3.499999999999940381e-01,1.366269709676428334e+01
9.943209092781625458e+00,1.278532470182739411e-01,6.900000000000000577e-02,1.000000000000000021e-02,3.500000000000058620e-01,5.911937606128958578e-13
9.963209092781625031e+00,1.330000000000000071e-01,7.202481989352765845e-02,1.000000000000000021e-02,2.984903752350601125e-01,8.868504629805938677e+00
9.983209092781626381e+00,1.320000000000000062e-01,7.861060633115450613e-02,1.000000000000000021e-02,3.330637439065896044e-01,1.775933820320876677e+01
1.000320909278162596e+01,1.310000000000000053e-01,8.519639276878125667e-02,1.000000000000000021e-02,3.330637439065848304e-01,2.414735078559715475e-13
1.002320909278162553e+01,1.300000000000000044e-01,9.178217920640810434e-02,1.000000000000000021e-02,3.330637439065896044e-01,2.414735078559715475e-13
1.004320909278162688e+01,1.355395385192886826e-01,9.500000000000000111e-02,1.000000000000000021e-02,3.203156945357009122e-01,1.838966364303941958e+01
1.006320909278162645e+01,1.420886181268868897e-01,9.608861812688687665e-02,1.000000000000000021e-02,3.319470331726335210e-01,5.891029836162435807e+00
1.008320909278162603e+01,1.482968978321692333e-01,9.800000000000000377e-02,1.000000000000000021e-02,3.247926937443562090e-01,2.226382653996665795e+00
1.010320909278162560e+01,1.499999999999999944e-01,1.038826842697961050e-01,1.000000000000000021e-02,3.062128802490855506e-01,1.501413237791694577e+01
1.012320909278162517e+01,1.499999999999999944e-01,1.108826842697960974e-01,1.000000000000000021e-02,3.499999999999995892e-01,5.092243755845066389e+00
1.014320909278162652e+01,1.536400435826766608e-01,1.160000000000000059e-01,1.000000000000000021e-02,3.139937800593267658e-01,1.024524808860283009e+01
1.016320909278162610e+01,1.570000000000000007e-01,1.208116164579303708e-01,1.000000000000000021e-02,2.934321048579153213e-01,1.036523230758227498e+00
1.018320909278162567e+01,1.549999999999999989e-01,1.269831893331840877e-01,1.000000000000000021e-02,3.243775260193261234e-01,1.382448332050438644e+01
1.020320909278162702e+01,1.519999999999999962e-01,1.327405486460646600e-01,1.000000000000000021e-02,3.246043216656729347e-01,2.705980500731034688e+00
1.022320909278162659e+01,1.499999999999999944e-01,1.388550077914616487e-01,1.000000000000000021e-02,3.216621311280241646e-01,2.654618958512754645e+00
1.024320909278162617e+01,1.499999999999999944e-01,1.455361679504870442e-01,1.000000000000000021e-02,3.340580079512697753e-01,5.196844017554951733e+00
1.026320909278162574e+01,1.493372089375669398e-01,1.516627910624330500e-01,1.000000000000000021e-02,3.081184948533278734e-01,2.160444585358339165e+00
1.028320909278162532e+01,1.489999999999999936e-01,1.576442747061649052e-01,1.000000000000000021e-02,2.995490629588362652e-01,8.911691241909998062e-01
1.030320909278162667e+01,1.469999999999999918e-01,1.626570077404440873e-01,1.000000000000000021e-02,2.698494602225182670e-01,4.811023709034137674e+00
1.032320909278162624e+01,1.449999999999999900e-01,1.673897407747232113e-01,1.000000000000000021e-02,2.568986277394105233e-01,7.000000000001449507e-01
1.034320909278162581e+01,1.424042810566823192e-01,1.715957189433177099e-01,1.000000000000000021e-02,2.471234974025726949e-01,1.988013688254478550e+00
1.036320909278162539e+01,1.395750335756219818e-01,1.754249664243780205e-01,1.000000000000000021e-02,2.380534476766351937e-01,1.108099693366446648e+00
1.038320909278162674e+01,1.362366692121073919e-01,1.787633307878926103e-01,1.000000000000000021e-02,2.360580079512679119e-01,1.768060793445998424e+00
1.040320909278162631e+01,1.330962947473251223e-01,1.819037052526748799e-01,1.000000000000000021e-02,2.220580079512617655e-01,7.000000000003075984e-01
1.042320909278162588e+01,1.298034483033732034e-01,1.839999999999999969e-01,1.000000000000000021e-02,1.951748534718911743e-01,2.637885233521965578e+00
1.044320909278162546e+01,1.265308358575167047e-01,1.854691641424832949e-01,1.000000000000000021e-02,1.793630082983496410e-01,1.568642347318596197e+00
1.046320909278162503e+01,1.235637686724416762e-01,1.869999999999999996e-01,1.000000000000000021e-02,1.669352127578836997e-01,7.792677124277410661e-01
1.048320909278162638e+01,1.206568220757893162e-01,1.880000000000000004e-01,1.000000000000000021e-02,1.537070144445979725e-01,1.335573829805428048e+00
1.050320909278162596e+01,1.177282319350755196e-01,1.882717680649244885e-01,1.000000000000000021e-02,1.470586455584884655e-01,1.821383736104512652e+00
1.052320909278162553e+01,1.152687153201115283e-01,1.890000000000000013e-01,1.000000000000000021e-02,1.282531064979300639e-01,1.636286262609260023e+00
1.054320909278162688e+01,1.127875551610860866e-01,1.890000000000000013e-01,1.000000000000000021e-02,1.240580079512720868e-01,1.821383736104513762e+00
1.056320909278162645e+01,1.105863950020605918e-01,1.890000000000000013e-01,1.000000000000000021e-02,1.100580079512747389e-01,6.999999999998673950e-01
1.058320909278162603e+01,1.086652348430351550e-01,1.890000000000000013e-01,1.000000000000000021e-02,9.605800795127183989e-02,7.000000000001449507e-01
1.060320909278162560e+01,1.070240746840096652e-01,1.890000000000000013e-01,1.000000000000000021e-02,8.205800795127449199e-02,6.999999999998673950e-01
1.062320909278162517e+01,1.056629145249841223e-01,1.890000000000000013e-01,1.000000000000000021e-02,6.805800795127714409e-02,6.999999999998673950e-01
1.064320909278162652e+01,1.045817543659586374e-01,1.890000000000000013e-01,1.000000000000000021e-02,5.405800795127424507e-02,7.000000000001449507e-01
1.066320909278162610e+01,1.037805942069332243e-01,1.890000000000000013e-01,1.000000000000000021e-02,4.005800795127065217e-02,7.000000000001795897e-01
1.068320909278162567e+01,1.032594340479077444e-01,1.890000000000000013e-01,1.000000000000000021e-02,2.605800795127399816e-02,6.999999999998326450e-01
1.070320909278162702e+01,1.030182738888823224e-01,1.890000000000000013e-01,1.000000000000000021e-02,1.205800795127109915e-02,7.000000000001449507e-01
1.071043481842630385e+01,1.030000000000001192e-01,1.890000000000000013e-01,1.000000000000000021e-02,9.136944441101579883e-04,5.572156753580470578e-01
