x,y,z,type
0.04999999999999999,0.55,0.05,HOME
0.29874999999999996,0.16250000000000003,0.05,0
0.29874999999999996,0.16250000000000003,0.0,0
0.3,0.16375000000000006,0.0,1
0.30125,0.16375000000000006,0.0,1
0.3025,0.16375000000000006,0.0,1
0.30375,0.16375000000000006,0.0,1
0.305,0.16375000000000006,0.0,1
0.30624999999999997,0.16250000000000003,0.0,1
0.3075,0.16125000000000006,0.0,1
0.30874999999999997,0.16000000000000003,0.0,1
0.30874999999999997,0.15875000000000006,0.0,1
0.30874999999999997,0.15750000000000003,0.0,1
0.30874999999999997,0.15625000000000006,0.0,1
0.30874999999999997,0.15500000000000003,0.0,1
0.30874999999999997,0.15375000000000005,0.0,1
0.30874999999999997,0.15250000000000002,0.0,1
0.3075,0.15125000000000005,0.0,1
0.3075,0.15000000000000002,0.0,1
0.30624999999999997,0.14875000000000005,0.0,1
0.305,0.14750000000000002,0.0,1
0.30375,0.14875000000000005,0.0,1
0.3025,0.14750000000000002,0.0,1
0.30125,0.14750000000000002,0.0,1
0.3,0.14750000000000002,0.0,1
0.29874999999999996,0.14875000000000005,0.0,1
0.29874999999999996,0.15000000000000002,0.0,1
0.29874999999999996,0.15125000000000005,0.0,1
0.29874999999999996,0.15250000000000002,0.0,1
0.2975,0.15375000000000005,0.0,1
0.2975,0.15500000000000003,0.0,1
0.2975,0.15625000000000006,0.0,1
0.2975,0.15750000000000003,0.0,1
0.2975,0.15875000000000006,0.0,1
0.2975,0.16000000000000003,0.0,1
0.29874999999999996,0.16125000000000006,0.0,1
0.29874999999999996,0.16125000000000006,0.05,0
0.3,0.16375000000000006,0.05,0
0.3,0.16375000000000006,0.0,0
0.29874999999999996,0.16250000000000003,0.0,1
0.29874999999999996,0.16125000000000006,0.0,1
0.2975,0.16000000000000003,0.0,1
0.2975,0.15875000000000006,0.0,1
0.2975,0.15750000000000003,0.0,1
0.2975,0.15625000000000006,0.0,1
0.2975,0.15500000000000003,0.0,1
0.2975,0.15375000000000005,0.0,1
0.29874999999999996,0.15250000000000002,0.0,1
0.29874999999999996,0.15125000000000005,0.0,1
0.29874999999999996,0.15000000000000002,0.0,1
0.29874999999999996,0.14875000000000005,0.0,1
0.3,0.14750000000000002,0.0,1
0.30125,0.14750000000000002,0.0,1
0.3025,0.14750000000000002,0.0,1
0.30375,0.14875000000000005,0.0,1
0.305,0.14750000000000002,0.0,1
0.30624999999999997,0.14875000000000005,0.0,1
0.3075,0.15000000000000002,0.0,1
0.3075,0.15125000000000005,0.0,1
0.30874999999999997,0.15250000000000002,0.0,1
0.30874999999999997,0.15375000000000005,0.0,1
0.30874999999999997,0.15500000000000003,0.0,1
0.30874999999999997,0.15625000000000006,0.0,1
0.30874999999999997,0.15750000000000003,0.0,1
0.30874999999999997,0.15875000000000006,0.0,1
0.30874999999999997,0.16000000000000003,0.0,1
0.3075,0.16125000000000006,0.0,1
0.30624999999999997,0.16250000000000003,0.0,1
0.305,0.16375000000000006,0.0,1
0.30375,0.16375000000000006,0.0,1
0.3025,0.16375000000000006,0.0,1
0.30125,0.16375000000000006,0.0,1
0.30125,0.16375000000000006,0.05,0
0.22874999999999998,0.17750000000000005,0.05,0
0.22874999999999998,0.17750000000000005,0.0,0
0.22749999999999998,0.17625000000000002,0.0,1
0.22749999999999998,0.17500000000000004,0.0,1
0.22624999999999998,0.17375000000000002,0.0,1
0.225,0.17250000000000004,0.0,1
0.22375,0.17250000000000004,0.0,1
0.2225,0.17125,0.0,1
0.22125,0.17000000000000004,0.0,1
0.2225,0.17125,0.0,1
0.22375,0.17250000000000004,0.0,1
0.225,0.17250000000000004,0.0,1
0.22624999999999998,0.17375000000000002,0.0,1
0.22749999999999998,0.17500000000000004,0.0,1
0.22749999999999998,0.17625000000000002,0.0,1
0.22874999999999998,0.17750000000000005,0.0,1
0.22999999999999998,0.17625000000000002,0.0,1
0.22999999999999998,0.17500000000000004,0.0,1
0.22999999999999998,0.17375000000000002,0.0,1
0.22999999999999998,0.17250000000000004,0.0,1
0.22999999999999998,0.17125,0.0,1
0.22999999999999998,0.17000000000000004,0.0,1
0.22999999999999998,0.16875,0.0,1
0.22999999999999998,0.16750000000000004,0.0,1
0.22999999999999998,0.16625,0.0,1
0.22999999999999998,0.16500000000000004,0.0,1
0.22999999999999998,0.16375000000000006,0.0,1
0.22999999999999998,0.16250000000000003,0.0,1
0.22999999999999998,0.16125000000000006,0.0,1
0.22999999999999998,0.16000000000000003,0.0,1
0.22999999999999998,0.15875000000000006,0.0,1
0.22999999999999998,0.15750000000000003,0.0,1
0.22874999999999998,0.15625000000000006,0.0,1
0.22749999999999998,0.15750000000000003,0.0,1
0.22624999999999998,0.15875000000000006,0.0,1
0.22624999999999998,0.16000000000000003,0.0,1
0.225,0.16125000000000006,0.0,1
0.22375,0.16250000000000003,0.0,1
0.2225,0.16250000000000003,0.0,1
0.22125,0.16375000000000006,0.0,1
0.2225,0.16250000000000003,0.0,1
0.22375,0.16250000000000003,0.0,1
0.225,0.16125000000000006,0.0,1
0.22624999999999998,0.16000000000000003,0.0,1
0.22624999999999998,0.15875000000000006,0.0,1
0.22749999999999998,0.15750000000000003,0.0,1
0.22874999999999998,0.15625000000000006,0.0,1
0.22999999999999998,0.15750000000000003,0.0,1
0.22999999999999998,0.15875000000000006,0.0,1
0.22999999999999998,0.16000000000000003,0.0,1
0.22999999999999998,0.16125000000000006,0.0,1
0.22999999999999998,0.16250000000000003,0.0,1
0.22999999999999998,0.16375000000000006,0.0,1
0.22999999999999998,0.16500000000000004,0.0,1
0.22999999999999998,0.16625,0.0,1
0.22999999999999998,0.16750000000000004,0.0,1
0.22999999999999998,0.16875,0.0,1
0.22999999999999998,0.17000000000000004,0.0,1
0.22999999999999998,0.17125,0.0,1
0.22999999999999998,0.17250000000000004,0.0,1
0.22999999999999998,0.17375000000000002,0.0,1
0.22999999999999998,0.17500000000000004,0.0,1
0.22999999999999998,0.17625000000000002,0.0,1
0.22999999999999998,0.17625000000000002,0.05,0
0.355,0.18625000000000003,0.05,0
0.355,0.18625000000000003,0.0,0
0.35625,0.18750000000000006,0.0,1
0.3575,0.18750000000000006,0.0,1
0.35875,0.18750000000000006,0.0,1
0.36,0.18750000000000006,0.0,1
0.36125,0.18625000000000003,0.0,1
0.3625,0.18500000000000005,0.0,1
0.36375,0.18375000000000002,0.0,1
0.365,0.18250000000000005,0.0,1
0.36625,0.18125000000000002,0.0,1
0.36625,0.18000000000000005,0.0,1
0.3675,0.17875000000000002,0.0,1
0.3675,0.17750000000000005,0.0,1
0.3675,0.17625000000000002,0.0,1
0.36875,0.17500000000000004,0.0,1
0.36875,0.17375000000000002,0.0,1
0.36875,0.17250000000000004,0.0,1
0.36875,0.17125,0.0,1
0.36875,0.17000000000000004,0.0,1
0.36875,0.16875,0.0,1
0.36875,0.16750000000000004,0.0,1
0.36875,0.16625,0.0,1
0.36875,0.16500000000000004,0.0,1
0.36875,0.16375000000000006,0.0,1
0.36875,0.16250000000000003,0.0,1
0.36875,0.16125000000000006,0.0,1
0.36875,0.16000000000000003,0.0,1
0.36875,0.15875000000000006,0.0,1
0.3675,0.15750000000000003,0.0,1
0.3675,0.15625000000000006,0.0,1
0.3675,0.15500000000000003,0.0,1
0.3675,0.15375000000000005,0.0,1
0.36625,0.15250000000000002,0.0,1
0.36625,0.15125000000000005,0.0,1
0.365,0.15000000000000002,0.0,1
0.36375,0.14875000000000005,0.0,1
0.3625,0.14750000000000002,0.0,1
0.36125,0.14750000000000002,0.0,1
0.36,0.14750000000000002,0.0,1
0.35875,0.14625000000000005,0.0,1
0.3575,0.14625000000000005,0.0,1
0.35625,0.14625000000000005,0.0,1
0.355,0.14750000000000002,0.0,1
0.35375,0.14750000000000002,0.0,1
0.3525,0.14750000000000002,0.0,1
0.35125,0.14875000000000005,0.0,1
0.35125,0.15000000000000002,0.0,1
0.35,0.15125000000000005,0.0,1
0.34875,0.15250000000000002,0.0,1
0.34875,0.15375000000000005,0.0,1
0.34875,0.15500000000000003,0.0,1
0.3475,0.15625000000000006,0.0,1
0.3475,0.15750000000000003,0.0,1
0.3475,0.15875000000000006,0.0,1
0.3475,0.16000000000000003,0.0,1
0.34625,0.16125000000000006,0.0,1
0.34625,0.16250000000000003,0.0,1
0.34625,0.16375000000000006,0.0,1
0.34625,0.16500000000000004,0.0,1
0.34625,0.16625,0.0,1
0.34625,0.16750000000000004,0.0,1
0.34625,0.16875,0.0,1
0.34625,0.17000000000000004,0.0,1
0.34625,0.17125,0.0,1
0.3475,0.17250000000000004,0.0,1
0.3475,0.17375000000000002,0.0,1
0.3475,0.17500000000000004,0.0,1
0.3475,0.17625000000000002,0.0,1
0.3475,0.17750000000000005,0.0,1
0.34875,0.17875000000000002,0.0,1
0.34875,0.18000000000000005,0.0,1
0.35,0.18125000000000002,0.0,1
0.35125,0.18250000000000005,0.0,1
0.35125,0.18375000000000002,0.0,1
0.3525,0.18500000000000005,0.0,1
0.35375,0.18625000000000003,0.0,1
0.35375,0.18625000000000003,0.05,0
0.30125,0.18625000000000003,0.05,0
0.30125,0.18625000000000003,0.0,0
0.3,0.18500000000000005,0.0,1
0.29874999999999996,0.18375000000000002,0.0,1
0.2975,0.18250000000000005,0.0,1
0.2975,0.18125000000000002,0.0,1
0.2975,0.18000000000000005,0.0,1
0.2975,0.17875000000000002,0.0,1
0.2975,0.17750000000000005,0.0,1
0.2975,0.17625000000000002,0.0,1
0.2975,0.17500000000000004,0.0,1
0.29874999999999996,0.17375000000000002,0.0,1
0.29874999999999996,0.17250000000000004,0.0,1
0.29874999999999996,0.17125,0.0,1
0.29874999999999996,0.17250000000000004,0.0,1
0.29874999999999996,0.17375000000000002,0.0,1
0.2975,0.17500000000000004,0.0,1
0.2975,0.17625000000000002,0.0,1
0.2975,0.17750000000000005,0.0,1
0.2975,0.17875000000000002,0.0,1
0.2975,0.18000000000000005,0.0,1
0.2975,0.18125000000000002,0.0,1
0.2975,0.18250000000000005,0.0,1
0.29874999999999996,0.18375000000000002,0.0,1
0.3,0.18500000000000005,0.0,1
0.30125,0.18625000000000003,0.0,1
0.3025,0.18500000000000005,0.0,1
0.30375,0.18500000000000005,0.0,1
0.305,0.18375000000000002,0.0,1
0.30624999999999997,0.18250000000000005,0.0,1
0.30624999999999997,0.18125000000000002,0.0,1
0.3075,0.18000000000000005,0.0,1
0.3075,0.17875000000000002,0.0,1
0.3075,0.17750000000000005,0.0,1
0.3075,0.17625000000000002,0.0,1
0.3075,0.17500000000000004,0.0,1
0.30624999999999997,0.17375000000000002,0.0,1
0.305,0.17250000000000004,0.0,1
0.30375,0.17125,0.0,1
0.3025,0.17125,0.0,1
0.30125,0.17125,0.0,1
0.3025,0.17125,0.0,1
0.30375,0.17125,0.0,1
0.305,0.17250000000000004,0.0,1
0.30624999999999997,0.17375000000000002,0.0,1
0.3075,0.17500000000000004,0.0,1
0.3075,0.17625000000000002,0.0,1
0.3075,0.17750000000000005,0.0,1
0.3075,0.17875000000000002,0.0,1
0.3075,0.18000000000000005,0.0,1
0.30624999999999997,0.18125000000000002,0.0,1
0.30624999999999997,0.18250000000000005,0.0,1
0.305,0.18375000000000002,0.0,1
0.30375,0.18500000000000005,0.0,1
0.3025,0.18500000000000005,0.0,1
0.3025,0.18500000000000005,0.05,0
0.22125,0.18625000000000003,0.05,0
0.22125,0.18625000000000003,0.0,0
0.22,0.18500000000000005,0.0,1
0.21875,0.18375000000000002,0.0,1
0.21875,0.18250000000000005,0.0,1
0.2175,0.18125000000000002,0.0,1
0.2175,0.18000000000000005,0.0,1
0.2175,0.17875000000000002,0.0,1
0.2175,0.17750000000000005,0.0,1
0.2175,0.17625000000000002,0.0,1
0.2175,0.17500000000000004,0.0,1
0.2175,0.17375000000000002,0.0,1
0.21875,0.17250000000000004,0.0,1
0.21875,0.17125,0.0,1
0.21875,0.17000000000000004,0.0,1
0.21875,0.17125,0.0,1
0.21875,0.17250000000000004,0.0,1
0.2175,0.17375000000000002,0.0,1
0.2175,0.17500000000000004,0.0,1
0.2175,0.17625000000000002,0.0,1
0.2175,0.17750000000000005,0.0,1
0.2175,0.17875000000000002,0.0,1
0.2175,0.18000000000000005,0.0,1
0.2175,0.18125000000000002,0.0,1
0.21875,0.18250000000000005,0.0,1
0.21875,0.18375000000000002,0.0,1
0.22,0.18500000000000005,0.0,1
0.22125,0.18625000000000003,0.0,1
0.2225,0.18625000000000003,0.0,1
0.22375,0.18625000000000003,0.0,1
0.225,0.18625000000000003,0.0,1
0.22624999999999998,0.18625000000000003,0.0,1
0.22749999999999998,0.18625000000000003,0.0,1
0.22874999999999998,0.18500000000000005,0.0,1
0.22999999999999998,0.18375000000000002,0.0,1
0.23124999999999998,0.18375000000000002,0.0,1
0.23249999999999998,0.18250000000000005,0.0,1
0.23374999999999999,0.18125000000000002,0.0,1
0.235,0.18000000000000005,0.0,1
0.235,0.17875000000000002,0.0,1
0.235,0.18000000000000005,0.0,1
0.23374999999999999,0.18125000000000002,0.0,1
0.23249999999999998,0.18250000000000005,0.0,1
0.23124999999999998,0.18375000000000002,0.0,1
0.22999999999999998,0.18375000000000002,0.0,1
0.22874999999999998,0.18500000000000005,0.0,1
0.22749999999999998,0.18625000000000003,0.0,1
0.22624999999999998,0.18625000000000003,0.0,1
0.225,0.18625000000000003,0.0,1
0.22375,0.18625000000000003,0.0,1
0.2225,0.18625000000000003,0.0,1
0.2225,0.18625000000000003,0.05,0
0.35625,0.18750000000000006,0.05,0
0.35625,0.18750000000000006,0.0,0
0.355,0.18625000000000003,0.0,1
0.35375,0.18625000000000003,0.0,1
0.3525,0.18500000000000005,0.0,1
0.35125,0.18375000000000002,0.0,1
0.35125,0.18250000000000005,0.0,1
0.35,0.18125000000000002,0.0,1
0.34875,0.18000000000000005,0.0,1
0.34875,0.17875000000000002,0.0,1
0.3475,0.17750000000000005,0.0,1
0.3475,0.17625000000000002,0.0,1
0.3475,0.17500000000000004,0.0,1
0.3475,0.17375000000000002,0.0,1
0.3475,0.17250000000000004,0.0,1
0.34625,0.17125,0.0,1
0.34625,0.17000000000000004,0.0,1
0.34625,0.16875,0.0,1
0.34625,0.16750000000000004,0.0,1
0.34625,0.16625,0.0,1
0.34625,0.16500000000000004,0.0,1
0.34625,0.16375000000000006,0.0,1
0.34625,0.16250000000000003,0.0,1
0.34625,0.16125000000000006,0.0,1
0.3475,0.16000000000000003,0.0,1
0.3475,0.15875000000000006,0.0,1
0.3475,0.15750000000000003,0.0,1
0.3475,0.15625000000000006,0.0,1
0.34875,0.15500000000000003,0.0,1
0.34875,0.15375000000000005,0.0,1
0.34875,0.15250000000000002,0.0,1
0.35,0.15125000000000005,0.0,1
0.35125,0.15000000000000002,0.0,1
0.35125,0.14875000000000005,0.0,1
0.3525,0.14750000000000002,0.0,1
0.35375,0.14750000000000002,0.0,1
0.355,0.14750000000000002,0.0,1
0.35625,0.14625000000000005,0.0,1
0.3575,0.14625000000000005,0.0,1
0.35875,0.14625000000000005,0.0,1
0.36,0.14750000000000002,0.0,1
0.36125,0.14750000000000002,0.0,1
0.3625,0.14750000000000002,0.0,1
0.36375,0.14875000000000005,0.0,1
0.365,0.15000000000000002,0.0,1
0.36625,0.15125000000000005,0.0,1
0.36625,0.15250000000000002,0.0,1
0.3675,0.15375000000000005,0.0,1
0.3675,0.15500000000000003,0.0,1
0.3675,0.15625000000000006,0.0,1
0.3675,0.15750000000000003,0.0,1
0.36875,0.15875000000000006,0.0,1
0.36875,0.16000000000000003,0.0,1
0.36875,0.16125000000000006,0.0,1
0.36875,0.16250000000000003,0.0,1
0.36875,0.16375000000000006,0.0,1
0.36875,0.16500000000000004,0.0,1
0.36875,0.16625,0.0,1
0.36875,0.16750000000000004,0.0,1
0.36875,0.16875,0.0,1
0.36875,0.17000000000000004,0.0,1
0.36875,0.17125,0.0,1
0.36875,0.17250000000000004,0.0,1
0.36875,0.17375000000000002,0.0,1
0.36875,0.17500000000000004,0.0,1
0.3675,0.17625000000000002,0.0,1
0.3675,0.17750000000000005,0.0,1
0.3675,0.17875000000000002,0.0,1
0.36625,0.18000000000000005,0.0,1
0.36625,0.18125000000000002,0.0,1
0.365,0.18250000000000005,0.0,1
0.36375,0.18375000000000002,0.0,1
0.3625,0.18500000000000005,0.0,1
0.36125,0.18625000000000003,0.0,1
0.36,0.18750000000000006,0.0,1
0.35875,0.18750000000000006,0.0,1
0.3575,0.18750000000000006,0.0,1
0.3575,0.18750000000000006,0.05,0
0.3475,0.19000000000000006,0.05,0
0.3475,0.19000000000000006,0.0,0
0.34875,0.19125000000000003,0.0,1
0.35,0.19125000000000003,0.0,1
0.35125,0.19125000000000003,0.0,1
0.3525,0.19125000000000003,0.0,1
0.35375,0.19125000000000003,0.0,1
0.355,0.19125000000000003,0.0,1
0.35625,0.19125000000000003,0.0,1
0.3575,0.19125000000000003,0.0,1
0.35875,0.19125000000000003,0.0,1
0.36,0.19125000000000003,0.0,1
0.36125,0.19125000000000003,0.0,1
0.3625,0.19125000000000003,0.0,1
0.36375,0.19125000000000003,0.0,1
0.365,0.19125000000000003,0.0,1
0.36625,0.19125000000000003,0.0,1
0.3675,0.19000000000000006,0.0,1
0.36875,0.19000000000000006,0.0,1
0.37,0.19000000000000006,0.0,1
0.37124999999999997,0.18875000000000003,0.0,1
0.3725,0.18750000000000006,0.0,1
0.37374999999999997,0.18625000000000003,0.0,1
0.375,0.18625000000000003,0.0,1
0.37625,0.18500000000000005,0.0,1
0.3775,0.18375000000000002,0.0,1
0.3775,0.18250000000000005,0.0,1
0.37875,0.18125000000000002,0.0,1
0.38,0.18000000000000005,0.0,1
0.38,0.17875000000000002,0.0,1
0.38125,0.17750000000000005,0.0,1
0.38125,0.17625000000000002,0.0,1
0.3825,0.17500000000000004,0.0,1
0.3825,0.17375000000000002,0.0,1
0.3825,0.17250000000000004,0.0,1
0.3825,0.17125,0.0,1
0.38375,0.17000000000000004,0.0,1
0.38375,0.16875,0.0,1
0.38375,0.16750000000000004,0.0,1
0.38375,0.16625,0.0,1
0.38375,0.16500000000000004,0.0,1
0.38375,0.16375000000000006,0.0,1
0.3825,0.16250000000000003,0.0,1
0.3825,0.16125000000000006,0.0,1
0.3825,0.16000000000000003,0.0,1
0.3825,0.15875000000000006,0.0,1
0.38125,0.15750000000000003,0.0,1
0.38125,0.15625000000000006,0.0,1
0.38125,0.15500000000000003,0.0,1
0.38,0.15375000000000005,0.0,1
0.38,0.15250000000000002,0.0,1
0.37875,0.15125000000000005,0.0,1
0.3775,0.15000000000000002,0.0,1
0.3775,0.14875000000000005,0.0,1
0.37625,0.14750000000000002,0.0,1
0.375,0.14625000000000005,0.0,1
0.37374999999999997,0.14625000000000005,0.0,1
0.3725,0.14500000000000002,0.0,1
0.37124999999999997,0.14375000000000004,0.0,1
0.37,0.14375000000000004,0.0,1
0.36875,0.14375000000000004,0.0,1
0.3675,0.14250000000000002,0.0,1
0.36625,0.14250000000000002,0.0,1
0.365,0.14250000000000002,0.0,1
0.36375,0.14250000000000002,0.0,1
0.3625,0.14250000000000002,0.0,1
0.36125,0.14125000000000004,0.0,1
0.36,0.14125000000000004,0.0,1
0.35875,0.14125000000000004,0.0,1
0.3575,0.14125000000000004,0.0,1
0.35625,0.14125000000000004,0.0,1
0.355,0.14125000000000004,0.0,1
0.35375,0.14125000000000004,0.0,1
0.3525,0.14250000000000002,0.0,1
0.35125,0.14250000000000002,0.0,1
0.35,0.14250000000000002,0.0,1
0.34875,0.14250000000000002,0.0,1
0.3475,0.14250000000000002,0.0,1
0.34625,0.14375000000000004,0.0,1
0.345,0.14375000000000004,0.0,1
0.34375,0.14375000000000004,0.0,1
0.34249999999999997,0.14500000000000002,0.0,1
0.34125,0.14625000000000005,0.0,1
0.33999999999999997,0.14750000000000002,0.0,1
0.33875,0.14875000000000005,0.0,1
0.3375,0.15000000000000002,0.0,1
0.33625,0.15125000000000005,0.0,1
0.33625,0.15250000000000002,0.0,1
0.335,0.15375000000000005,0.0,1
0.335,0.15500000000000003,0.0,1
0.33375,0.15625000000000006,0.0,1
0.33375,0.15750000000000003,0.0,1
0.33375,0.15875000000000006,0.0,1
0.3325,0.16000000000000003,0.0,1
0.3325,0.16125000000000006,0.0,1
0.3325,0.16250000000000003,0.0,1
0.3325,0.16375000000000006,0.0,1
0.3325,0.16500000000000004,0.0,1
0.3325,0.16625,0.0,1
0.3325,0.16750000000000004,0.0,1
0.3325,0.16875,0.0,1
0.3325,0.17000000000000004,0.0,1
0.3325,0.17125,0.0,1
0.3325,0.17250000000000004,0.0,1
0.3325,0.17375000000000002,0.0,1
0.33375,0.17500000000000004,0.0,1
0.33375,0.17625000000000002,0.0,1
0.33375,0.17750000000000005,0.0,1
0.335,0.17875000000000002,0.0,1
0.33625,0.18000000000000005,0.0,1
0.33625,0.18125000000000002,0.0,1
0.3375,0.18250000000000005,0.0,1
0.33875,0.18375000000000002,0.0,1
0.33999999999999997,0.18500000000000005,0.0,1
0.34125,0.18625000000000003,0.0,1
0.34249999999999997,0.18750000000000006,0.0,1
0.34375,0.18875000000000003,0.0,1
0.345,0.18875000000000003,0.0,1
0.34625,0.19000000000000006,0.0,1
0.34625,0.19000000000000006,0.05,0
0.28125,0.19000000000000006,0.05,0
0.28125,0.19000000000000006,0.0,0
0.2825,0.19125000000000003,0.0,1
0.28375,0.19125000000000003,0.0,1
0.28500000000000003,0.19125000000000003,0.0,1
0.28625,0.19125000000000003,0.0,1
0.2875,0.19125000000000003,0.0,1
0.28875,0.19125000000000003,0.0,1
0.29,0.19125000000000003,0.0,1
0.29125,0.19125000000000003,0.0,1
0.2925,0.19125000000000003,0.0,1
0.29374999999999996,0.19125000000000003,0.0,1
0.295,0.19125000000000003,0.0,1
0.29625,0.19125000000000003,0.0,1
0.2975,0.19125000000000003,0.0,1
0.29874999999999996,0.19125000000000003,0.0,1
0.3,0.19125000000000003,0.0,1
0.30125,0.19125000000000003,0.0,1
0.3025,0.19125000000000003,0.0,1
0.30375,0.19125000000000003,0.0,1
0.305,0.19125000000000003,0.0,1
0.30624999999999997,0.19125000000000003,0.0,1
0.3075,0.19125000000000003,0.0,1
0.30874999999999997,0.19125000000000003,0.0,1
0.31,0.19125000000000003,0.0,1
0.31124999999999997,0.19125000000000003,0.0,1
0.3125,0.19000000000000006,0.0,1
0.31375,0.18875000000000003,0.0,1
0.315,0.18875000000000003,0.0,1
0.31625,0.18750000000000006,0.0,1
0.3175,0.18625000000000003,0.0,1
0.31875,0.18500000000000005,0.0,1
0.32,0.18375000000000002,0.0,1
0.32,0.18250000000000005,0.0,1
0.32125,0.18125000000000002,0.0,1
0.32125,0.18000000000000005,0.0,1
0.32125,0.17875000000000002,0.0,1
0.32125,0.17750000000000005,0.0,1
0.32125,0.17625000000000002,0.0,1
0.32,0.17500000000000004,0.0,1
0.32,0.17375000000000002,0.0,1
0.31875,0.17250000000000004,0.0,1
0.31875,0.17125,0.0,1
0.3175,0.17000000000000004,0.0,1
0.3175,0.16875,0.0,1
0.3175,0.16750000000000004,0.0,1
0.3175,0.16625,0.0,1
0.31875,0.16500000000000004,0.0,1
0.32,0.16375000000000006,0.0,1
0.32125,0.16250000000000003,0.0,1
0.32125,0.16125000000000006,0.0,1
0.3225,0.16000000000000003,0.0,1
0.3225,0.15875000000000006,0.0,1
0.32375,0.15750000000000003,0.0,1
0.32375,0.15625000000000006,0.0,1
0.32375,0.15500000000000003,0.0,1
0.3225,0.15375000000000005,0.0,1
0.3225,0.15250000000000002,0.0,1
0.3225,0.15125000000000005,0.0,1
0.32125,0.15000000000000002,0.0,1
0.32125,0.14875000000000005,0.0,1
0.32,0.14750000000000002,0.0,1
0.31875,0.14625000000000005,0.0,1
0.3175,0.14500000000000002,0.0,1
0.31625,0.14500000000000002,0.0,1
0.315,0.14500000000000002,0.0,1
0.31375,0.14375000000000004,0.0,1
0.3125,0.14375000000000004,0.0,1
0.31124999999999997,0.14375000000000004,0.0,1
0.31,0.14250000000000002,0.0,1
0.30874999999999997,0.14250000000000002,0.0,1
0.3075,0.14250000000000002,0.0,1
0.30624999999999997,0.14250000000000002,0.0,1
0.305,0.14250000000000002,0.0,1
0.30375,0.14250000000000002,0.0,1
0.3025,0.14250000000000002,0.0,1
0.30125,0.14250000000000002,0.0,1
0.3,0.14250000000000002,0.0,1
0.29874999999999996,0.14250000000000002,0.0,1
0.2975,0.14250000000000002,0.0,1
0.29625,0.14250000000000002,0.0,1
0.295,0.14250000000000002,0.0,1
0.29374999999999996,0.14250000000000002,0.0,1
0.2925,0.14250000000000002,0.0,1
0.29125,0.14250000000000002,0.0,1
0.29,0.14250000000000002,0.0,1
0.28875,0.14250000000000002,0.0,1
0.2875,0.14250000000000002,0.0,1
0.28625,0.14250000000000002,0.0,1
0.28500000000000003,0.14250000000000002,0.0,1
0.28375,0.14250000000000002,0.0,1
0.2825,0.14375000000000004,0.0,1
0.28125,0.14500000000000002,0.0,1
0.2825,0.14625000000000005,0.0,1
0.28375,0.14750000000000002,0.0,1
0.28500000000000003,0.14875000000000005,0.0,1
0.28500000000000003,0.15000000000000002,0.0,1
0.28500000000000003,0.15125000000000005,0.0,1
0.28500000000000003,0.15250000000000002,0.0,1
0.28500000000000003,0.15375000000000005,0.0,1
0.28500000000000003,0.15500000000000003,0.0,1
0.28500000000000003,0.15625000000000006,0.0,1
0.28500000000000003,0.15750000000000003,0.0,1
0.28500000000000003,0.15875000000000006,0.0,1
0.28500000000000003,0.16000000000000003,0.0,1
0.28500000000000003,0.16125000000000006,0.0,1
0.28500000000000003,0.16250000000000003,0.0,1
0.28500000000000003,0.16375000000000006,0.0,1
0.28500000000000003,0.16500000000000004,0.0,1
0.28500000000000003,0.16625,0.0,1
0.28500000000000003,0.16750000000000004,0.0,1
0.28500000000000003,0.16875,0.0,1
0.28500000000000003,0.17000000000000004,0.0,1
0.28500000000000003,0.17125,0.0,1
0.28500000000000003,0.17250000000000004,0.0,1
0.28500000000000003,0.17375000000000002,0.0,1
0.28500000000000003,0.17500000000000004,0.0,1
0.28500000000000003,0.17625000000000002,0.0,1
0.28500000000000003,0.17750000000000005,0.0,1
0.28500000000000003,0.17875000000000002,0.0,1
0.28500000000000003,0.18000000000000005,0.0,1
0.28500000000000003,0.18125000000000002,0.0,1
0.28500000000000003,0.18250000000000005,0.0,1
0.28500000000000003,0.18375000000000002,0.0,1
0.28375,0.18500000000000005,0.0,1
0.2825,0.18625000000000003,0.0,1
0.28125,0.18750000000000006,0.0,1
0.28125,0.18875000000000003,0.0,1
0.28125,0.18875000000000003,0.05,0
0.24875,0.19000000000000006,0.05,0
0.24875,0.19000000000000006,0.0,0
0.25,0.19125000000000003,0.0,1
0.25125,0.19125000000000003,0.0,1
0.2525,0.19125000000000003,0.0,1
0.25375000000000003,0.19125000000000003,0.0,1
0.255,0.19125000000000003,0.0,1
0.25625,0.19125000000000003,0.0,1
0.2575,0.19125000000000003,0.0,1
0.25875,0.19125000000000003,0.0,1
0.26,0.19125000000000003,0.0,1
0.26125,0.19125000000000003,0.0,1
0.26249999999999996,0.19125000000000003,0.0,1
0.26375,0.19125000000000003,0.0,1
0.265,0.19125000000000003,0.0,1
0.26625,0.19125000000000003,0.0,1
0.26749999999999996,0.19125000000000003,0.0,1
0.26875,0.19125000000000003,0.0,1
0.27,0.19000000000000006,0.0,1
0.27,0.18875000000000003,0.0,1
0.26875,0.18750000000000006,0.0,1
0.26749999999999996,0.18625000000000003,0.0,1
0.26625,0.18500000000000005,0.0,1
0.26625,0.18375000000000002,0.0,1
0.26625,0.18250000000000005,0.0,1
0.26625,0.18125000000000002,0.0,1
0.26625,0.18000000000000005,0.0,1
0.26625,0.17875000000000002,0.0,1
0.26625,0.17750000000000005,0.0,1
0.26625,0.17625000000000002,0.0,1
0.26625,0.17500000000000004,0.0,1
0.26625,0.17375000000000002,0.0,1
0.26625,0.17250000000000004,0.0,1
0.26625,0.17125,0.0,1
0.26625,0.17000000000000004,0.0,1
0.26625,0.16875,0.0,1
0.26625,0.16750000000000004,0.0,1
0.26625,0.16625,0.0,1
0.26625,0.16500000000000004,0.0,1
0.26625,0.16375000000000006,0.0,1
0.26625,0.16250000000000003,0.0,1
0.26625,0.16125000000000006,0.0,1
0.26625,0.16000000000000003,0.0,1
0.26625,0.15875000000000006,0.0,1
0.26625,0.15750000000000003,0.0,1
0.26625,0.15625000000000006,0.0,1
0.26625,0.15500000000000003,0.0,1
0.26625,0.15375000000000005,0.0,1
0.26625,0.15250000000000002,0.0,1
0.26625,0.15125000000000005,0.0,1
0.26625,0.15000000000000002,0.0,1
0.26625,0.14875000000000005,0.0,1
0.26749999999999996,0.14750000000000002,0.0,1
0.26875,0.14625000000000005,0.0,1
0.27,0.14500000000000002,0.0,1
0.26875,0.14375000000000004,0.0,1
0.26749999999999996,0.14250000000000002,0.0,1
0.26625,0.14250000000000002,0.0,1
0.265,0.14250000000000002,0.0,1
0.26375,0.14250000000000002,0.0,1
0.26249999999999996,0.14250000000000002,0.0,1
0.26125,0.14250000000000002,0.0,1
0.26,0.14250000000000002,0.0,1
0.25875,0.14250000000000002,0.0,1
0.2575,0.14250000000000002,0.0,1
0.25625,0.14250000000000002,0.0,1
0.255,0.14250000000000002,0.0,1
0.25375000000000003,0.14250000000000002,0.0,1
0.2525,0.14250000000000002,0.0,1
0.25125,0.14250000000000002,0.0,1
0.25,0.14250000000000002,0.0,1
0.24875,0.14375000000000004,0.0,1
0.24875,0.14500000000000002,0.0,1
0.25,0.14625000000000005,0.0,1
0.25125,0.14750000000000002,0.0,1
0.25125,0.14875000000000005,0.0,1
0.25125,0.15000000000000002,0.0,1
0.2525,0.15125000000000005,0.0,1
0.2525,0.15250000000000002,0.0,1
0.2525,0.15375000000000005,0.0,1
0.2525,0.15500000000000003,0.0,1
0.2525,0.15625000000000006,0.0,1
0.2525,0.15750000000000003,0.0,1
0.2525,0.15875000000000006,0.0,1
0.2525,0.16000000000000003,0.0,1
0.2525,0.16125000000000006,0.0,1
0.2525,0.16250000000000003,0.0,1
0.2525,0.16375000000000006,0.0,1
0.2525,0.16500000000000004,0.0,1
0.2525,0.16625,0.0,1
0.2525,0.16750000000000004,0.0,1
0.2525,0.16875,0.0,1
0.2525,0.17000000000000004,0.0,1
0.2525,0.17125,0.0,1
0.2525,0.17250000000000004,0.0,1
0.2525,0.17375000000000002,0.0,1
0.2525,0.17500000000000004,0.0,1
0.2525,0.17625000000000002,0.0,1
0.2525,0.17750000000000005,0.0,1
0.2525,0.17875000000000002,0.0,1
0.2525,0.18000000000000005,0.0,1
0.2525,0.18125000000000002,0.0,1
0.2525,0.18250000000000005,0.0,1
0.25125,0.18375000000000002,0.0,1
0.25125,0.18500000000000005,0.0,1
0.25125,0.18625000000000003,0.0,1
0.25,0.18750000000000006,0.0,1
0.24875,0.18875000000000003,0.0,1
0.24875,0.18875000000000003,0.05,0
0.34875,0.19125000000000003,0.05,0
0.34875,0.19125000000000003,0.0,0
0.3475,0.19000000000000006,0.0,1
0.34625,0.19000000000000006,0.0,1
0.345,0.18875000000000003,0.0,1
0.34375,0.18875000000000003,0.0,1
0.34249999999999997,0.18750000000000006,0.0,1
0.34125,0.18625000000000003,0.0,1
0.33999999999999997,0.18500000000000005,0.0,1
0.33875,0.18375000000000002,0.0,1
0.3375,0.18250000000000005,0.0,1
0.33625,0.18125000000000002,0.0,1
0.33625,0.18000000000000005,0.0,1
0.335,0.17875000000000002,0.0,1
0.33375,0.17750000000000005,0.0,1
0.33375,0.17625000000000002,0.0,1
0.33375,0.17500000000000004,0.0,1
0.3325,0.17375000000000002,0.0,1
0.3325,0.17250000000000004,0.0,1
0.3325,0.17125,0.0,1
0.3325,0.17000000000000004,0.0,1
0.3325,0.16875,0.0,1
0.3325,0.16750000000000004,0.0,1
0.3325,0.16625,0.0,1
0.3325,0.16500000000000004,0.0,1
0.3325,0.16375000000000006,0.0,1
0.3325,0.16250000000000003,0.0,1
0.3325,0.16125000000000006,0.0,1
0.3325,0.16000000000000003,0.0,1
0.33375,0.15875000000000006,0.0,1
0.33375,0.15750000000000003,0.0,1
0.33375,0.15625000000000006,0.0,1
0.335,0.15500000000000003,0.0,1
0.335,0.15375000000000005,0.0,1
0.33625,0.15250000000000002,0.0,1
0.33625,0.15125000000000005,0.0,1
0.3375,0.15000000000000002,0.0,1
0.33875,0.14875000000000005,0.0,1
0.33999999999999997,0.14750000000000002,0.0,1
0.34125,0.14625000000000005,0.0,1
0.34249999999999997,0.14500000000000002,0.0,1
0.34375,0.14375000000000004,0.0,1
0.345,0.14375000000000004,0.0,1
0.34625,0.14375000000000004,0.0,1
0.3475,0.14250000000000002,0.0,1
0.34875,0.14250000000000002,0.0,1
0.35,0.14250000000000002,0.0,1
0.35125,0.14250000000000002,0.0,1
0.3525,0.14250000000000002,0.0,1
0.35375,0.14125000000000004,0.0,1
0.355,0.14125000000000004,0.0,1
0.35625,0.14125000000000004,0.0,1
0.3575,0.14125000000000004,0.0,1
0.35875,0.14125000000000004,0.0,1
0.36,0.14125000000000004,0.0,1
0.36125,0.14125000000000004,0.0,1
0.3625,0.14250000000000002,0.0,1
0.36375,0.14250000000000002,0.0,1
0.365,0.14250000000000002,0.0,1
0.36625,0.14250000000000002,0.0,1
0.3675,0.14250000000000002,0.0,1
0.36875,0.14375000000000004,0.0,1
0.37,0.14375000000000004,0.0,1
0.37124999999999997,0.14375000000000004,0.0,1
0.3725,0.14500000000000002,0.0,1
0.37374999999999997,0.14625000000000005,0.0,1
0.375,0.14625000000000005,0.0,1
0.37625,0.14750000000000002,0.0,1
0.3775,0.14875000000000005,0.0,1
0.3775,0.15000000000000002,0.0,1
0.37875,0.15125000000000005,0.0,1
0.38,0.15250000000000002,0.0,1
0.38,0.15375000000000005,0.0,1
0.38125,0.15500000000000003,0.0,1
0.38125,0.15625000000000006,0.0,1
0.38125,0.15750000000000003,0.0,1
0.3825,0.15875000000000006,0.0,1
0.3825,0.16000000000000003,0.0,1
0.3825,0.16125000000000006,0.0,1
0.3825,0.16250000000000003,0.0,1
0.38375,0.16375000000000006,0.0,1
0.38375,0.16500000000000004,0.0,1
0.38375,0.16625,0.0,1
0.38375,0.16750000000000004,0.0,1
0.38375,0.16875,0.0,1
0.38375,0.17000000000000004,0.0,1
0.3825,0.17125,0.0,1
0.3825,0.17250000000000004,0.0,1
0.3825,0.17375000000000002,0.0,1
0.3825,0.17500000000000004,0.0,1
0.38125,0.17625000000000002,0.0,1
0.38125,0.17750000000000005,0.0,1
0.38,0.17875000000000002,0.0,1
0.38,0.18000000000000005,0.0,1
0.37875,0.18125000000000002,0.0,1
0.3775,0.18250000000000005,0.0,1
0.3775,0.18375000000000002,0.0,1
0.37625,0.18500000000000005,0.0,1
0.375,0.18625000000000003,0.0,1
0.37374999999999997,0.18625000000000003,0.0,1
0.3725,0.18750000000000006,0.0,1
0.37124999999999997,0.18875000000000003,0.0,1
0.37,0.19000000000000006,0.0,1
0.36875,0.19000000000000006,0.0,1
0.3675,0.19000000000000006,0.0,1
0.36625,0.19125000000000003,0.0,1
0.365,0.19125000000000003,0.0,1
0.36375,0.19125000000000003,0.0,1
0.3625,0.19125000000000003,0.0,1
0.36125,0.19125000000000003,0.0,1
0.36,0.19125000000000003,0.0,1
0.35875,0.19125000000000003,0.0,1
0.3575,0.19125000000000003,0.0,1
0.35625,0.19125000000000003,0.0,1
0.355,0.19125000000000003,0.0,1
0.35375,0.19125000000000003,0.0,1
0.3525,0.19125000000000003,0.0,1
0.35125,0.19125000000000003,0.0,1
0.35,0.19125000000000003,0.0,1
0.35,0.19125000000000003,0.05,0
0.2825,0.19125000000000003,0.05,0
0.2825,0.19125000000000003,0.0,0
0.28125,0.19000000000000006,0.0,1
0.28125,0.18875000000000003,0.0,1
0.28125,0.18750000000000006,0.0,1
0.2825,0.18625000000000003,0.0,1
0.28375,0.18500000000000005,0.0,1
0.28500000000000003,0.18375000000000002,0.0,1
0.28500000000000003,0.18250000000000005,0.0,1
0.28500000000000003,0.18125000000000002,0.0,1
0.28500000000000003,0.18000000000000005,0.0,1
0.28500000000000003,0.17875000000000002,0.0,1
0.28500000000000003,0.17750000000000005,0.0,1
0.28500000000000003,0.17625000000000002,0.0,1
0.28500000000000003,0.17500000000000004,0.0,1
0.28500000000000003,0.17375000000000002,0.0,1
0.28500000000000003,0.17250000000000004,0.0,1
0.28500000000000003,0.17125,0.0,1
0.28500000000000003,0.17000000000000004,0.0,1
0.28500000000000003,0.16875,0.0,1
0.28500000000000003,0.16750000000000004,0.0,1
0.28500000000000003,0.16625,0.0,1
0.28500000000000003,0.16500000000000004,0.0,1
0.28500000000000003,0.16375000000000006,0.0,1
0.28500000000000003,0.16250000000000003,0.0,1
0.28500000000000003,0.16125000000000006,0.0,1
0.28500000000000003,0.16000000000000003,0.0,1
0.28500000000000003,0.15875000000000006,0.0,1
0.28500000000000003,0.15750000000000003,0.0,1
0.28500000000000003,0.15625000000000006,0.0,1
0.28500000000000003,0.15500000000000003,0.0,1
0.28500000000000003,0.15375000000000005,0.0,1
0.28500000000000003,0.15250000000000002,0.0,1
0.28500000000000003,0.15125000000000005,0.0,1
0.28500000000000003,0.15000000000000002,0.0,1
0.28500000000000003,0.14875000000000005,0.0,1
0.28375,0.14750000000000002,0.0,1
0.2825,0.14625000000000005,0.0,1
0.28125,0.14500000000000002,0.0,1
0.2825,0.14375000000000004,0.0,1
0.28375,0.14250000000000002,0.0,1
0.28500000000000003,0.14250000000000002,0.0,1
0.28625,0.14250000000000002,0.0,1
0.2875,0.14250000000000002,0.0,1
0.28875,0.14250000000000002,0.0,1
0.29,0.14250000000000002,0.0,1
0.29125,0.14250000000000002,0.0,1
0.2925,0.14250000000000002,0.0,1
0.29374999999999996,0.14250000000000002,0.0,1
0.295,0.14250000000000002,0.0,1
0.29625,0.14250000000000002,0.0,1
0.2975,0.14250000000000002,0.0,1
0.29874999999999996,0.14250000000000002,0.0,1
0.3,0.14250000000000002,0.0,1
0.30125,0.14250000000000002,0.0,1
0.3025,0.14250000000000002,0.0,1
0.30375,0.14250000000000002,0.0,1
0.305,0.14250000000000002,0.0,1
0.30624999999999997,0.14250000000000002,0.0,1
0.3075,0.14250000000000002,0.0,1
0.30874999999999997,0.14250000000000002,0.0,1
0.31,0.14250000000000002,0.0,1
0.31124999999999997,0.14375000000000004,0.0,1
0.3125,0.14375000000000004,0.0,1
0.31375,0.14375000000000004,0.0,1
0.315,0.14500000000000002,0.0,1
0.31625,0.14500000000000002,0.0,1
0.3175,0.14500000000000002,0.0,1
0.31875,0.14625000000000005,0.0,1
0.32,0.14750000000000002,0.0,1
0.32125,0.14875000000000005,0.0,1
0.32125,0.15000000000000002,0.0,1
0.3225,0.15125000000000005,0.0,1
0.3225,0.15250000000000002,0.0,1
0.3225,0.15375000000000005,0.0,1
0.32375,0.15500000000000003,0.0,1
0.32375,0.15625000000000006,0.0,1
0.32375,0.15750000000000003,0.0,1
0.3225,0.15875000000000006,0.0,1
0.3225,0.16000000000000003,0.0,1
0.32125,0.16125000000000006,0.0,1
0.32125,0.16250000000000003,0.0,1
0.32,0.16375000000000006,0.0,1
0.31875,0.16500000000000004,0.0,1
0.3175,0.16625,0.0,1
0.3175,0.16750000000000004,0.0,1
0.3175,0.16875,0.0,1
0.3175,0.17000000000000004,0.0,1
0.31875,0.17125,0.0,1
0.31875,0.17250000000000004,0.0,1
0.32,0.17375000000000002,0.0,1
0.32,0.17500000000000004,0.0,1
0.32125,0.17625000000000002,0.0,1
0.32125,0.17750000000000005,0.0,1
0.32125,0.17875000000000002,0.0,1
0.32125,0.18000000000000005,0.0,1
0.32125,0.18125000000000002,0.0,1
0.32,0.18250000000000005,0.0,1
0.32,0.18375000000000002,0.0,1
0.31875,0.18500000000000005,0.0,1
0.3175,0.18625000000000003,0.0,1
0.31625,0.18750000000000006,0.0,1
0.315,0.18875000000000003,0.0,1
0.31375,0.18875000000000003,0.0,1
0.3125,0.19000000000000006,0.0,1
0.31124999999999997,0.19125000000000003,0.0,1
0.31,0.19125000000000003,0.0,1
0.30874999999999997,0.19125000000000003,0.0,1
0.3075,0.19125000000000003,0.0,1
0.30624999999999997,0.19125000000000003,0.0,1
0.305,0.19125000000000003,0.0,1
0.30375,0.19125000000000003,0.0,1
0.3025,0.19125000000000003,0.0,1
0.30125,0.19125000000000003,0.0,1
0.3,0.19125000000000003,0.0,1
0.29874999999999996,0.19125000000000003,0.0,1
0.2975,0.19125000000000003,0.0,1
0.29625,0.19125000000000003,0.0,1
0.295,0.19125000000000003,0.0,1
0.29374999999999996,0.19125000000000003,0.0,1
0.2925,0.19125000000000003,0.0,1
0.29125,0.19125000000000003,0.0,1
0.29,0.19125000000000003,0.0,1
0.28875,0.19125000000000003,0.0,1
0.2875,0.19125000000000003,0.0,1
0.28625,0.19125000000000003,0.0,1
0.28500000000000003,0.19125000000000003,0.0,1
0.28375,0.19125000000000003,0.0,1
0.28375,0.19125000000000003,0.05,0
0.25,0.19125000000000003,0.05,0
0.25,0.19125000000000003,0.0,0
0.24875,0.19000000000000006,0.0,1
0.24875,0.18875000000000003,0.0,1
0.25,0.18750000000000006,0.0,1
0.25125,0.18625000000000003,0.0,1
0.25125,0.18500000000000005,0.0,1
0.25125,0.18375000000000002,0.0,1
0.2525,0.18250000000000005,0.0,1
0.2525,0.18125000000000002,0.0,1
0.2525,0.18000000000000005,0.0,1
0.2525,0.17875000000000002,0.0,1
0.2525,0.17750000000000005,0.0,1
0.2525,0.17625000000000002,0.0,1
0.2525,0.17500000000000004,0.0,1
0.2525,0.17375000000000002,0.0,1
0.2525,0.17250000000000004,0.0,1
0.2525,0.17125,0.0,1
0.2525,0.17000000000000004,0.0,1
0.2525,0.16875,0.0,1
0.2525,0.16750000000000004,0.0,1
0.2525,0.16625,0.0,1
0.2525,0.16500000000000004,0.0,1
0.2525,0.16375000000000006,0.0,1
0.2525,0.16250000000000003,0.0,1
0.2525,0.16125000000000006,0.0,1
0.2525,0.16000000000000003,0.0,1
0.2525,0.15875000000000006,0.0,1
0.2525,0.15750000000000003,0.0,1
0.2525,0.15625000000000006,0.0,1
0.2525,0.15500000000000003,0.0,1
0.2525,0.15375000000000005,0.0,1
0.2525,0.15250000000000002,0.0,1
0.2525,0.15125000000000005,0.0,1
0.25125,0.15000000000000002,0.0,1
0.25125,0.14875000000000005,0.0,1
0.25125,0.14750000000000002,0.0,1
0.25,0.14625000000000005,0.0,1
0.24875,0.14500000000000002,0.0,1
0.24875,0.14375000000000004,0.0,1
0.25,0.14250000000000002,0.0,1
0.25125,0.14250000000000002,0.0,1
0.2525,0.14250000000000002,0.0,1
0.25375000000000003,0.14250000000000002,0.0,1
0.255,0.14250000000000002,0.0,1
0.25625,0.14250000000000002,0.0,1
0.2575,0.14250000000000002,0.0,1
0.25875,0.14250000000000002,0.0,1
0.26,0.14250000000000002,0.0,1
0.26125,0.14250000000000002,0.0,1
0.26249999999999996,0.14250000000000002,0.0,1
0.26375,0.14250000000000002,0.0,1
0.265,0.14250000000000002,0.0,1
0.26625,0.14250000000000002,0.0,1
0.26749999999999996,0.14250000000000002,0.0,1
0.26875,0.14375000000000004,0.0,1
0.27,0.14500000000000002,0.0,1
0.26875,0.14625000000000005,0.0,1
0.26749999999999996,0.14750000000000002,0.0,1
0.26625,0.14875000000000005,0.0,1
0.26625,0.15000000000000002,0.0,1
0.26625,0.15125000000000005,0.0,1
0.26625,0.15250000000000002,0.0,1
0.26625,0.15375000000000005,0.0,1
0.26625,0.15500000000000003,0.0,1
0.26625,0.15625000000000006,0.0,1
0.26625,0.15750000000000003,0.0,1
0.26625,0.15875000000000006,0.0,1
0.26625,0.16000000000000003,0.0,1
0.26625,0.16125000000000006,0.0,1
0.26625,0.16250000000000003,0.0,1
0.26625,0.16375000000000006,0.0,1
0.26625,0.16500000000000004,0.0,1
0.26625,0.16625,0.0,1
0.26625,0.16750000000000004,0.0,1
0.26625,0.16875,0.0,1
0.26625,0.17000000000000004,0.0,1
0.26625,0.17125,0.0,1
0.26625,0.17250000000000004,0.0,1
0.26625,0.17375000000000002,0.0,1
0.26625,0.17500000000000004,0.0,1
0.26625,0.17625000000000002,0.0,1
0.26625,0.17750000000000005,0.0,1
0.26625,0.17875000000000002,0.0,1
0.26625,0.18000000000000005,0.0,1
0.26625,0.18125000000000002,0.0,1
0.26625,0.18250000000000005,0.0,1
0.26625,0.18375000000000002,0.0,1
0.26625,0.18500000000000005,0.0,1
0.26749999999999996,0.18625000000000003,0.0,1
0.26875,0.18750000000000006,0.0,1
0.27,0.18875000000000003,0.0,1
0.27,0.19000000000000006,0.0,1
0.26875,0.19125000000000003,0.0,1
0.26749999999999996,0.19125000000000003,0.0,1
0.26625,0.19125000000000003,0.0,1
0.265,0.19125000000000003,0.0,1
0.26375,0.19125000000000003,0.0,1
0.26249999999999996,0.19125000000000003,0.0,1
0.26125,0.19125000000000003,0.0,1
0.26,0.19125000000000003,0.0,1
0.25875,0.19125000000000003,0.0,1
0.2575,0.19125000000000003,0.0,1
0.25625,0.19125000000000003,0.0,1
0.255,0.19125000000000003,0.0,1
0.25375000000000003,0.19125000000000003,0.0,1
0.2525,0.19125000000000003,0.0,1
0.25125,0.19125000000000003,0.0,1
0.25125,0.19125000000000003,0.05,0
0.20124999999999998,0.19125000000000003,0.05,0
0.20124999999999998,0.19125000000000003,0.0,0
0.19999999999999998,0.19000000000000006,0.0,1
0.19999999999999998,0.18875000000000003,0.0,1
0.20124999999999998,0.18750000000000006,0.0,1
0.20249999999999999,0.18625000000000003,0.0,1
0.20375,0.18500000000000005,0.0,1
0.20375,0.18375000000000002,0.0,1
0.20375,0.18250000000000005,0.0,1
0.20375,0.18125000000000002,0.0,1
0.205,0.18000000000000005,0.0,1
0.205,0.17875000000000002,0.0,1
0.205,0.17750000000000005,0.0,1
0.205,0.17625000000000002,0.0,1
0.205,0.17500000000000004,0.0,1
0.205,0.17375000000000002,0.0,1
0.205,0.17250000000000004,0.0,1
0.205,0.17125,0.0,1
0.205,0.17000000000000004,0.0,1
0.205,0.16875,0.0,1
0.205,0.16750000000000004,0.0,1
0.205,0.16625,0.0,1
0.205,0.16500000000000004,0.0,1
0.205,0.16375000000000006,0.0,1
0.205,0.16250000000000003,0.0,1
0.205,0.16125000000000006,0.0,1
0.205,0.16000000000000003,0.0,1
0.205,0.15875000000000006,0.0,1
0.205,0.15750000000000003,0.0,1
0.205,0.15625000000000006,0.0,1
0.205,0.15500000000000003,0.0,1
0.205,0.15375000000000005,0.0,1
0.20375,0.15250000000000002,0.0,1
0.20375,0.15125000000000005,0.0,1
0.20375,0.15000000000000002,0.0,1
0.20375,0.14875000000000005,0.0,1
0.20249999999999999,0.14750000000000002,0.0,1
0.20124999999999998,0.14625000000000005,0.0,1
0.19999999999999998,0.14500000000000002,0.0,1
0.19999999999999998,0.14375000000000004,0.0,1
0.20124999999999998,0.14250000000000002,0.0,1
0.20249999999999999,0.14250000000000002,0.0,1
0.20375,0.14250000000000002,0.0,1
0.205,0.14250000000000002,0.0,1
0.20625,0.14250000000000002,0.0,1
0.2075,0.14250000000000002,0.0,1
0.20875,0.14250000000000002,0.0,1
0.21,0.14250000000000002,0.0,1
0.21125,0.14250000000000002,0.0,1
0.2125,0.14250000000000002,0.0,1
0.21375,0.14250000000000002,0.0,1
0.215,0.14250000000000002,0.0,1
0.21625,0.14250000000000002,0.0,1
0.2175,0.14250000000000002,0.0,1
0.21875,0.14250000000000002,0.0,1
0.22,0.14375000000000004,0.0,1
0.22125,0.14375000000000004,0.0,1
0.2225,0.14500000000000002,0.0,1
0.22125,0.14625000000000005,0.0,1
0.22,0.14625000000000005,0.0,1
0.21875,0.14750000000000002,0.0,1
0.21875,0.14875000000000005,0.0,1
0.21875,0.15000000000000002,0.0,1
0.2175,0.15125000000000005,0.0,1
0.2175,0.15250000000000002,0.0,1
0.2175,0.15375000000000005,0.0,1
0.2175,0.15500000000000003,0.0,1
0.2175,0.15625000000000006,0.0,1
0.2175,0.15750000000000003,0.0,1
0.2175,0.15875000000000006,0.0,1
0.2175,0.16000000000000003,0.0,1
0.21875,0.16125000000000006,0.0,1
0.21875,0.16250000000000003,0.0,1
0.21875,0.16375000000000006,0.0,1
0.21875,0.16250000000000003,0.0,1
0.21875,0.16125000000000006,0.0,1
0.2175,0.16000000000000003,0.0,1
0.2175,0.15875000000000006,0.0,1
0.2175,0.15750000000000003,0.0,1
0.2175,0.15625000000000006,0.0,1
0.2175,0.15500000000000003,0.0,1
0.2175,0.15375000000000005,0.0,1
0.2175,0.15250000000000002,0.0,1
0.2175,0.15125000000000005,0.0,1
0.21875,0.15000000000000002,0.0,1
0.21875,0.14875000000000005,0.0,1
0.21875,0.14750000000000002,0.0,1
0.22,0.14625000000000005,0.0,1
0.21875,0.14500000000000002,0.0,1
0.22,0.14375000000000004,0.0,1
0.21875,0.14250000000000002,0.0,1
0.2175,0.14250000000000002,0.0,1
0.21625,0.14250000000000002,0.0,1
0.215,0.14250000000000002,0.0,1
0.21375,0.14250000000000002,0.0,1
0.2125,0.14250000000000002,0.0,1
0.21125,0.14250000000000002,0.0,1
0.21,0.14250000000000002,0.0,1
0.20875,0.14250000000000002,0.0,1
0.2075,0.14250000000000002,0.0,1
0.20625,0.14250000000000002,0.0,1
0.205,0.14250000000000002,0.0,1
0.20375,0.14250000000000002,0.0,1
0.20249999999999999,0.14250000000000002,0.0,1
0.20124999999999998,0.14250000000000002,0.0,1
0.19999999999999998,0.14375000000000004,0.0,1
0.19999999999999998,0.14500000000000002,0.0,1
0.20124999999999998,0.14625000000000005,0.0,1
0.20249999999999999,0.14750000000000002,0.0,1
0.20375,0.14875000000000005,0.0,1
0.20375,0.15000000000000002,0.0,1
0.20375,0.15125000000000005,0.0,1
0.20375,0.15250000000000002,0.0,1
0.205,0.15375000000000005,0.0,1
0.205,0.15500000000000003,0.0,1
0.205,0.15625000000000006,0.0,1
0.205,0.15750000000000003,0.0,1
0.205,0.15875000000000006,0.0,1
0.205,0.16000000000000003,0.0,1
0.205,0.16125000000000006,0.0,1
0.205,0.16250000000000003,0.0,1
0.205,0.16375000000000006,0.0,1
0.205,0.16500000000000004,0.0,1
0.205,0.16625,0.0,1
0.205,0.16750000000000004,0.0,1
0.205,0.16875,0.0,1
0.205,0.17000000000000004,0.0,1
0.205,0.17125,0.0,1
0.205,0.17250000000000004,0.0,1
0.205,0.17375000000000002,0.0,1
0.205,0.17500000000000004,0.0,1
0.205,0.17625000000000002,0.0,1
0.205,0.17750000000000005,0.0,1
0.205,0.17875000000000002,0.0,1
0.205,0.18000000000000005,0.0,1
0.20375,0.18125000000000002,0.0,1
0.20375,0.18250000000000005,0.0,1
0.20375,0.18375000000000002,0.0,1
0.20375,0.18500000000000005,0.0,1
0.20249999999999999,0.18625000000000003,0.0,1
0.20124999999999998,0.18750000000000006,0.0,1
0.19999999999999998,0.18875000000000003,0.0,1
0.19999999999999998,0.19000000000000006,0.0,1
0.20124999999999998,0.19125000000000003,0.0,1
0.20249999999999999,0.19125000000000003,0.0,1
0.20375,0.19125000000000003,0.0,1
0.205,0.19125000000000003,0.0,1
0.20625,0.19125000000000003,0.0,1
0.2075,0.19125000000000003,0.0,1
0.20875,0.19125000000000003,0.0,1
0.21,0.19125000000000003,0.0,1
0.21125,0.19125000000000003,0.0,1
0.2125,0.19125000000000003,0.0,1
0.21375,0.19125000000000003,0.0,1
0.215,0.19125000000000003,0.0,1
0.21625,0.19125000000000003,0.0,1
0.2175,0.19125000000000003,0.0,1
0.21875,0.19125000000000003,0.0,1
0.22,0.19125000000000003,0.0,1
0.22125,0.19125000000000003,0.0,1
0.2225,0.19125000000000003,0.0,1
0.22375,0.19125000000000003,0.0,1
0.225,0.19125000000000003,0.0,1
0.22624999999999998,0.19125000000000003,0.0,1
0.22749999999999998,0.19125000000000003,0.0,1
0.22874999999999998,0.19125000000000003,0.0,1
0.22999999999999998,0.19125000000000003,0.0,1
0.23124999999999998,0.19125000000000003,0.0,1
0.23249999999999998,0.19125000000000003,0.0,1
0.23374999999999999,0.19125000000000003,0.0,1
0.235,0.19125000000000003,0.0,1
0.23625,0.19125000000000003,0.0,1
0.2375,0.19000000000000006,0.0,1
0.23875,0.18875000000000003,0.0,1
0.23875,0.18750000000000006,0.0,1
0.23875,0.18625000000000003,0.0,1
0.23875,0.18500000000000005,0.0,1
0.23875,0.18375000000000002,0.0,1
0.23875,0.18250000000000005,0.0,1
0.23875,0.18125000000000002,0.0,1
0.23875,0.18000000000000005,0.0,1
0.23875,0.17875000000000002,0.0,1
0.23875,0.17750000000000005,0.0,1
0.2375,0.17625000000000002,0.0,1
0.2375,0.17500000000000004,0.0,1
0.23625,0.17375000000000002,0.0,1
0.235,0.17250000000000004,0.0,1
0.23625,0.17375000000000002,0.0,1
0.2375,0.17500000000000004,0.0,1
0.2375,0.17625000000000002,0.0,1
0.23875,0.17750000000000005,0.0,1
0.23875,0.17875000000000002,0.0,1
0.23875,0.18000000000000005,0.0,1
0.23875,0.18125000000000002,0.0,1
0.23875,0.18250000000000005,0.0,1
0.23875,0.18375000000000002,0.0,1
0.23875,0.18500000000000005,0.0,1
0.23875,0.18625000000000003,0.0,1
0.23875,0.18750000000000006,0.0,1
0.23875,0.18875000000000003,0.0,1
0.2375,0.19000000000000006,0.0,1
0.23625,0.19125000000000003,0.0,1
0.235,0.19125000000000003,0.0,1
0.23374999999999999,0.19125000000000003,0.0,1
0.23249999999999998,0.19125000000000003,0.0,1
0.23124999999999998,0.19125000000000003,0.0,1
0.22999999999999998,0.19125000000000003,0.0,1
0.22874999999999998,0.19125000000000003,0.0,1
0.22749999999999998,0.19125000000000003,0.0,1
0.22624999999999998,0.19125000000000003,0.0,1
0.225,0.19125000000000003,0.0,1
0.22375,0.19125000000000003,0.0,1
0.2225,0.19125000000000003,0.0,1
0.22125,0.19125000000000003,0.0,1
0.22,0.19125000000000003,0.0,1
0.21875,0.19125000000000003,0.0,1
0.2175,0.19125000000000003,0.0,1
0.21625,0.19125000000000003,0.0,1
0.215,0.19125000000000003,0.0,1
0.21375,0.19125000000000003,0.0,1
0.2125,0.19125000000000003,0.0,1
0.21125,0.19125000000000003,0.0,1
0.21,0.19125000000000003,0.0,1
0.20875,0.19125000000000003,0.0,1
0.2075,0.19125000000000003,0.0,1
0.20625,0.19125000000000003,0.0,1
0.205,0.19125000000000003,0.0,1
0.20375,0.19125000000000003,0.0,1
0.20249999999999999,0.19125000000000003,0.0,1
0.20249999999999999,0.19125000000000003,0.05,0
0.27875,0.44125000000000003,0.05,0
0.27875,0.44125000000000003,0.0,0
0.27749999999999997,0.44000000000000006,0.0,1
0.27625,0.44000000000000006,0.0,1
0.275,0.44000000000000006,0.0,1
0.27375,0.44000000000000006,0.0,1
0.27249999999999996,0.43875000000000003,0.0,1
0.27125,0.43875000000000003,0.0,1
0.27,0.43875000000000003,0.0,1
0.26875,0.43750000000000006,0.0,1
0.26749999999999996,0.43750000000000006,0.0,1
0.26625,0.43625,0.0,1
0.265,0.43625,0.0,1
0.26375,0.43500000000000005,0.0,1
0.26249999999999996,0.43500000000000005,0.0,1
0.26125,0.43375,0.0,1
0.26,0.43375,0.0,1
0.25875,0.43250000000000005,0.0,1
0.2575,0.43250000000000005,0.0,1
0.25625,0.43125,0.0,1
0.255,0.43000000000000005,0.0,1
0.25375000000000003,0.43000000000000005,0.0,1
0.2525,0.4287500000000001,0.0,1
0.25125,0.42750000000000005,0.0,1
0.25,0.42625,0.0,1
0.24875,0.42500000000000004,0.0,1
0.2475,0.42375000000000007,0.0,1
0.24625,0.42250000000000004,0.0,1
0.245,0.42125,0.0,1
0.24375,0.42000000000000004,0.0,1
0.2425,0.41875000000000007,0.0,1
0.24125,0.41750000000000004,0.0,1
0.24,0.41625,0.0,1
0.24,0.41500000000000004,0.0,1
0.23875,0.41375000000000006,0.0,1
0.2375,0.41250000000000003,0.0,1
0.2375,0.41125,0.0,1
0.23625,0.41000000000000003,0.0,1
0.235,0.40875000000000006,0.0,1
0.235,0.40750000000000003,0.0,1
0.23374999999999999,0.40625,0.0,1
0.23374999999999999,0.405,0.0,1
0.23249999999999998,0.40375000000000005,0.0,1
0.23249999999999998,0.4025000000000001,0.0,1
0.23124999999999998,0.40125000000000005,0.0,1
0.23124999999999998,0.4,0.0,1
0.23124999999999998,0.39875000000000005,0.0,1
0.22999999999999998,0.3975000000000001,0.0,1
0.22999999999999998,0.39625000000000005,0.0,1
0.22999999999999998,0.395,0.0,1
0.22874999999999998,0.39375000000000004,0.0,1
0.22874999999999998,0.39250000000000007,0.0,1
0.22874999999999998,0.39125000000000004,0.0,1
0.22874999999999998,0.39,0.0,1
0.22874999999999998,0.38875000000000004,0.0,1
0.22874999999999998,0.38750000000000007,0.0,1
0.22749999999999998,0.38625000000000004,0.0,1
0.22749999999999998,0.385,0.0,1
0.22749999999999998,0.38375000000000004,0.0,1
0.22749999999999998,0.38250000000000006,0.0,1
0.22749999999999998,0.38125000000000003,0.0,1
0.22749999999999998,0.38,0.0,1
0.22749999999999998,0.37875000000000003,0.0,1
0.22749999999999998,0.37750000000000006,0.0,1
0.22749999999999998,0.37625000000000003,0.0,1
0.22749999999999998,0.375,0.0,1
0.22749999999999998,0.37375,0.0,1
0.22749999999999998,0.37250000000000005,0.0,1
0.22874999999999998,0.3712500000000001,0.0,1
0.22874999999999998,0.37000000000000005,0.0,1
0.22874999999999998,0.36875,0.0,1
0.22874999999999998,0.36750000000000005,0.0,1
0.22874999999999998,0.3662500000000001,0.0,1
0.22874999999999998,0.36500000000000005,0.0,1
0.22999999999999998,0.36375,0.0,1
0.22999999999999998,0.36250000000000004,0.0,1
0.22999999999999998,0.36125000000000007,0.0,1
0.22999999999999998,0.36000000000000004,0.0,1
0.23124999999999998,0.35875,0.0,1
0.23124999999999998,0.35750000000000004,0.0,1
0.23124999999999998,0.35625000000000007,0.0,1
0.23249999999999998,0.35500000000000004,0.0,1
0.23249999999999998,0.35375,0.0,1
0.23374999999999999,0.35250000000000004,0.0,1
0.23374999999999999,0.35125000000000006,0.0,1
0.235,0.35000000000000003,0.0,1
0.235,0.34875,0.0,1
0.23625,0.34750000000000003,0.0,1
0.23625,0.34625000000000006,0.0,1
0.2375,0.34500000000000003,0.0,1
0.23875,0.34375,0.0,1
0.23875,0.3425,0.0,1
0.24,0.34125000000000005,0.0,1
0.24125,0.3400000000000001,0.0,1
0.24125,0.33875000000000005,0.0,1
0.2425,0.3375,0.0,1
0.24375,0.33625000000000005,0.0,1
0.245,0.3350000000000001,0.0,1
0.24625,0.33375000000000005,0.0,1
0.2475,0.3325,0.0,1
0.24875,0.33125000000000004,0.0,1
0.25,0.33000000000000007,0.0,1
0.25125,0.33000000000000007,0.0,1
0.2525,0.32875000000000004,0.0,1
0.25375000000000003,0.3275,0.0,1
0.255,0.32625000000000004,0.0,1
0.25625,0.32625000000000004,0.0,1
0.2575,0.32500000000000007,0.0,1
0.25875,0.32500000000000007,0.0,1
0.26,0.32375000000000004,0.0,1
0.26125,0.32375000000000004,0.0,1
0.26249999999999996,0.3225,0.0,1
0.26375,0.3225,0.0,1
0.265,0.32125000000000004,0.0,1
0.26625,0.32125000000000004,0.0,1
0.26749999999999996,0.32125000000000004,0.0,1
0.26875,0.32000000000000006,0.0,1
0.27,0.32000000000000006,0.0,1
0.27125,0.31875000000000003,0.0,1
0.27249999999999996,0.31875000000000003,0.0,1
0.27375,0.31875000000000003,0.0,1
0.275,0.31875000000000003,0.0,1
0.27625,0.3175,0.0,1
0.27749999999999997,0.3175,0.0,1
0.27875,0.3175,0.0,1
0.28,0.3175,0.0,1
0.28125,0.31625000000000003,0.0,1
0.2825,0.31625000000000003,0.0,1
0.28375,0.31625000000000003,0.0,1
0.28500000000000003,0.3175,0.0,1
0.28625,0.3175,0.0,1
0.2875,0.3175,0.0,1
0.28875,0.31875000000000003,0.0,1
0.29,0.32000000000000006,0.0,1
0.29,0.32125000000000004,0.0,1
0.29,0.3225,0.0,1
0.29,0.32375000000000004,0.0,1
0.29,0.32500000000000007,0.0,1
0.29,0.32625000000000004,0.0,1
0.29,0.3275,0.0,1
0.29,0.32875000000000004,0.0,1
0.29,0.33000000000000007,0.0,1
0.29,0.33125000000000004,0.0,1
0.29,0.3325,0.0,1
0.29,0.33375000000000005,0.0,1
0.29,0.3350000000000001,0.0,1
0.29,0.33625000000000005,0.0,1
0.29,0.3375,0.0,1
0.29,0.33875000000000005,0.0,1
0.29,0.3400000000000001,0.0,1
0.29,0.34125000000000005,0.0,1
0.29,0.3425,0.0,1
0.29,0.34375,0.0,1
0.29,0.34500000000000003,0.0,1
0.29,0.34625000000000006,0.0,1
0.29,0.34750000000000003,0.0,1
0.29,0.34875,0.0,1
0.29,0.35000000000000003,0.0,1
0.29,0.35125000000000006,0.0,1
0.29,0.35250000000000004,0.0,1
0.29,0.35375,0.0,1
0.29,0.35500000000000004,0.0,1
0.29,0.35625000000000007,0.0,1
0.29,0.35750000000000004,0.0,1
0.29,0.35875,0.0,1
0.29,0.36000000000000004,0.0,1
0.29,0.36125000000000007,0.0,1
0.29,0.36250000000000004,0.0,1
0.29,0.36375,0.0,1
0.29,0.36500000000000005,0.0,1
0.29,0.3662500000000001,0.0,1
0.29,0.36750000000000005,0.0,1
0.29,0.36875,0.0,1
0.29,0.37000000000000005,0.0,1
0.29,0.3712500000000001,0.0,1
0.29,0.37250000000000005,0.0,1
0.29,0.37375,0.0,1
0.29,0.375,0.0,1
0.29,0.37625000000000003,0.0,1
0.29,0.37750000000000006,0.0,1
0.29,0.37875000000000003,0.0,1
0.29,0.38,0.0,1
0.29,0.38125000000000003,0.0,1
0.29,0.38250000000000006,0.0,1
0.29,0.38375000000000004,0.0,1
0.29,0.385,0.0,1
0.29,0.38625000000000004,0.0,1
0.29,0.38750000000000007,0.0,1
0.29,0.38875000000000004,0.0,1
0.29,0.39,0.0,1
0.29,0.39125000000000004,0.0,1
0.29,0.39250000000000007,0.0,1
0.29,0.39375000000000004,0.0,1
0.29,0.395,0.0,1
0.29,0.39625000000000005,0.0,1
0.29,0.3975000000000001,0.0,1
0.29,0.39875000000000005,0.0,1
0.29,0.4,0.0,1
0.29,0.40125000000000005,0.0,1
0.29,0.4025000000000001,0.0,1
0.29,0.40375000000000005,0.0,1
0.29,0.405,0.0,1
0.29,0.40625,0.0,1
0.29,0.40750000000000003,0.0,1
0.29,0.40875000000000006,0.0,1
0.29,0.41000000000000003,0.0,1
0.29,0.41125,0.0,1
0.29,0.41250000000000003,0.0,1
0.29,0.41375000000000006,0.0,1
0.29,0.41500000000000004,0.0,1
0.29,0.41625,0.0,1
0.29,0.41750000000000004,0.0,1
0.29,0.41875000000000007,0.0,1
0.29,0.42000000000000004,0.0,1
0.29,0.42125,0.0,1
0.29,0.42250000000000004,0.0,1
0.29,0.42375000000000007,0.0,1
0.29,0.42500000000000004,0.0,1
0.29,0.42625,0.0,1
0.29,0.42750000000000005,0.0,1
0.29,0.4287500000000001,0.0,1
0.29,0.43000000000000005,0.0,1
0.29,0.43125,0.0,1
0.29,0.43250000000000005,0.0,1
0.29,0.43375,0.0,1
0.29,0.43500000000000005,0.0,1
0.29,0.43625,0.0,1
0.29,0.43750000000000006,0.0,1
0.28875,0.43875000000000003,0.0,1
0.28875,0.44000000000000006,0.0,1
0.28875,0.43875000000000003,0.0,1
0.29,0.43750000000000006,0.0,1
0.29,0.43625,0.0,1
0.29,0.43500000000000005,0.0,1
0.29,0.43375,0.0,1
0.29,0.43250000000000005,0.0,1
0.29,0.43125,0.0,1
0.29,0.43000000000000005,0.0,1
0.29,0.4287500000000001,0.0,1
0.29,0.42750000000000005,0.0,1
0.29,0.42625,0.0,1
0.29,0.42500000000000004,0.0,1
0.29,0.42375000000000007,0.0,1
0.29,0.42250000000000004,0.0,1
0.29,0.42125,0.0,1
0.29,0.42000000000000004,0.0,1
0.29,0.41875000000000007,0.0,1
0.29,0.41750000000000004,0.0,1
0.29,0.41625,0.0,1
0.29,0.41500000000000004,0.0,1
0.29,0.41375000000000006,0.0,1
0.29,0.41250000000000003,0.0,1
0.29,0.41125,0.0,1
0.29,0.41000000000000003,0.0,1
0.29,0.40875000000000006,0.0,1
0.29,0.40750000000000003,0.0,1
0.29,0.40625,0.0,1
0.29,0.405,0.0,1
0.29,0.40375000000000005,0.0,1
0.29,0.4025000000000001,0.0,1
0.29,0.40125000000000005,0.0,1
0.29,0.4,0.0,1
0.29,0.39875000000000005,0.0,1
0.29,0.3975000000000001,0.0,1
0.29,0.39625000000000005,0.0,1
0.29,0.395,0.0,1
0.29,0.39375000000000004,0.0,1
0.29,0.39250000000000007,0.0,1
0.29,0.39125000000000004,0.0,1
0.29,0.39,0.0,1
0.29,0.38875000000000004,0.0,1
0.29,0.38750000000000007,0.0,1
0.29,0.38625000000000004,0.0,1
0.29,0.385,0.0,1
0.29,0.38375000000000004,0.0,1
0.29,0.38250000000000006,0.0,1
0.29,0.38125000000000003,0.0,1
0.29,0.38,0.0,1
0.29,0.37875000000000003,0.0,1
0.29,0.37750000000000006,0.0,1
0.29,0.37625000000000003,0.0,1
0.29,0.375,0.0,1
0.29,0.37375,0.0,1
0.29,0.37250000000000005,0.0,1
0.29,0.3712500000000001,0.0,1
0.29,0.37000000000000005,0.0,1
0.29,0.36875,0.0,1
0.29,0.36750000000000005,0.0,1
0.29,0.3662500000000001,0.0,1
0.29,0.36500000000000005,0.0,1
0.29,0.36375,0.0,1
0.29,0.36250000000000004,0.0,1
0.29,0.36125000000000007,0.0,1
0.29,0.36000000000000004,0.0,1
0.29,0.35875,0.0,1
0.29,0.35750000000000004,0.0,1
0.29,0.35625000000000007,0.0,1
0.29,0.35500000000000004,0.0,1
0.29,0.35375,0.0,1
0.29,0.35250000000000004,0.0,1
0.29,0.35125000000000006,0.0,1
0.29,0.35000000000000003,0.0,1
0.29,0.34875,0.0,1
0.29,0.34750000000000003,0.0,1
0.29,0.34625000000000006,0.0,1
0.29,0.34500000000000003,0.0,1
0.29,0.34375,0.0,1
0.29,0.3425,0.0,1
0.29,0.34125000000000005,0.0,1
0.29,0.3400000000000001,0.0,1
0.29,0.33875000000000005,0.0,1
0.29,0.3375,0.0,1
0.29,0.33625000000000005,0.0,1
0.29,0.3350000000000001,0.0,1
0.29,0.33375000000000005,0.0,1
0.29,0.3325,0.0,1
0.29,0.33125000000000004,0.0,1
0.29,0.33000000000000007,0.0,1
0.29,0.32875000000000004,0.0,1
0.29,0.3275,0.0,1
0.29,0.32625000000000004,0.0,1
0.29,0.32500000000000007,0.0,1
0.29,0.32375000000000004,0.0,1
0.29,0.3225,0.0,1
0.29,0.32125000000000004,0.0,1
0.29,0.32000000000000006,0.0,1
0.28875,0.31875000000000003,0.0,1
0.2875,0.3175,0.0,1
0.28625,0.3175,0.0,1
0.28500000000000003,0.3175,0.0,1
0.28375,0.31625000000000003,0.0,1
0.2825,0.31625000000000003,0.0,1
0.28125,0.31625000000000003,0.0,1
0.28,0.3175,0.0,1
0.27875,0.3175,0.0,1
0.27749999999999997,0.3175,0.0,1
0.27625,0.3175,0.0,1
0.275,0.31875000000000003,0.0,1
0.27375,0.31875000000000003,0.0,1
0.27249999999999996,0.31875000000000003,0.0,1
0.27125,0.31875000000000003,0.0,1
0.27,0.32000000000000006,0.0,1
0.26875,0.32000000000000006,0.0,1
0.26749999999999996,0.32125000000000004,0.0,1
0.26625,0.32125000000000004,0.0,1
0.265,0.32125000000000004,0.0,1
0.26375,0.3225,0.0,1
0.26249999999999996,0.3225,0.0,1
0.26125,0.32375000000000004,0.0,1
0.26,0.32375000000000004,0.0,1
0.25875,0.32500000000000007,0.0,1
0.2575,0.32500000000000007,0.0,1
0.25625,0.32625000000000004,0.0,1
0.255,0.32625000000000004,0.0,1
0.25375000000000003,0.3275,0.0,1
0.2525,0.32875000000000004,0.0,1
0.25125,0.33000000000000007,0.0,1
0.25,0.33000000000000007,0.0,1
0.24875,0.33125000000000004,0.0,1
0.2475,0.3325,0.0,1
0.24625,0.33375000000000005,0.0,1
0.245,0.3350000000000001,0.0,1
0.24375,0.33625000000000005,0.0,1
0.2425,0.3375,0.0,1
0.24125,0.33875000000000005,0.0,1
0.24125,0.3400000000000001,0.0,1
0.24,0.34125000000000005,0.0,1
0.23875,0.3425,0.0,1
0.23875,0.34375,0.0,1
0.2375,0.34500000000000003,0.0,1
0.23625,0.34625000000000006,0.0,1
0.23625,0.34750000000000003,0.0,1
0.235,0.34875,0.0,1
0.235,0.35000000000000003,0.0,1
0.23374999999999999,0.35125000000000006,0.0,1
0.23374999999999999,0.35250000000000004,0.0,1
0.23249999999999998,0.35375,0.0,1
0.23249999999999998,0.35500000000000004,0.0,1
0.23124999999999998,0.35625000000000007,0.0,1
0.23124999999999998,0.35750000000000004,0.0,1
0.23124999999999998,0.35875,0.0,1
0.22999999999999998,0.36000000000000004,0.0,1
0.22999999999999998,0.36125000000000007,0.0,1
0.22999999999999998,0.36250000000000004,0.0,1
0.22999999999999998,0.36375,0.0,1
0.22874999999999998,0.36500000000000005,0.0,1
0.22874999999999998,0.3662500000000001,0.0,1
0.22874999999999998,0.36750000000000005,0.0,1
0.22874999999999998,0.36875,0.0,1
0.22874999999999998,0.37000000000000005,0.0,1
0.22874999999999998,0.3712500000000001,0.0,1
0.22749999999999998,0.37250000000000005,0.0,1
0.22749999999999998,0.37375,0.0,1
0.22749999999999998,0.375,0.0,1
0.22749999999999998,0.37625000000000003,0.0,1
0.22749999999999998,0.37750000000000006,0.0,1
0.22749999999999998,0.37875000000000003,0.0,1
0.22749999999999998,0.38,0.0,1
0.22749999999999998,0.38125000000000003,0.0,1
0.22749999999999998,0.38250000000000006,0.0,1
0.22749999999999998,0.38375000000000004,0.0,1
0.22749999999999998,0.385,0.0,1
0.22749999999999998,0.38625000000000004,0.0,1
0.22874999999999998,0.38750000000000007,0.0,1
0.22874999999999998,0.38875000000000004,0.0,1
0.22874999999999998,0.39,0.0,1
0.22874999999999998,0.39125000000000004,0.0,1
0.22874999999999998,0.39250000000000007,0.0,1
0.22874999999999998,0.39375000000000004,0.0,1
0.22999999999999998,0.395,0.0,1
0.22999999999999998,0.39625000000000005,0.0,1
0.22999999999999998,0.3975000000000001,0.0,1
0.23124999999999998,0.39875000000000005,0.0,1
0.23124999999999998,0.4,0.0,1
0.23124999999999998,0.40125000000000005,0.0,1
0.23249999999999998,0.4025000000000001,0.0,1
0.23249999999999998,0.40375000000000005,0.0,1
0.23374999999999999,0.405,0.0,1
0.23374999999999999,0.40625,0.0,1
0.235,0.40750000000000003,0.0,1
0.235,0.40875000000000006,0.0,1
0.23625,0.41000000000000003,0.0,1
0.2375,0.41125,0.0,1
0.2375,0.41250000000000003,0.0,1
0.23875,0.41375000000000006,0.0,1
0.24,0.41500000000000004,0.0,1
0.24,0.41625,0.0,1
0.24125,0.41750000000000004,0.0,1
0.2425,0.41875000000000007,0.0,1
0.24375,0.42000000000000004,0.0,1
0.245,0.42125,0.0,1
0.24625,0.42250000000000004,0.0,1
0.2475,0.42375000000000007,0.0,1
0.24875,0.42500000000000004,0.0,1
0.25,0.42625,0.0,1
0.25125,0.42750000000000005,0.0,1
0.2525,0.4287500000000001,0.0,1
0.25375000000000003,0.43000000000000005,0.0,1
0.255,0.43000000000000005,0.0,1
0.25625,0.43125,0.0,1
0.2575,0.43250000000000005,0.0,1
0.25875,0.43250000000000005,0.0,1
0.26,0.43375,0.0,1
0.26125,0.43375,0.0,1
0.26249999999999996,0.43500000000000005,0.0,1
0.26375,0.43500000000000005,0.0,1
0.265,0.43625,0.0,1
0.26625,0.43625,0.0,1
0.26749999999999996,0.43750000000000006,0.0,1
0.26875,0.43750000000000006,0.0,1
0.27,0.43875000000000003,0.0,1
0.27125,0.43875000000000003,0.0,1
0.27249999999999996,0.43875000000000003,0.0,1
0.27375,0.44000000000000006,0.0,1
0.275,0.44000000000000006,0.0,1
0.27625,0.44000000000000006,0.0,1
0.27749999999999997,0.44000000000000006,0.0,1
0.27875,0.44125000000000003,0.0,1
0.28,0.44125000000000003,0.0,1
0.28125,0.44125000000000003,0.0,1
0.2825,0.44125000000000003,0.0,1
0.28375,0.44125000000000003,0.0,1
0.28500000000000003,0.44125000000000003,0.0,1
0.28625,0.44125000000000003,0.0,1
0.28500000000000003,0.44125000000000003,0.0,1
0.28375,0.44125000000000003,0.0,1
0.2825,0.44125000000000003,0.0,1
0.28125,0.44125000000000003,0.0,1
0.28,0.44125000000000003,0.0,1
0.28,0.44125000000000003,0.05,0
0.28125,0.47125000000000006,0.05,0
0.28125,0.47125000000000006,0.0,0
0.28,0.47000000000000003,0.0,1
0.27875,0.47000000000000003,0.0,1
0.27749999999999997,0.47000000000000003,0.0,1
0.27625,0.47000000000000003,0.0,1
0.275,0.47000000000000003,0.0,1
0.27375,0.47000000000000003,0.0,1
0.27249999999999996,0.47000000000000003,0.0,1
0.27125,0.46875000000000006,0.0,1
0.27,0.46875000000000006,0.0,1
0.26875,0.46875000000000006,0.0,1
0.26749999999999996,0.46875000000000006,0.0,1
0.26625,0.4675,0.0,1
0.265,0.4675,0.0,1
0.26375,0.4675,0.0,1
0.26249999999999996,0.46625000000000005,0.0,1
0.26125,0.46625000000000005,0.0,1
0.26,0.46625000000000005,0.0,1
0.25875,0.46625000000000005,0.0,1
0.2575,0.465,0.0,1
0.25625,0.465,0.0,1
0.255,0.46375000000000005,0.0,1
0.25375000000000003,0.46375000000000005,0.0,1
0.2525,0.4625,0.0,1
0.25125,0.4625,0.0,1
0.25,0.46125000000000005,0.0,1
0.24875,0.46125000000000005,0.0,1
0.2475,0.4600000000000001,0.0,1
0.24625,0.45875000000000005,0.0,1
0.245,0.45875000000000005,0.0,1
0.24375,0.4575,0.0,1
0.2425,0.4575,0.0,1
0.24125,0.45625000000000004,0.0,1
0.24,0.45500000000000007,0.0,1
0.23875,0.45500000000000007,0.0,1
0.2375,0.45375000000000004,0.0,1
0.23625,0.4525,0.0,1
0.235,0.45125000000000004,0.0,1
0.23374999999999999,0.45000000000000007,0.0,1
0.23249999999999998,0.45000000000000007,0.0,1
0.23124999999999998,0.44875000000000004,0.0,1
0.22999999999999998,0.4475,0.0,1
0.22874999999999998,0.44625000000000004,0.0,1
0.22749999999999998,0.44500000000000006,0.0,1
0.22624999999999998,0.44375000000000003,0.0,1
0.225,0.44250000000000006,0.0,1
0.22375,0.44125000000000003,0.0,1
0.2225,0.44000000000000006,0.0,1
0.22125,0.43875000000000003,0.0,1
0.22,0.43750000000000006,0.0,1
0.22,0.43625,0.0,1
0.21875,0.43500000000000005,0.0,1
0.2175,0.43375,0.0,1
0.21625,0.43250000000000005,0.0,1
0.21625,0.43125,0.0,1
0.215,0.43000000000000005,0.0,1
0.21375,0.4287500000000001,0.0,1
0.21375,0.42750000000000005,0.0,1
0.2125,0.42625,0.0,1
0.21125,0.42500000000000004,0.0,1
0.21125,0.42375000000000007,0.0,1
0.21,0.42250000000000004,0.0,1
0.21,0.42125,0.0,1
0.20875,0.42000000000000004,0.0,1
0.20875,0.41875000000000007,0.0,1
0.2075,0.41750000000000004,0.0,1
0.2075,0.41625,0.0,1
0.20625,0.41500000000000004,0.0,1
0.20625,0.41375000000000006,0.0,1
0.205,0.41250000000000003,0.0,1
0.205,0.41125,0.0,1
0.205,0.41000000000000003,0.0,1
0.20375,0.40875000000000006,0.0,1
0.20375,0.40750000000000003,0.0,1
0.20375,0.40625,0.0,1
0.20249999999999999,0.405,0.0,1
0.20249999999999999,0.40375000000000005,0.0,1
0.20249999999999999,0.4025000000000001,0.0,1
0.20124999999999998,0.40125000000000005,0.0,1
0.20124999999999998,0.4,0.0,1
0.20124999999999998,0.39875000000000005,0.0,1
0.20124999999999998,0.3975000000000001,0.0,1
0.20124999999999998,0.39625000000000005,0.0,1
0.19999999999999998,0.395,0.0,1
0.19999999999999998,0.39375000000000004,0.0,1
0.19999999999999998,0.39250000000000007,0.0,1
0.19999999999999998,0.39125000000000004,0.0,1
0.19999999999999998,0.39,0.0,1
0.19999999999999998,0.38875000000000004,0.0,1
0.19874999999999998,0.38750000000000007,0.0,1
0.19874999999999998,0.38625000000000004,0.0,1
0.19874999999999998,0.385,0.0,1
0.19874999999999998,0.38375000000000004,0.0,1
0.19874999999999998,0.38250000000000006,0.0,1
0.19874999999999998,0.38125000000000003,0.0,1
0.19874999999999998,0.38,0.0,1
0.19874999999999998,0.37875000000000003,0.0,1
0.19874999999999998,0.37750000000000006,0.0,1
0.19874999999999998,0.37625000000000003,0.0,1
0.19874999999999998,0.375,0.0,1
0.19874999999999998,0.37375,0.0,1
0.19874999999999998,0.37250000000000005,0.0,1
0.19874999999999998,0.3712500000000001,0.0,1
0.19874999999999998,0.37000000000000005,0.0,1
0.19874999999999998,0.36875,0.0,1
0.19874999999999998,0.36750000000000005,0.0,1
0.19874999999999998,0.3662500000000001,0.0,1
0.19874999999999998,0.36500000000000005,0.0,1
0.19874999999999998,0.36375,0.0,1
0.19874999999999998,0.36250000000000004,0.0,1
0.19874999999999998,0.36125000000000007,0.0,1
0.19874999999999998,0.36000000000000004,0.0,1
0.19874999999999998,0.35875,0.0,1
0.19874999999999998,0.35750000000000004,0.0,1
0.19874999999999998,0.35625000000000007,0.0,1
0.19874999999999998,0.35500000000000004,0.0,1
0.19874999999999998,0.35375,0.0,1
0.19874999999999998,0.35250000000000004,0.0,1
0.19874999999999998,0.35125000000000006,0.0,1
0.19749999999999998,0.35000000000000003,0.0,1
0.19749999999999998,0.34875,0.0,1
0.19624999999999998,0.34750000000000003,0.0,1
0.19624999999999998,0.34625000000000006,0.0,1
0.19624999999999998,0.34500000000000003,0.0,1
0.19499999999999998,0.34375,0.0,1
0.19375,0.3425,0.0,1
0.19375,0.34125000000000005,0.0,1
0.1925,0.3400000000000001,0.0,1
0.1925,0.33875000000000005,0.0,1
0.19125,0.3375,0.0,1
0.19125,0.33625000000000005,0.0,1
0.19,0.3350000000000001,0.0,1
0.19,0.33375000000000005,0.0,1
0.18875,0.3325,0.0,1
0.18875,0.33125000000000004,0.0,1
0.1875,0.33000000000000007,0.0,1
0.1875,0.32875000000000004,0.0,1
0.18625,0.3275,0.0,1
0.18625,0.32625000000000004,0.0,1
0.185,0.32500000000000007,0.0,1
0.185,0.32375000000000004,0.0,1
0.18375,0.3225,0.0,1
0.18375,0.32125000000000004,0.0,1
0.18375,0.32000000000000006,0.0,1
0.1825,0.31875000000000003,0.0,1
0.1825,0.3175,0.0,1
0.18375,0.31625000000000003,0.0,1
0.18375,0.31500000000000006,0.0,1
0.18375,0.31375000000000003,0.0,1
0.185,0.3125,0.0,1
0.18625,0.3125,0.0,1
0.1875,0.31125,0.0,1
0.18875,0.31125,0.0,1
0.19,0.31000000000000005,0.0,1
0.19125,0.3087500000000001,0.0,1
0.1925,0.3087500000000001,0.0,1
0.19375,0.30750000000000005,0.0,1
0.19499999999999998,0.30750000000000005,0.0,1
0.19624999999999998,0.30625,0.0,1
0.19749999999999998,0.30500000000000005,0.0,1
0.19874999999999998,0.3037500000000001,0.0,1
0.19874999999999998,0.30250000000000005,0.0,1
0.19874999999999998,0.30125,0.0,1
0.19874999999999998,0.30000000000000004,0.0,1
0.19874999999999998,0.29875,0.0,1
0.19874999999999998,0.29750000000000004,0.0,1
0.19874999999999998,0.29625,0.0,1
0.19874999999999998,0.29500000000000004,0.0,1
0.19874999999999998,0.29375000000000007,0.0,1
0.19874999999999998,0.29250000000000004,0.0,1
0.19874999999999998,0.29125000000000006,0.0,1
0.19874999999999998,0.29000000000000004,0.0,1
0.19874999999999998,0.28875000000000006,0.0,1
0.19874999999999998,0.28750000000000003,0.0,1
0.19874999999999998,0.28625000000000006,0.0,1
0.19874999999999998,0.28500000000000003,0.0,1
0.19874999999999998,0.28375000000000006,0.0,1
0.19874999999999998,0.28250000000000003,0.0,1
0.19874999999999998,0.28125000000000006,0.0,1
0.19874999999999998,0.28,0.0,1
0.19874999999999998,0.27875000000000005,0.0,1
0.19874999999999998,0.2775,0.0,1
0.19874999999999998,0.27625000000000005,0.0,1
0.19874999999999998,0.275,0.0,1
0.19999999999999998,0.27375000000000005,0.0,1
0.19999999999999998,0.2725,0.0,1
0.19999999999999998,0.27125000000000005,0.0,1
0.20124999999999998,0.27,0.0,1
0.20249999999999999,0.26875000000000004,0.0,1
0.20375,0.26875000000000004,0.0,1
0.205,0.26875000000000004,0.0,1
0.20625,0.26875000000000004,0.0,1
0.2075,0.2675,0.0,1
0.20875,0.2675,0.0,1
0.21,0.2675,0.0,1
0.21125,0.2675,0.0,1
0.2125,0.2675,0.0,1
0.21375,0.26625000000000004,0.0,1
0.215,0.26625000000000004,0.0,1
0.21625,0.26625000000000004,0.0,1
0.2175,0.26625000000000004,0.0,1
0.21875,0.265,0.0,1
0.22,0.265,0.0,1
0.22125,0.265,0.0,1
0.2225,0.265,0.0,1
0.22375,0.265,0.0,1
0.225,0.265,0.0,1
0.22624999999999998,0.26375000000000004,0.0,1
0.22749999999999998,0.26375000000000004,0.0,1
0.22874999999999998,0.26375000000000004,0.0,1
0.22999999999999998,0.26375000000000004,0.0,1
0.23124999999999998,0.2625,0.0,1
0.23249999999999998,0.2625,0.0,1
0.23374999999999999,0.2625,0.0,1
0.235,0.2625,0.0,1
0.23625,0.2625,0.0,1
0.2375,0.26125000000000004,0.0,1
0.23875,0.26125000000000004,0.0,1
0.24,0.26000000000000006,0.0,1
0.24125,0.25875000000000004,0.0,1
0.2425,0.25750000000000006,0.0,1
0.2425,0.25625000000000003,0.0,1
0.2425,0.25500000000000006,0.0,1
0.2425,0.25375000000000003,0.0,1
0.2425,0.25250000000000006,0.0,1
0.2425,0.25125000000000003,0.0,1
0.2425,0.25000000000000006,0.0,1
0.2425,0.24875000000000003,0.0,1
0.2425,0.24750000000000005,0.0,1
0.24125,0.24625000000000002,0.0,1
0.24125,0.24500000000000005,0.0,1
0.24125,0.24375000000000002,0.0,1
0.24125,0.24250000000000005,0.0,1
0.24125,0.24125000000000002,0.0,1
0.24125,0.24000000000000005,0.0,1
0.24125,0.23875000000000002,0.0,1
0.24,0.23750000000000004,0.0,1
0.24,0.23625000000000002,0.0,1
0.24,0.23500000000000004,0.0,1
0.24,0.23375,0.0,1
0.24,0.23250000000000004,0.0,1
0.23875,0.23125,0.0,1
0.23875,0.23000000000000004,0.0,1
0.23875,0.22875000000000006,0.0,1
0.23875,0.22750000000000004,0.0,1
0.23875,0.22625000000000006,0.0,1
0.23875,0.22500000000000003,0.0,1
0.2375,0.22375000000000006,0.0,1
0.2375,0.22250000000000003,0.0,1
0.2375,0.22125000000000006,0.0,1
0.2375,0.22000000000000003,0.0,1
0.2375,0.21875000000000006,0.0,1
0.2375,0.21750000000000003,0.0,1
0.23625,0.21625000000000005,0.0,1
0.23625,0.21500000000000002,0.0,1
0.23625,0.21375000000000005,0.0,1
0.23625,0.21250000000000002,0.0,1
0.23625,0.21125000000000005,0.0,1
0.23625,0.21000000000000002,0.0,1
0.23625,0.20875000000000005,0.0,1
0.2375,0.20750000000000002,0.0,1
0.23875,0.20625000000000004,0.0,1
0.24,0.20625000000000004,0.0,1
0.24125,0.20625000000000004,0.0,1
0.2425,0.20625000000000004,0.0,1
0.24375,0.20625000000000004,0.0,1
0.245,0.20625000000000004,0.0,1
0.24625,0.20625000000000004,0.0,1
0.2475,0.20625000000000004,0.0,1
0.24875,0.20625000000000004,0.0,1
0.25,0.20625000000000004,0.0,1
0.25125,0.20625000000000004,0.0,1
0.2525,0.20625000000000004,0.0,1
0.25375000000000003,0.20625000000000004,0.0,1
0.255,0.20625000000000004,0.0,1
0.25625,0.20625000000000004,0.0,1
0.2575,0.20625000000000004,0.0,1
0.25875,0.20625000000000004,0.0,1
0.26,0.20625000000000004,0.0,1
0.26125,0.20625000000000004,0.0,1
0.26249999999999996,0.20625000000000004,0.0,1
0.26375,0.20625000000000004,0.0,1
0.265,0.20625000000000004,0.0,1
0.26625,0.20625000000000004,0.0,1
0.26749999999999996,0.20625000000000004,0.0,1
0.26875,0.20625000000000004,0.0,1
0.27,0.20625000000000004,0.0,1
0.27125,0.20625000000000004,0.0,1
0.27249999999999996,0.20625000000000004,0.0,1
0.27375,0.20625000000000004,0.0,1
0.275,0.20625000000000004,0.0,1
0.27625,0.20625000000000004,0.0,1
0.27749999999999997,0.20625000000000004,0.0,1
0.27875,0.20625000000000004,0.0,1
0.28,0.20625000000000004,0.0,1
0.28125,0.20625000000000004,0.0,1
0.2825,0.20625000000000004,0.0,1
0.28375,0.20625000000000004,0.0,1
0.28500000000000003,0.20625000000000004,0.0,1
0.28625,0.20625000000000004,0.0,1
0.2875,0.20625000000000004,0.0,1
0.28875,0.20625000000000004,0.0,1
0.29,0.20625000000000004,0.0,1
0.29125,0.20625000000000004,0.0,1
0.29,0.20625000000000004,0.0,1
0.28875,0.20625000000000004,0.0,1
0.2875,0.20625000000000004,0.0,1
0.28625,0.20625000000000004,0.0,1
0.28500000000000003,0.20625000000000004,0.0,1
0.28375,0.20625000000000004,0.0,1
0.2825,0.20625000000000004,0.0,1
0.28125,0.20625000000000004,0.0,1
0.28,0.20625000000000004,0.0,1
0.27875,0.20625000000000004,0.0,1
0.27749999999999997,0.20625000000000004,0.0,1
0.27625,0.20625000000000004,0.0,1
0.275,0.20625000000000004,0.0,1
0.27375,0.20625000000000004,0.0,1
0.27249999999999996,0.20625000000000004,0.0,1
0.27125,0.20625000000000004,0.0,1
0.27,0.20625000000000004,0.0,1
0.26875,0.20625000000000004,0.0,1
0.26749999999999996,0.20625000000000004,0.0,1
0.26625,0.20625000000000004,0.0,1
0.265,0.20625000000000004,0.0,1
0.26375,0.20625000000000004,0.0,1
0.26249999999999996,0.20625000000000004,0.0,1
0.26125,0.20625000000000004,0.0,1
0.26,0.20625000000000004,0.0,1
0.25875,0.20625000000000004,0.0,1
0.2575,0.20625000000000004,0.0,1
0.25625,0.20625000000000004,0.0,1
0.255,0.20625000000000004,0.0,1
0.25375000000000003,0.20625000000000004,0.0,1
0.2525,0.20625000000000004,0.0,1
0.25125,0.20625000000000004,0.0,1
0.25,0.20625000000000004,0.0,1
0.24875,0.20625000000000004,0.0,1
0.2475,0.20625000000000004,0.0,1
0.24625,0.20625000000000004,0.0,1
0.245,0.20625000000000004,0.0,1
0.24375,0.20625000000000004,0.0,1
0.2425,0.20625000000000004,0.0,1
0.24125,0.20625000000000004,0.0,1
0.24,0.20625000000000004,0.0,1
0.23875,0.20625000000000004,0.0,1
0.2375,0.20750000000000002,0.0,1
0.23625,0.20875000000000005,0.0,1
0.23625,0.21000000000000002,0.0,1
0.23625,0.21125000000000005,0.0,1
0.23625,0.21250000000000002,0.0,1
0.23625,0.21375000000000005,0.0,1
0.23625,0.21500000000000002,0.0,1
0.23625,0.21625000000000005,0.0,1
0.2375,0.21750000000000003,0.0,1
0.2375,0.21875000000000006,0.0,1
0.2375,0.22000000000000003,0.0,1
0.2375,0.22125000000000006,0.0,1
0.2375,0.22250000000000003,0.0,1
0.2375,0.22375000000000006,0.0,1
0.23875,0.22500000000000003,0.0,1
0.23875,0.22625000000000006,0.0,1
0.23875,0.22750000000000004,0.0,1
0.23875,0.22875000000000006,0.0,1
0.23875,0.23000000000000004,0.0,1
0.23875,0.23125,0.0,1
0.24,0.23250000000000004,0.0,1
0.24,0.23375,0.0,1
0.24,0.23500000000000004,0.0,1
0.24,0.23625000000000002,0.0,1
0.24,0.23750000000000004,0.0,1
0.24125,0.23875000000000002,0.0,1
0.24125,0.24000000000000005,0.0,1
0.24125,0.24125000000000002,0.0,1
0.24125,0.24250000000000005,0.0,1
0.24125,0.24375000000000002,0.0,1
0.24125,0.24500000000000005,0.0,1
0.24125,0.24625000000000002,0.0,1
0.2425,0.24750000000000005,0.0,1
0.2425,0.24875000000000003,0.0,1
0.2425,0.25000000000000006,0.0,1
0.2425,0.25125000000000003,0.0,1
0.2425,0.25250000000000006,0.0,1
0.2425,0.25375000000000003,0.0,1
0.2425,0.25500000000000006,0.0,1
0.2425,0.25625000000000003,0.0,1
0.2425,0.25750000000000006,0.0,1
0.24125,0.25875000000000004,0.0,1
0.24,0.26000000000000006,0.0,1
0.23875,0.26125000000000004,0.0,1
0.2375,0.26125000000000004,0.0,1
0.23625,0.2625,0.0,1
0.235,0.2625,0.0,1
0.23374999999999999,0.2625,0.0,1
0.23249999999999998,0.2625,0.0,1
0.23124999999999998,0.2625,0.0,1
0.22999999999999998,0.26375000000000004,0.0,1
0.22874999999999998,0.26375000000000004,0.0,1
0.22749999999999998,0.26375000000000004,0.0,1
0.22624999999999998,0.26375000000000004,0.0,1
0.225,0.265,0.0,1
0.22375,0.265,0.0,1
0.2225,0.265,0.0,1
0.22125,0.265,0.0,1
0.22,0.265,0.0,1
0.21875,0.265,0.0,1
0.2175,0.26625000000000004,0.0,1
0.21625,0.26625000000000004,0.0,1
0.215,0.26625000000000004,0.0,1
0.21375,0.26625000000000004,0.0,1
0.2125,0.2675,0.0,1
0.21125,0.2675,0.0,1
0.21,0.2675,0.0,1
0.20875,0.2675,0.0,1
0.2075,0.2675,0.0,1
0.20625,0.26875000000000004,0.0,1
0.205,0.26875000000000004,0.0,1
0.20375,0.26875000000000004,0.0,1
0.20249999999999999,0.26875000000000004,0.0,1
0.20124999999999998,0.27,0.0,1
0.19999999999999998,0.27125000000000005,0.0,1
0.19999999999999998,0.2725,0.0,1
0.19999999999999998,0.27375000000000005,0.0,1
0.19874999999999998,0.275,0.0,1
0.19874999999999998,0.27625000000000005,0.0,1
0.19874999999999998,0.2775,0.0,1
0.19874999999999998,0.27875000000000005,0.0,1
0.19874999999999998,0.28,0.0,1
0.19874999999999998,0.28125000000000006,0.0,1
0.19874999999999998,0.28250000000000003,0.0,1
0.19874999999999998,0.28375000000000006,0.0,1
0.19874999999999998,0.28500000000000003,0.0,1
0.19874999999999998,0.28625000000000006,0.0,1
0.19874999999999998,0.28750000000000003,0.0,1
0.19874999999999998,0.28875000000000006,0.0,1
0.19874999999999998,0.29000000000000004,0.0,1
0.19874999999999998,0.29125000000000006,0.0,1
0.19874999999999998,0.29250000000000004,0.0,1
0.19874999999999998,0.29375000000000007,0.0,1
0.19874999999999998,0.29500000000000004,0.0,1
0.19874999999999998,0.29625,0.0,1
0.19874999999999998,0.29750000000000004,0.0,1
0.19874999999999998,0.29875,0.0,1
0.19874999999999998,0.30000000000000004,0.0,1
0.19874999999999998,0.30125,0.0,1
0.19874999999999998,0.30250000000000005,0.0,1
0.19874999999999998,0.3037500000000001,0.0,1
0.19749999999999998,0.30500000000000005,0.0,1
0.19624999999999998,0.30625,0.0,1
0.19499999999999998,0.30750000000000005,0.0,1
0.19375,0.30750000000000005,0.0,1
0.1925,0.3087500000000001,0.0,1
0.19125,0.3087500000000001,0.0,1
0.19,0.31000000000000005,0.0,1
0.18875,0.31125,0.0,1
0.1875,0.31125,0.0,1
0.18625,0.3125,0.0,1
0.185,0.3125,0.0,1
0.18375,0.31375000000000003,0.0,1
0.18375,0.31500000000000006,0.0,1
0.18375,0.31625000000000003,0.0,1
0.1825,0.3175,0.0,1
0.1825,0.31875000000000003,0.0,1
0.18375,0.32000000000000006,0.0,1
0.18375,0.32125000000000004,0.0,1
0.18375,0.3225,0.0,1
0.185,0.32375000000000004,0.0,1
0.185,0.32500000000000007,0.0,1
0.18625,0.32625000000000004,0.0,1
0.18625,0.3275,0.0,1
0.1875,0.32875000000000004,0.0,1
0.1875,0.33000000000000007,0.0,1
0.18875,0.33125000000000004,0.0,1
0.18875,0.3325,0.0,1
0.19,0.33375000000000005,0.0,1
0.19,0.3350000000000001,0.0,1
0.19125,0.33625000000000005,0.0,1
0.19125,0.3375,0.0,1
0.1925,0.33875000000000005,0.0,1
0.1925,0.3400000000000001,0.0,1
0.19375,0.34125000000000005,0.0,1
0.19375,0.3425,0.0,1
0.19499999999999998,0.34375,0.0,1
0.19624999999999998,0.34500000000000003,0.0,1
0.19624999999999998,0.34625000000000006,0.0,1
0.19624999999999998,0.34750000000000003,0.0,1
0.19749999999999998,0.34875,0.0,1
0.19749999999999998,0.35000000000000003,0.0,1
0.19874999999999998,0.35125000000000006,0.0,1
0.19874999999999998,0.35250000000000004,0.0,1
0.19874999999999998,0.35375,0.0,1
0.19874999999999998,0.35500000000000004,0.0,1
0.19874999999999998,0.35625000000000007,0.0,1
0.19874999999999998,0.35750000000000004,0.0,1
0.19874999999999998,0.35875,0.0,1
0.19874999999999998,0.36000000000000004,0.0,1
0.19874999999999998,0.36125000000000007,0.0,1
0.19874999999999998,0.36250000000000004,0.0,1
0.19874999999999998,0.36375,0.0,1
0.19874999999999998,0.36500000000000005,0.0,1
0.19874999999999998,0.3662500000000001,0.0,1
0.19874999999999998,0.36750000000000005,0.0,1
0.19874999999999998,0.36875,0.0,1
0.19874999999999998,0.37000000000000005,0.0,1
0.19874999999999998,0.3712500000000001,0.0,1
0.19874999999999998,0.37250000000000005,0.0,1
0.19874999999999998,0.37375,0.0,1
0.19874999999999998,0.375,0.0,1
0.19874999999999998,0.37625000000000003,0.0,1
0.19874999999999998,0.37750000000000006,0.0,1
0.19874999999999998,0.37875000000000003,0.0,1
0.19874999999999998,0.38,0.0,1
0.19874999999999998,0.38125000000000003,0.0,1
0.19874999999999998,0.38250000000000006,0.0,1
0.19874999999999998,0.38375000000000004,0.0,1
0.19874999999999998,0.385,0.0,1
0.19874999999999998,0.38625000000000004,0.0,1
0.19874999999999998,0.38750000000000007,0.0,1
0.19999999999999998,0.38875000000000004,0.0,1
0.19999999999999998,0.39,0.0,1
0.19999999999999998,0.39125000000000004,0.0,1
0.19999999999999998,0.39250000000000007,0.0,1
0.19999999999999998,0.39375000000000004,0.0,1
0.19999999999999998,0.395,0.0,1
0.20124999999999998,0.39625000000000005,0.0,1
0.20124999999999998,0.3975000000000001,0.0,1
0.20124999999999998,0.39875000000000005,0.0,1
0.20124999999999998,0.4,0.0,1
0.20124999999999998,0.40125000000000005,0.0,1
0.20249999999999999,0.4025000000000001,0.0,1
0.20249999999999999,0.40375000000000005,0.0,1
0.20249999999999999,0.405,0.0,1
0.20375,0.40625,0.0,1
0.20375,0.40750000000000003,0.0,1
0.20375,0.40875000000000006,0.0,1
0.205,0.41000000000000003,0.0,1
0.205,0.41125,0.0,1
0.205,0.41250000000000003,0.0,1
0.20625,0.41375000000000006,0.0,1
0.20625,0.41500000000000004,0.0,1
0.2075,0.41625,0.0,1
0.2075,0.41750000000000004,0.0,1
0.20875,0.41875000000000007,0.0,1
0.20875,0.42000000000000004,0.0,1
0.21,0.42125,0.0,1
0.21,0.42250000000000004,0.0,1
0.21125,0.42375000000000007,0.0,1
0.21125,0.42500000000000004,0.0,1
0.2125,0.42625,0.0,1
0.21375,0.42750000000000005,0.0,1
0.21375,0.4287500000000001,0.0,1
0.215,0.43000000000000005,0.0,1
0.21625,0.43125,0.0,1
0.21625,0.43250000000000005,0.0,1
0.2175,0.43375,0.0,1
0.21875,0.43500000000000005,0.0,1
0.22,0.43625,0.0,1
0.22,0.43750000000000006,0.0,1
0.22125,0.43875000000000003,0.0,1
0.2225,0.44000000000000006,0.0,1
0.22375,0.44125000000000003,0.0,1
0.225,0.44250000000000006,0.0,1
0.22624999999999998,0.44375000000000003,0.0,1
0.22749999999999998,0.44500000000000006,0.0,1
0.22874999999999998,0.44625000000000004,0.0,1
0.22999999999999998,0.4475,0.0,1
0.23124999999999998,0.44875000000000004,0.0,1
0.23249999999999998,0.45000000000000007,0.0,1
0.23374999999999999,0.45000000000000007,0.0,1
0.235,0.45125000000000004,0.0,1
0.23625,0.4525,0.0,1
0.2375,0.45375000000000004,0.0,1
0.23875,0.45500000000000007,0.0,1
0.24,0.45500000000000007,0.0,1
0.24125,0.45625000000000004,0.0,1
0.2425,0.4575,0.0,1
0.24375,0.4575,0.0,1
0.245,0.45875000000000005,0.0,1
0.24625,0.45875000000000005,0.0,1
0.2475,0.4600000000000001,0.0,1
0.24875,0.46125000000000005,0.0,1
0.25,0.46125000000000005,0.0,1
0.25125,0.4625,0.0,1
0.2525,0.4625,0.0,1
0.25375000000000003,0.46375000000000005,0.0,1
0.255,0.46375000000000005,0.0,1
0.25625,0.465,0.0,1
0.2575,0.465,0.0,1
0.25875,0.46625000000000005,0.0,1
0.26,0.46625000000000005,0.0,1
0.26125,0.46625000000000005,0.0,1
0.26249999999999996,0.46625000000000005,0.0,1
0.26375,0.4675,0.0,1
0.265,0.4675,0.0,1
0.26625,0.4675,0.0,1
0.26749999999999996,0.46875000000000006,0.0,1
0.26875,0.46875000000000006,0.0,1
0.27,0.46875000000000006,0.0,1
0.27125,0.46875000000000006,0.0,1
0.27249999999999996,0.47000000000000003,0.0,1
0.27375,0.47000000000000003,0.0,1
0.275,0.47000000000000003,0.0,1
0.27625,0.47000000000000003,0.0,1
0.27749999999999997,0.47000000000000003,0.0,1
0.27875,0.47000000000000003,0.0,1
0.28,0.47000000000000003,0.0,1
0.28125,0.47125000000000006,0.0,1
0.2825,0.47125000000000006,0.0,1
0.28375,0.47125000000000006,0.0,1
0.28500000000000003,0.47125000000000006,0.0,1
0.28625,0.47125000000000006,0.0,1
0.2875,0.47125000000000006,0.0,1
0.28875,0.47000000000000003,0.0,1
0.29,0.47000000000000003,0.0,1
0.29125,0.46875000000000006,0.0,1
0.29125,0.4675,0.0,1
0.29125,0.46625000000000005,0.0,1
0.2925,0.465,0.0,1
0.2925,0.46375000000000005,0.0,1
0.2925,0.4625,0.0,1
0.2925,0.46125000000000005,0.0,1
0.2925,0.4600000000000001,0.0,1
0.2925,0.45875000000000005,0.0,1
0.2925,0.4575,0.0,1
0.2925,0.45625000000000004,0.0,1
0.2925,0.45500000000000007,0.0,1
0.2925,0.45375000000000004,0.0,1
0.2925,0.4525,0.0,1
0.2925,0.45125000000000004,0.0,1
0.2925,0.45000000000000007,0.0,1
0.2925,0.44875000000000004,0.0,1
0.2925,0.4475,0.0,1
0.2925,0.44625000000000004,0.0,1
0.29374999999999996,0.44500000000000006,0.0,1
0.295,0.44500000000000006,0.0,1
0.29625,0.44375000000000003,0.0,1
0.2975,0.44375000000000003,0.0,1
0.29874999999999996,0.44375000000000003,0.0,1
0.3,0.44375000000000003,0.0,1
0.30125,0.44375000000000003,0.0,1
0.3025,0.44375000000000003,0.0,1
0.30375,0.44250000000000006,0.0,1
0.305,0.44250000000000006,0.0,1
0.30624999999999997,0.44250000000000006,0.0,1
0.3075,0.44250000000000006,0.0,1
0.30874999999999997,0.44125000000000003,0.0,1
0.31,0.44125000000000003,0.0,1
0.31124999999999997,0.44125000000000003,0.0,1
0.3125,0.44000000000000006,0.0,1
0.31375,0.44000000000000006,0.0,1
0.315,0.44000000000000006,0.0,1
0.31625,0.43875000000000003,0.0,1
0.3175,0.43875000000000003,0.0,1
0.31875,0.43750000000000006,0.0,1
0.32,0.43750000000000006,0.0,1
0.32125,0.43625,0.0,1
0.3225,0.43625,0.0,1
0.32375,0.43500000000000005,0.0,1
0.325,0.43375,0.0,1
0.32625,0.43375,0.0,1
0.3275,0.43250000000000005,0.0,1
0.32875,0.43125,0.0,1
0.33,0.43000000000000005,0.0,1
0.33125,0.43000000000000005,0.0,1
0.3325,0.4287500000000001,0.0,1
0.33375,0.42750000000000005,0.0,1
0.335,0.42625,0.0,1
0.33625,0.42500000000000004,0.0,1
0.3375,0.42375000000000007,0.0,1
0.33875,0.42250000000000004,0.0,1
0.33999999999999997,0.42125,0.0,1
0.34125,0.42000000000000004,0.0,1
0.34249999999999997,0.41875000000000007,0.0,1
0.34249999999999997,0.41750000000000004,0.0,1
0.34375,0.41625,0.0,1
0.345,0.41500000000000004,0.0,1
0.345,0.41375000000000006,0.0,1
0.34625,0.41250000000000003,0.0,1
0.3475,0.41125,0.0,1
0.3475,0.41000000000000003,0.0,1
0.34875,0.40875000000000006,0.0,1
0.34875,0.40750000000000003,0.0,1
0.35,0.40625,0.0,1
0.35,0.405,0.0,1
0.35125,0.40375000000000005,0.0,1
0.35125,0.4025000000000001,0.0,1
0.3525,0.40125000000000005,0.0,1
0.3525,0.4,0.0,1
0.3525,0.39875000000000005,0.0,1
0.35375,0.3975000000000001,0.0,1
0.35375,0.39625000000000005,0.0,1
0.35375,0.395,0.0,1
0.35375,0.39375000000000004,0.0,1
0.355,0.39250000000000007,0.0,1
0.355,0.39125000000000004,0.0,1
0.355,0.39,0.0,1
0.355,0.38875000000000004,0.0,1
0.355,0.38750000000000007,0.0,1
0.355,0.38625000000000004,0.0,1
0.355,0.385,0.0,1
0.35625,0.38375000000000004,0.0,1
0.35625,0.38250000000000006,0.0,1
0.35625,0.38125000000000003,0.0,1
0.35625,0.38,0.0,1
0.35625,0.37875000000000003,0.0,1
0.35625,0.37750000000000006,0.0,1
0.35625,0.37625000000000003,0.0,1
0.35625,0.375,0.0,1
0.35625,0.37375,0.0,1
0.35625,0.37250000000000005,0.0,1
0.355,0.3712500000000001,0.0,1
0.355,0.37000000000000005,0.0,1
0.355,0.36875,0.0,1
0.355,0.36750000000000005,0.0,1
0.355,0.3662500000000001,0.0,1
0.355,0.36500000000000005,0.0,1
0.35375,0.36375,0.0,1
0.35375,0.36250000000000004,0.0,1
0.35375,0.36125000000000007,0.0,1
0.3525,0.36000000000000004,0.0,1
0.3525,0.35875,0.0,1
0.3525,0.35750000000000004,0.0,1
0.35125,0.35625000000000007,0.0,1
0.35125,0.35500000000000004,0.0,1
0.35125,0.35375,0.0,1
0.35,0.35250000000000004,0.0,1
0.35,0.35125000000000006,0.0,1
0.35,0.35000000000000003,0.0,1
0.34875,0.34875,0.0,1
0.34875,0.34750000000000003,0.0,1
0.3475,0.34625000000000006,0.0,1
0.34625,0.34500000000000003,0.0,1
0.34625,0.34375,0.0,1
0.345,0.3425,0.0,1
0.345,0.34125000000000005,0.0,1
0.34375,0.3400000000000001,0.0,1
0.34249999999999997,0.33875000000000005,0.0,1
0.34125,0.3375,0.0,1
0.33999999999999997,0.33625000000000005,0.0,1
0.33999999999999997,0.3350000000000001,0.0,1
0.33875,0.33375000000000005,0.0,1
0.3375,0.3325,0.0,1
0.33625,0.33125000000000004,0.0,1
0.335,0.33000000000000007,0.0,1
0.33375,0.33000000000000007,0.0,1
0.3325,0.32875000000000004,0.0,1
0.33125,0.3275,0.0,1
0.33,0.32625000000000004,0.0,1
0.32875,0.32500000000000007,0.0,1
0.3275,0.32500000000000007,0.0,1
0.32625,0.32375000000000004,0.0,1
0.325,0.3225,0.0,1
0.32375,0.3225,0.0,1
0.3225,0.32125000000000004,0.0,1
0.32125,0.32125000000000004,0.0,1
0.32,0.32000000000000006,0.0,1
0.31875,0.32000000000000006,0.0,1
0.3175,0.32000000000000006,0.0,1
0.31625,0.31875000000000003,0.0,1
0.315,0.31875000000000003,0.0,1
0.31375,0.3175,0.0,1
0.3125,0.3175,0.0,1
0.31124999999999997,0.3175,0.0,1
0.31,0.31625000000000003,0.0,1
0.30874999999999997,0.31625000000000003,0.0,1
0.3075,0.31625000000000003,0.0,1
0.30624999999999997,0.31625000000000003,0.0,1
0.305,0.31500000000000006,0.0,1
0.30375,0.31500000000000006,0.0,1
0.3025,0.31500000000000006,0.0,1
0.30125,0.31500000000000006,0.0,1
0.3,0.31375000000000003,0.0,1
0.29874999999999996,0.31375000000000003,0.0,1
0.2975,0.31375000000000003,0.0,1
0.29625,0.31375000000000003,0.0,1
0.295,0.3125,0.0,1
0.29374999999999996,0.31125,0.0,1
0.2925,0.31000000000000005,0.0,1
0.2925,0.3087500000000001,0.0,1
0.2925,0.30750000000000005,0.0,1
0.2925,0.30625,0.0,1
0.2925,0.30500000000000005,0.0,1
0.2925,0.3037500000000001,0.0,1
0.2925,0.30250000000000005,0.0,1
0.2925,0.30125,0.0,1
0.2925,0.30000000000000004,0.0,1
0.2925,0.29875,0.0,1
0.2925,0.29750000000000004,0.0,1
0.2925,0.29625,0.0,1
0.2925,0.29500000000000004,0.0,1
0.2925,0.29375000000000007,0.0,1
0.2925,0.29250000000000004,0.0,1
0.2925,0.29125000000000006,0.0,1
0.2925,0.29000000000000004,0.0,1
0.2925,0.28875000000000006,0.0,1
0.2925,0.28750000000000003,0.0,1
0.2925,0.28625000000000006,0.0,1
0.2925,0.28500000000000003,0.0,1
0.2925,0.28375000000000006,0.0,1
0.2925,0.28250000000000003,0.0,1
0.2925,0.28125000000000006,0.0,1
0.2925,0.28,0.0,1
0.2925,0.27875000000000005,0.0,1
0.2925,0.2775,0.0,1
0.2925,0.27625000000000005,0.0,1
0.2925,0.275,0.0,1
0.2925,0.27375000000000005,0.0,1
0.2925,0.2725,0.0,1
0.2925,0.27125000000000005,0.0,1
0.2925,0.27,0.0,1
0.2925,0.26875000000000004,0.0,1
0.2925,0.2675,0.0,1
0.2925,0.26625000000000004,0.0,1
0.2925,0.265,0.0,1
0.2925,0.26375000000000004,0.0,1
0.2925,0.2625,0.0,1
0.2925,0.26125000000000004,0.0,1
0.2925,0.26000000000000006,0.0,1
0.2925,0.25875000000000004,0.0,1
0.2925,0.25750000000000006,0.0,1
0.2925,0.25625000000000003,0.0,1
0.2925,0.25500000000000006,0.0,1
0.2925,0.25375000000000003,0.0,1
0.2925,0.25250000000000006,0.0,1
0.2925,0.25125000000000003,0.0,1
0.2925,0.25000000000000006,0.0,1
0.2925,0.24875000000000003,0.0,1
0.2925,0.24750000000000005,0.0,1
0.2925,0.24625000000000002,0.0,1
0.2925,0.24500000000000005,0.0,1
0.2925,0.24375000000000002,0.0,1
0.2925,0.24250000000000005,0.0,1
0.2925,0.24125000000000002,0.0,1
0.2925,0.24000000000000005,0.0,1
0.2925,0.23875000000000002,0.0,1
0.2925,0.23750000000000004,0.0,1
0.2925,0.23625000000000002,0.0,1
0.2925,0.23500000000000004,0.0,1
0.2925,0.23375,0.0,1
0.2925,0.23250000000000004,0.0,1
0.2925,0.23125,0.0,1
0.2925,0.23000000000000004,0.0,1
0.2925,0.22875000000000006,0.0,1
0.2925,0.22750000000000004,0.0,1
0.2925,0.22625000000000006,0.0,1
0.2925,0.22500000000000003,0.0,1
0.2925,0.22375000000000006,0.0,1
0.2925,0.22250000000000003,0.0,1
0.2925,0.22125000000000006,0.0,1
0.2925,0.22000000000000003,0.0,1
0.2925,0.21875000000000006,0.0,1
0.2925,0.21750000000000003,0.0,1
0.2925,0.21625000000000005,0.0,1
0.2925,0.21500000000000002,0.0,1
0.2925,0.21375000000000005,0.0,1
0.2925,0.21250000000000002,0.0,1
0.2925,0.21125000000000005,0.0,1
0.2925,0.21000000000000002,0.0,1
0.2925,0.21125000000000005,0.0,1
0.2925,0.21250000000000002,0.0,1
0.2925,0.21375000000000005,0.0,1
0.2925,0.21500000000000002,0.0,1
0.2925,0.21625000000000005,0.0,1
0.2925,0.21750000000000003,0.0,1
0.2925,0.21875000000000006,0.0,1
0.2925,0.22000000000000003,0.0,1
0.2925,0.22125000000000006,0.0,1
0.2925,0.22250000000000003,0.0,1
0.2925,0.22375000000000006,0.0,1
0.2925,0.22500000000000003,0.0,1
0.2925,0.22625000000000006,0.0,1
0.2925,0.22750000000000004,0.0,1
0.2925,0.22875000000000006,0.0,1
0.2925,0.23000000000000004,0.0,1
0.2925,0.23125,0.0,1
0.2925,0.23250000000000004,0.0,1
0.2925,0.23375,0.0,1
0.2925,0.23500000000000004,0.0,1
0.2925,0.23625000000000002,0.0,1
0.2925,0.23750000000000004,0.0,1
0.2925,0.23875000000000002,0.0,1
0.2925,0.24000000000000005,0.0,1
0.2925,0.24125000000000002,0.0,1
0.2925,0.24250000000000005,0.0,1
0.2925,0.24375000000000002,0.0,1
0.2925,0.24500000000000005,0.0,1
0.2925,0.24625000000000002,0.0,1
0.2925,0.24750000000000005,0.0,1
0.2925,0.24875000000000003,0.0,1
0.2925,0.25000000000000006,0.0,1
0.2925,0.25125000000000003,0.0,1
0.2925,0.25250000000000006,0.0,1
0.2925,0.25375000000000003,0.0,1
0.2925,0.25500000000000006,0.0,1
0.2925,0.25625000000000003,0.0,1
0.2925,0.25750000000000006,0.0,1
0.2925,0.25875000000000004,0.0,1
0.2925,0.26000000000000006,0.0,1
0.2925,0.26125000000000004,0.0,1
0.2925,0.2625,0.0,1
0.2925,0.26375000000000004,0.0,1
0.2925,0.265,0.0,1
0.2925,0.26625000000000004,0.0,1
0.2925,0.2675,0.0,1
0.2925,0.26875000000000004,0.0,1
0.2925,0.27,0.0,1
0.2925,0.27125000000000005,0.0,1
0.2925,0.2725,0.0,1
0.2925,0.27375000000000005,0.0,1
0.2925,0.275,0.0,1
0.2925,0.27625000000000005,0.0,1
0.2925,0.2775,0.0,1
0.2925,0.27875000000000005,0.0,1
0.2925,0.28,0.0,1
0.2925,0.28125000000000006,0.0,1
0.2925,0.28250000000000003,0.0,1
0.2925,0.28375000000000006,0.0,1
0.2925,0.28500000000000003,0.0,1
0.2925,0.28625000000000006,0.0,1
0.2925,0.28750000000000003,0.0,1
0.2925,0.28875000000000006,0.0,1
0.2925,0.29000000000000004,0.0,1
0.2925,0.29125000000000006,0.0,1
0.2925,0.29250000000000004,0.0,1
0.2925,0.29375000000000007,0.0,1
0.2925,0.29500000000000004,0.0,1
0.2925,0.29625,0.0,1
0.2925,0.29750000000000004,0.0,1
0.2925,0.29875,0.0,1
0.2925,0.30000000000000004,0.0,1
0.2925,0.30125,0.0,1
0.2925,0.30250000000000005,0.0,1
0.2925,0.3037500000000001,0.0,1
0.2925,0.30500000000000005,0.0,1
0.2925,0.30625,0.0,1
0.2925,0.30750000000000005,0.0,1
0.2925,0.3087500000000001,0.0,1
0.2925,0.31000000000000005,0.0,1
0.29374999999999996,0.31125,0.0,1
0.295,0.3125,0.0,1
0.29625,0.31375000000000003,0.0,1
0.2975,0.31375000000000003,0.0,1
0.29874999999999996,0.31375000000000003,0.0,1
0.3,0.31375000000000003,0.0,1
0.30125,0.31500000000000006,0.0,1
0.3025,0.31500000000000006,0.0,1
0.30375,0.31500000000000006,0.0,1
0.305,0.31500000000000006,0.0,1
0.30624999999999997,0.31625000000000003,0.0,1
0.3075,0.31625000000000003,0.0,1
0.30874999999999997,0.31625000000000003,0.0,1
0.31,0.31625000000000003,0.0,1
0.31124999999999997,0.3175,0.0,1
0.3125,0.3175,0.0,1
0.31375,0.3175,0.0,1
0.315,0.31875000000000003,0.0,1
0.31625,0.31875000000000003,0.0,1
0.3175,0.32000000000000006,0.0,1
0.31875,0.32000000000000006,0.0,1
0.32,0.32000000000000006,0.0,1
0.32125,0.32125000000000004,0.0,1
0.3225,0.32125000000000004,0.0,1
0.32375,0.3225,0.0,1
0.325,0.3225,0.0,1
0.32625,0.32375000000000004,0.0,1
0.3275,0.32500000000000007,0.0,1
0.32875,0.32500000000000007,0.0,1
0.33,0.32625000000000004,0.0,1
0.33125,0.3275,0.0,1
0.3325,0.32875000000000004,0.0,1
0.33375,0.33000000000000007,0.0,1
0.335,0.33000000000000007,0.0,1
0.33625,0.33125000000000004,0.0,1
0.3375,0.3325,0.0,1
0.33875,0.33375000000000005,0.0,1
0.33999999999999997,0.3350000000000001,0.0,1
0.33999999999999997,0.33625000000000005,0.0,1
0.34125,0.3375,0.0,1
0.34249999999999997,0.33875000000000005,0.0,1
0.34375,0.3400000000000001,0.0,1
0.345,0.34125000000000005,0.0,1
0.345,0.3425,0.0,1
0.34625,0.34375,0.0,1
0.34625,0.34500000000000003,0.0,1
0.3475,0.34625000000000006,0.0,1
0.34875,0.34750000000000003,0.0,1
0.34875,0.34875,0.0,1
0.35,0.35000000000000003,0.0,1
0.35,0.35125000000000006,0.0,1
0.35,0.35250000000000004,0.0,1
0.35125,0.35375,0.0,1
0.35125,0.35500000000000004,0.0,1
0.35125,0.35625000000000007,0.0,1
0.3525,0.35750000000000004,0.0,1
0.3525,0.35875,0.0,1
0.3525,0.36000000000000004,0.0,1
0.35375,0.36125000000000007,0.0,1
0.35375,0.36250000000000004,0.0,1
0.35375,0.36375,0.0,1
0.355,0.36500000000000005,0.0,1
0.355,0.3662500000000001,0.0,1
0.355,0.36750000000000005,0.0,1
0.355,0.36875,0.0,1
0.355,0.37000000000000005,0.0,1
0.355,0.3712500000000001,0.0,1
0.35625,0.37250000000000005,0.0,1
0.35625,0.37375,0.0,1
0.35625,0.375,0.0,1
0.35625,0.37625000000000003,0.0,1
0.35625,0.37750000000000006,0.0,1
0.35625,0.37875000000000003,0.0,1
0.35625,0.38,0.0,1
0.35625,0.38125000000000003,0.0,1
0.35625,0.38250000000000006,0.0,1
0.35625,0.38375000000000004,0.0,1
0.355,0.385,0.0,1
0.355,0.38625000000000004,0.0,1
0.355,0.38750000000000007,0.0,1
0.355,0.38875000000000004,0.0,1
0.355,0.39,0.0,1
0.355,0.39125000000000004,0.0,1
0.355,0.39250000000000007,0.0,1
0.35375,0.39375000000000004,0.0,1
0.35375,0.395,0.0,1
0.35375,0.39625000000000005,0.0,1
0.35375,0.3975000000000001,0.0,1
0.3525,0.39875000000000005,0.0,1
0.3525,0.4,0.0,1
0.3525,0.40125000000000005,0.0,1
0.35125,0.4025000000000001,0.0,1
0.35125,0.40375000000000005,0.0,1
0.35,0.405,0.0,1
0.35,0.40625,0.0,1
0.34875,0.40750000000000003,0.0,1
0.34875,0.40875000000000006,0.0,1
0.3475,0.41000000000000003,0.0,1
0.3475,0.41125,0.0,1
0.34625,0.41250000000000003,0.0,1
0.345,0.41375000000000006,0.0,1
0.345,0.41500000000000004,0.0,1
0.34375,0.41625,0.0,1
0.34249999999999997,0.41750000000000004,0.0,1
0.34249999999999997,0.41875000000000007,0.0,1
0.34125,0.42000000000000004,0.0,1
0.33999999999999997,0.42125,0.0,1
0.33875,0.42250000000000004,0.0,1
0.3375,0.42375000000000007,0.0,1
0.33625,0.42500000000000004,0.0,1
0.335,0.42625,0.0,1
0.33375,0.42750000000000005,0.0,1
0.3325,0.4287500000000001,0.0,1
0.33125,0.43000000000000005,0.0,1
0.33,0.43000000000000005,0.0,1
0.32875,0.43125,0.0,1
0.3275,0.43250000000000005,0.0,1
0.32625,0.43375,0.0,1
0.325,0.43375,0.0,1
0.32375,0.43500000000000005,0.0,1
0.3225,0.43625,0.0,1
0.32125,0.43625,0.0,1
0.32,0.43750000000000006,0.0,1
0.31875,0.43750000000000006,0.0,1
0.3175,0.43875000000000003,0.0,1
0.31625,0.43875000000000003,0.0,1
0.315,0.44000000000000006,0.0,1
0.31375,0.44000000000000006,0.0,1
0.3125,0.44000000000000006,0.0,1
0.31124999999999997,0.44125000000000003,0.0,1
0.31,0.44125000000000003,0.0,1
0.30874999999999997,0.44125000000000003,0.0,1
0.3075,0.44250000000000006,0.0,1
0.30624999999999997,0.44250000000000006,0.0,1
0.305,0.44250000000000006,0.0,1
0.30375,0.44250000000000006,0.0,1
0.3025,0.44375000000000003,0.0,1
0.30125,0.44375000000000003,0.0,1
0.3,0.44375000000000003,0.0,1
0.29874999999999996,0.44375000000000003,0.0,1
0.2975,0.44375000000000003,0.0,1
0.29625,0.44375000000000003,0.0,1
0.295,0.44500000000000006,0.0,1
0.29374999999999996,0.44500000000000006,0.0,1
0.2925,0.44625000000000004,0.0,1
0.2925,0.4475,0.0,1
0.2925,0.44875000000000004,0.0,1
0.2925,0.45000000000000007,0.0,1
0.2925,0.45125000000000004,0.0,1
0.2925,0.4525,0.0,1
0.2925,0.45375000000000004,0.0,1
0.2925,0.45500000000000007,0.0,1
0.2925,0.45625000000000004,0.0,1
0.2925,0.4575,0.0,1
0.2925,0.45875000000000005,0.0,1
0.2925,0.4600000000000001,0.0,1
0.2925,0.46125000000000005,0.0,1
0.2925,0.4625,0.0,1
0.2925,0.46375000000000005,0.0,1
0.2925,0.465,0.0,1
0.29125,0.46625000000000005,0.0,1
0.29125,0.4675,0.0,1
0.29125,0.46875000000000006,0.0,1
0.29,0.47000000000000003,0.0,1
0.28875,0.47000000000000003,0.0,1
0.2875,0.47125000000000006,0.0,1
0.28625,0.47125000000000006,0.0,1
0.28500000000000003,0.47125000000000006,0.0,1
0.28375,0.47125000000000006,0.0,1
0.2825,0.47125000000000006,0.0,1
0.2825,0.47125000000000006,0.05,0
